Dyad,Player,Raza,Stage,Round,Contador,Perro,Rotulo,suposicion,Recibido,Kind,Correctitud
45981-38174,38174543864515,terrier,2,2,1,Perro1,D,Nada,Si,D,1.0
45981-38174,38174543864515,terrier,2,2,2,Perro5,B,Nada,Si,B,1.0
45981-38174,459819203408978,hound,2,2,1,Perro4,C,Nada,Si,A,0.0
45981-38174,459819203408978,hound,2,3,1,Perro1,A,Nada,Si,A,1.0
45981-38174,459819203408978,hound,2,3,2,Perro2,C,Nada,Si,C,1.0
45981-38174,38174543864515,terrier,2,4,1,Perro3,D,Nada,No,B,1.0
45981-38174,459819203408978,hound,2,5,1,Perro2,A,Nada,No,C,1.0
45981-38174,459819203408978,hound,2,5,2,Perro4,A,A,No,C,1.0
45981-38174,38174543864515,terrier,2,5,1,Perro3,D,D,Si,D,1.0
45981-38174,38174543864515,terrier,2,5,2,Perro5,B,B,Si,B,1.0
45981-38174,38174543864515,terrier,2,6,1,Perro4,D,Nada,Si,D,1.0
45981-38174,459819203408978,hound,2,6,1,Perro3,A,Nada,Si,A,1.0
45981-38174,38174543864515,terrier,2,7,1,Perro3,B,Nada,Si,B,1.0
45981-38174,38174543864515,terrier,2,7,2,Perro5,A,Nada,No,D,1.0
45981-38174,459819203408978,hound,2,8,1,Perro5,C,Nada,Si,A,0.0
45981-38174,459819203408978,hound,2,8,2,Perro3,C,C,Si,C,1.0
45981-38174,38174543864515,terrier,2,8,1,Perro1,D,D,Si,D,1.0
45981-38174,38174543864515,terrier,2,8,2,Perro4,D,D,No,B,1.0
45981-38174,38174543864515,terrier,2,8,3,Perro2,D,D,Si,D,1.0
45981-38174,38174543864515,terrier,2,9,1,Perro2,B,Nada,Si,B,1.0
45981-38174,38174543864515,terrier,2,9,2,Perro1,B,Nada,Si,B,1.0
45981-38174,459819203408978,hound,2,9,1,Perro5,C,Nada,Si,C,1.0
45981-38174,38174543864515,terrier,2,10,1,Perro1,D,Nada,Si,D,1.0
45981-38174,38174543864515,terrier,2,10,2,Perro2,D,Nada,Si,D,1.0
45981-38174,38174543864515,terrier,2,10,3,Perro3,B,Nada,Si,B,1.0
45981-38174,38174543864515,terrier,2,10,4,Perro4,D,Nada,Si,D,1.0
45981-38174,38174543864515,terrier,2,10,5,Perro5,B,Nada,Si,D,0.0
45981-38174,38174543864515,terrier,2,11,1,Perro4,B,D,No,D,1.0
45981-38174,38174543864515,terrier,2,11,2,Perro3,D,D,Si,D,1.0
45981-38174,459819203408978,hound,2,11,1,Perro5,A,A,Si,A,1.0
45981-38174,459819203408978,hound,2,11,2,Perro1,A,A,Si,A,1.0
45981-38174,38174543864515,terrier,2,12,1,Perro3,B,B,Si,B,1.0
45981-38174,38174543864515,terrier,2,12,2,Perro4,B,Nada,Si,B,1.0
45981-38174,38174543864515,terrier,2,12,3,Perro5,D,Nada,Si,D,1.0
45981-38174,459819203408978,hound,2,12,1,Perro2,C,Nada,No,A,1.0
45981-38174,459819203408978,hound,2,12,2,Perro1,A,A,Si,A,1.0
45981-38174,38174543864515,terrier,2,13,1,Perro3,B,Nada,Si,B,1.0
45981-38174,38174543864515,terrier,2,13,2,Perro4,D,Nada,Si,D,1.0
45981-38174,459819203408978,hound,2,13,1,Perro1,A,A,Si,A,1.0
45981-38174,459819203408978,hound,2,13,2,Perro5,C,C,Si,C,1.0
45981-38174,38174543864515,terrier,2,14,1,Perro3,D,D,Si,D,1.0
45981-38174,459819203408978,hound,2,14,1,Perro1,A,A,Si,A,1.0
45981-38174,38174543864515,terrier,2,14,2,Perro5,B,B,Si,B,1.0
45981-38174,38174543864515,terrier,2,14,3,Perro4,D,D,Si,D,1.0
45981-38174,459819203408978,hound,2,14,2,Perro2,A,A,Si,A,1.0
45981-38174,459819203408978,hound,2,15,1,Perro4,A,Nada,No,C,1.0
45981-38174,38174543864515,terrier,2,15,1,Perro3,D,D,Si,D,1.0
45981-38174,38174543864515,terrier,2,15,2,Perro5,B,B,Si,B,1.0
45981-38174,459819203408978,hound,2,15,2,Perro2,A,A,No,C,1.0
45981-38174,459819203408978,hound,2,15,3,Perro1,A,A,Si,A,1.0
45981-38174,459819203408978,hound,2,16,1,Perro4,A,Nada,Si,A,1.0
45981-38174,459819203408978,hound,2,16,2,Perro5,C,Nada,No,A,1.0
45981-38174,38174543864515,terrier,2,16,1,Perro3,B,B,Si,B,1.0
45981-38174,459819203408978,hound,2,16,3,Perro1,A,Nada,No se,A,0.0
45981-38174,459819203408978,hound,2,16,4,Perro2,A,Nada,No,C,1.0
45981-38174,459819203408978,hound,2,17,1,Perro4,A,Nada,Si,A,1.0
45981-38174,38174543864515,terrier,2,17,1,Perro5,D,D,Si,D,1.0
45981-38174,38174543864515,terrier,2,17,2,Perro3,D,D,Si,D,1.0
45981-38174,38174543864515,terrier,2,17,3,Perro2,D,D,Si,D,1.0
45981-38174,459819203408978,hound,2,17,2,Perro1,A,Nada,No,C,1.0
45981-38174,459819203408978,hound,2,18,1,Perro2,A,Nada,Si,A,1.0
45981-38174,459819203408978,hound,2,18,2,Perro3,C,C,Si,C,1.0
45981-38174,38174543864515,terrier,2,18,1,Perro4,B,B,Si,B,1.0
45981-38174,38174543864515,terrier,2,18,2,Perro1,B,B,Si,B,1.0
45981-38174,459819203408978,hound,2,20,1,Perro2,C,C,Si,C,1.0
45981-38174,38174543864515,terrier,2,20,1,Perro4,D,D,Si,D,1.0
45981-38174,38174543864515,terrier,2,20,2,Perro1,B,B,Si,B,1.0
45981-38174,459819203408978,hound,2,20,2,Perro3,C,C,Si,C,1.0
45981-38174,459819203408978,hound,2,21,1,Perro4,C,Nada,Si,C,1.0
45981-38174,38174543864515,terrier,2,21,1,Perro5,B,B,Si,B,1.0
45981-38174,38174543864515,terrier,2,21,2,Perro2,D,D,Si,D,1.0
45981-38174,459819203408978,hound,2,22,1,Perro5,C,Nada,Si,C,1.0
45981-38174,38174543864515,terrier,2,22,1,Perro1,B,B,Si,B,1.0
45981-38174,459819203408978,hound,2,23,1,Perro4,A,Nada,Si,A,1.0
45981-38174,459819203408978,hound,2,23,2,Perro1,A,A,Si,A,1.0
45981-38174,38174543864515,terrier,2,23,1,Perro3,D,D,Si,D,1.0
45981-38174,459819203408978,hound,2,24,1,Perro5,A,Nada,Si,C,0.0
45981-38174,38174543864515,terrier,2,24,1,Perro1,B,B,Si,B,1.0
13761-83580,835804561913525,hound,2,1,1,Perro1,C,C,No,A,1.0
13761-83580,835804561913525,hound,2,1,2,Perro1,A,C,Si,A,1.0
13761-83580,137619579400459,terrier,2,1,1,Perro2,D,Nada,Si,D,1.0
13761-83580,137619579400459,terrier,2,2,1,Perro2,B,Nada,Si,B,1.0
13761-83580,137619579400459,terrier,2,2,2,Perro3,D,Nada,No,B,1.0
13761-83580,835804561913525,hound,2,2,1,Perro5,C,C,Si,C,1.0
13761-83580,835804561913525,hound,2,4,1,Perro2,A,A,No,C,1.0
13761-83580,137619579400459,terrier,2,4,1,Perro1,D,Nada,No,B,1.0
13761-83580,137619579400459,terrier,2,5,1,Perro2,D,D,No,B,1.0
13761-83580,835804561913525,hound,2,5,1,Perro1,C,C,Si,C,1.0
13761-83580,137619579400459,terrier,2,6,1,Perro1,B,B,Si,B,1.0
13761-83580,835804561913525,hound,2,7,1,Perro1,A,Nada,No,A,0.0
13761-83580,137619579400459,terrier,2,7,1,Perro4,D,D,Si,D,1.0
13761-83580,835804561913525,hound,2,8,1,Perro1,C,C,Si,C,1.0
13761-83580,137619579400459,terrier,2,8,1,Perro3,B,Nada,Si,B,1.0
13761-83580,137619579400459,terrier,2,9,1,Perro4,B,B,Si,B,1.0
13761-83580,137619579400459,terrier,2,9,2,Perro2,D,D,Si,D,1.0
13761-83580,137619579400459,terrier,2,10,1,Perro2,B,D,No,D,1.0
13761-83580,835804561913525,hound,2,10,1,Perro1,D,D,No se,D,0.0
13761-83580,137619579400459,terrier,2,10,2,Perro1,D,D,-,D,0.0
13761-83580,137619579400459,terrier,2,11,1,Perro1,A,A,Si,A,1.0
13761-83580,137619579400459,terrier,2,13,1,Perro5,B,Nada,Si,B,1.0
13761-83580,835804561913525,hound,2,13,1,Perro4,C,C,No,A,1.0
13761-83580,137619579400459,terrier,2,14,1,Perro5,B,B,No,B,0.0
13761-83580,137619579400459,terrier,2,15,1,Perro5,D,D,Si,D,1.0
13761-83580,835804561913525,hound,2,16,1,Perro1,C,C,Si,C,1.0
13761-83580,137619579400459,terrier,2,17,1,Perro5,A,A,Si,A,1.0
13761-83580,835804561913525,hound,2,17,1,Perro2,A,C,Si,C,0.0
13761-83580,137619579400459,terrier,2,19,1,Perro3,B,B,Si,B,1.0
13761-83580,137619579400459,terrier,2,22,1,Perro2,A,A,-,A,0.0
13761-83580,137619579400459,terrier,2,24,1,Perro5,D,D,Si,D,1.0
13761-83580,137619579400459,terrier,2,25,1,Perro5,A,A,-,A,0.0
42404-27703,42404690668940,terrier,2,1,1,Perro4,B,Nada,Si,B,1.0
42404-27703,277030367725057,hound,2,1,1,Perro5,C,Nada,No,A,1.0
42404-27703,42404690668940,terrier,2,1,2,Perro3,B,Nada,No,D,1.0
42404-27703,42404690668940,terrier,2,1,3,Perro2,D,Nada,Si,D,1.0
42404-27703,277030367725057,hound,2,1,2,Perro5,A,A,Si,A,1.0
42404-27703,42404690668940,terrier,2,2,1,Perro5,D,Nada,Si,D,1.0
42404-27703,277030367725057,hound,2,2,1,Perro3,C,Nada,Si,C,1.0
42404-27703,42404690668940,terrier,2,2,2,Perro2,B,B,No,D,1.0
42404-27703,42404690668940,terrier,2,2,3,Perro1,D,B,No,B,1.0
42404-27703,42404690668940,terrier,2,3,1,Perro5,B,Nada,Si,B,1.0
42404-27703,277030367725057,hound,2,3,1,Perro2,A,Nada,Si,A,1.0
42404-27703,277030367725057,hound,2,3,2,Perro4,A,Nada,Si,A,1.0
42404-27703,277030367725057,hound,2,4,1,Perro2,A,Nada,No,C,1.0
42404-27703,42404690668940,terrier,2,4,1,Perro5,D,D,Si,D,1.0
42404-27703,277030367725057,hound,2,4,2,Perro3,C,Nada,No,A,1.0
42404-27703,42404690668940,terrier,2,4,2,Perro1,D,D,Si,D,1.0
42404-27703,277030367725057,hound,2,4,3,Perro4,C,Nada,Si,C,1.0
42404-27703,42404690668940,terrier,2,5,1,Perro5,D,D,No,B,1.0
42404-27703,277030367725057,hound,2,5,1,Perro4,A,Nada,No,C,1.0
42404-27703,277030367725057,hound,2,5,2,Perro2,C,Nada,Si,C,1.0
42404-27703,42404690668940,terrier,2,6,1,Perro4,D,D,No,B,1.0
42404-27703,277030367725057,hound,2,6,1,Perro2,A,Nada,Si,A,1.0
42404-27703,42404690668940,terrier,2,6,2,Perro4,B,D,Si,B,1.0
42404-27703,277030367725057,hound,2,6,2,Perro3,C,Nada,Si,C,1.0
42404-27703,42404690668940,terrier,2,7,1,Perro4,B,Nada,No,D,1.0
42404-27703,277030367725057,hound,2,7,1,Perro1,A,A,No,C,1.0
42404-27703,42404690668940,terrier,2,7,2,Perro2,B,B,No,D,1.0
42404-27703,42404690668940,terrier,2,8,1,Perro1,B,Nada,Si,B,1.0
42404-27703,277030367725057,hound,2,8,1,Perro4,A,Nada,Si,A,1.0
42404-27703,42404690668940,terrier,2,8,2,Perro3,B,B,Si,B,1.0
42404-27703,277030367725057,hound,2,8,2,Perro5,C,Nada,Si,A,0.0
42404-27703,42404690668940,terrier,2,8,3,Perro2,D,Nada,Si,D,1.0
42404-27703,42404690668940,terrier,2,9,1,Perro3,B,B,Si,B,1.0
42404-27703,277030367725057,hound,2,9,1,Perro1,A,A,Si,A,1.0
42404-27703,277030367725057,hound,2,9,2,Perro2,C,A,Si,C,1.0
42404-27703,277030367725057,hound,2,9,3,Perro4,A,A,No,C,1.0
42404-27703,42404690668940,terrier,2,10,1,Perro5,D,Nada,Si,B,0.0
42404-27703,42404690668940,terrier,2,10,2,Perro3,D,D,Si,D,1.0
42404-27703,277030367725057,hound,2,10,1,Perro1,A,Nada,Si,A,1.0
42404-27703,277030367725057,hound,2,10,2,Perro4,C,C,Si,C,1.0
42404-27703,277030367725057,hound,2,10,3,Perro4,C,C,Si,C,1.0
42404-27703,42404690668940,terrier,2,10,3,Perro2,B,D,-,D,0.0
42404-27703,42404690668940,terrier,2,11,1,Perro4,D,Nada,Si,D,1.0
42404-27703,277030367725057,hound,2,11,1,Perro2,C,C,Si,C,1.0
42404-27703,277030367725057,hound,2,11,2,Perro3,A,A,Si,A,1.0
42404-27703,42404690668940,terrier,2,11,2,Perro5,D,Nada,Si,D,1.0
42404-27703,42404690668940,terrier,2,11,3,Perro1,D,Nada,Si,D,1.0
42404-27703,277030367725057,hound,2,11,3,Perro3,A,A,Si,A,1.0
42404-27703,42404690668940,terrier,2,12,1,Perro3,B,B,Si,B,1.0
42404-27703,277030367725057,hound,2,12,1,Perro1,A,Nada,Si,A,1.0
42404-27703,277030367725057,hound,2,12,2,Perro2,C,Nada,No,A,1.0
42404-27703,277030367725057,hound,2,12,3,Perro4,C,C,No se,A,0.0
42404-27703,277030367725057,hound,2,13,1,Perro4,A,Nada,No,C,1.0
42404-27703,42404690668940,terrier,2,13,1,Perro1,D,D,Si,D,1.0
42404-27703,277030367725057,hound,2,13,2,Perro3,A,A,No,C,1.0
42404-27703,42404690668940,terrier,2,13,2,Perro5,D,Nada,Si,D,1.0
42404-27703,277030367725057,hound,2,13,3,Perro2,C,C,Si,C,1.0
42404-27703,42404690668940,terrier,2,14,1,Perro2,D,Nada,Si,D,1.0
42404-27703,277030367725057,hound,2,14,1,Perro1,C,Nada,Si,C,1.0
42404-27703,277030367725057,hound,2,14,2,Perro3,C,Nada,Si,C,1.0
42404-27703,277030367725057,hound,2,14,3,Perro4,C,Nada,No,A,1.0
42404-27703,277030367725057,hound,2,14,4,Perro5,C,Nada,Si,C,1.0
42404-27703,277030367725057,hound,2,15,1,Perro1,A,Nada,Si,A,1.0
42404-27703,42404690668940,terrier,2,15,1,Perro3,D,Nada,Si,D,1.0
42404-27703,42404690668940,terrier,2,15,2,Perro4,D,Nada,Si,D,1.0
42404-27703,277030367725057,hound,2,15,2,Perro2,A,Nada,Si,A,1.0
42404-27703,277030367725057,hound,2,15,3,Perro5,C,C,Si,C,1.0
42404-27703,42404690668940,terrier,2,15,3,Perro3,D,Nada,-,D,0.0
42404-27703,277030367725057,hound,2,16,1,Perro1,A,Nada,Si,A,1.0
42404-27703,277030367725057,hound,2,16,2,Perro2,C,Nada,Si,C,1.0
42404-27703,42404690668940,terrier,2,16,1,Perro4,D,Nada,Si,D,1.0
42404-27703,277030367725057,hound,2,16,3,Perro5,A,Nada,Si,A,1.0
42404-27703,42404690668940,terrier,2,16,2,Perro3,D,D,Si,D,1.0
42404-27703,277030367725057,hound,2,17,1,Perro2,C,Nada,No,A,1.0
42404-27703,277030367725057,hound,2,17,2,Perro3,C,Nada,Si,C,1.0
42404-27703,42404690668940,terrier,2,17,1,Perro5,D,Nada,Si,D,1.0
42404-27703,42404690668940,terrier,2,17,2,Perro4,D,Nada,Si,D,1.0
42404-27703,42404690668940,terrier,2,18,1,Perro4,B,Nada,Si,B,1.0
42404-27703,42404690668940,terrier,2,18,2,Perro3,B,Nada,Si,B,1.0
42404-27703,42404690668940,terrier,2,18,3,Perro5,D,Nada,Si,D,1.0
42404-27703,277030367725057,hound,2,18,1,Perro2,A,Nada,No,C,1.0
42404-27703,277030367725057,hound,2,18,2,Perro1,C,Nada,Si,C,1.0
42404-27703,277030367725057,hound,2,18,3,Perro1,C,Nada,Si,C,1.0
42404-27703,277030367725057,hound,2,19,1,Perro5,A,Nada,Si,A,1.0
42404-27703,277030367725057,hound,2,19,2,Perro3,A,Nada,Si,A,1.0
42404-27703,277030367725057,hound,2,19,3,Perro2,A,Nada,No,C,1.0
42404-27703,277030367725057,hound,2,19,4,Perro1,A,Nada,No,C,1.0
42404-27703,42404690668940,terrier,2,20,1,Perro5,B,Nada,Si,B,1.0
42404-27703,277030367725057,hound,2,20,1,Perro1,A,Nada,No,C,1.0
42404-27703,277030367725057,hound,2,20,2,Perro3,A,Nada,Si,A,1.0
42404-27703,277030367725057,hound,2,20,3,Perro4,C,Nada,Si,C,1.0
42404-27703,42404690668940,terrier,2,21,1,Perro3,B,B,Si,B,1.0
42404-27703,277030367725057,hound,2,21,1,Perro4,A,Nada,Si,A,1.0
42404-27703,277030367725057,hound,2,21,2,Perro5,C,Nada,Si,C,1.0
42404-27703,42404690668940,terrier,2,21,2,Perro1,B,Nada,Si,B,1.0
42404-27703,42404690668940,terrier,2,22,1,Perro3,B,Nada,No se,B,0.0
42404-27703,277030367725057,hound,2,22,1,Perro2,A,Nada,Si,A,1.0
42404-27703,277030367725057,hound,2,22,2,Perro5,A,Nada,No,C,1.0
42404-27703,42404690668940,terrier,2,23,1,Perro3,D,Nada,Si,D,1.0
42404-27703,277030367725057,hound,2,23,1,Perro1,A,Nada,Si,A,1.0
42404-27703,277030367725057,hound,2,23,2,Perro2,C,Nada,Si,C,1.0
42404-27703,277030367725057,hound,2,23,3,Perro4,A,Nada,No se,A,0.0
42404-27703,277030367725057,hound,2,23,4,Perro5,C,Nada,No,A,1.0
42404-27703,277030367725057,hound,2,24,1,Perro5,A,Nada,No,C,1.0
42404-27703,42404690668940,terrier,2,24,1,Perro1,D,Nada,Si,D,1.0
42404-27703,42404690668940,terrier,2,24,2,Perro4,D,Nada,Si,D,1.0
42404-27703,42404690668940,terrier,2,24,3,Perro3,D,Nada,Si,D,1.0
42404-27703,277030367725057,hound,2,25,1,Perro1,A,Nada,No,C,1.0
42404-27703,277030367725057,hound,2,25,2,Perro2,A,Nada,Si,A,1.0
42404-27703,277030367725057,hound,2,25,3,Perro3,C,Nada,No,A,1.0
42404-27703,277030367725057,hound,2,25,4,Perro5,C,Nada,Si,C,1.0
15349-95103,153498218008918,hound,2,1,1,Perro4,A,Nada,Si,A,1.0
15349-95103,951034904396380,terrier,2,1,1,Perro1,B,Nada,Si,B,1.0
15349-95103,951034904396380,terrier,2,2,1,Perro5,D,Nada,Si,D,1.0
15349-95103,153498218008918,hound,2,2,1,Perro2,C,Nada,No,A,1.0
15349-95103,153498218008918,hound,2,3,1,Perro1,A,Nada,Si,A,1.0
15349-95103,153498218008918,hound,2,3,2,Perro4,A,Nada,Si,A,1.0
15349-95103,951034904396380,terrier,2,3,1,Perro3,D,Nada,Si,D,1.0
15349-95103,153498218008918,hound,2,4,1,Perro1,A,Nada,Si,A,1.0
15349-95103,153498218008918,hound,2,4,2,Perro2,A,Nada,Si,A,1.0
15349-95103,153498218008918,hound,2,4,3,Perro4,A,Nada,No,C,1.0
15349-95103,153498218008918,hound,2,4,4,Perro5,A,Nada,Si,A,1.0
15349-95103,951034904396380,terrier,2,4,1,Perro3,B,Nada,Si,B,1.0
15349-95103,153498218008918,hound,2,5,1,Perro2,A,Nada,Si,C,0.0
15349-95103,153498218008918,hound,2,5,2,Perro1,A,Nada,Si,C,0.0
15349-95103,951034904396380,terrier,2,5,1,Perro4,D,Nada,No,B,1.0
15349-95103,951034904396380,terrier,2,5,2,Perro5,B,Nada,Si,B,1.0
15349-95103,951034904396380,terrier,2,5,3,Perro3,D,D,Si,D,1.0
15349-95103,153498218008918,hound,2,6,1,Perro2,A,Nada,No,C,1.0
15349-95103,153498218008918,hound,2,6,2,Perro3,A,Nada,No,C,1.0
15349-95103,153498218008918,hound,2,6,3,Perro4,A,Nada,Si,A,1.0
15349-95103,951034904396380,terrier,2,6,1,Perro5,D,D,Si,D,1.0
15349-95103,951034904396380,terrier,2,6,2,Perro1,B,B,Si,B,1.0
15349-95103,153498218008918,hound,2,8,1,Perro5,A,Nada,No,C,1.0
15349-95103,951034904396380,terrier,2,8,1,Perro4,B,Nada,Si,B,1.0
15349-95103,951034904396380,terrier,2,8,2,Perro3,D,B,No,B,1.0
15349-95103,951034904396380,terrier,2,8,3,Perro2,B,Nada,Si,B,1.0
15349-95103,951034904396380,terrier,2,8,4,Perro1,B,Nada,Si,B,1.0
15349-95103,153498218008918,hound,2,9,1,Perro5,C,C,No,A,1.0
15349-95103,951034904396380,terrier,2,9,1,Perro4,B,Nada,Si,B,1.0
15349-95103,153498218008918,hound,2,9,2,Perro1,C,C,Si,C,1.0
15349-95103,951034904396380,terrier,2,9,2,Perro3,B,Nada,Si,B,1.0
15349-95103,951034904396380,terrier,2,9,3,Perro2,D,Nada,No,B,1.0
15349-95103,951034904396380,terrier,2,10,1,Perro1,D,Nada,No,B,1.0
15349-95103,153498218008918,hound,2,10,1,Perro2,A,Nada,Si,A,1.0
15349-95103,153498218008918,hound,2,10,2,Perro4,A,Nada,No,A,0.0
15349-95103,951034904396380,terrier,2,10,2,Perro5,B,B,Si,B,1.0
15349-95103,153498218008918,hound,2,11,1,Perro5,C,Nada,Si,C,1.0
15349-95103,951034904396380,terrier,2,11,1,Perro2,D,Nada,No,B,1.0
15349-95103,951034904396380,terrier,2,11,2,Perro3,B,Nada,Si,B,1.0
15349-95103,153498218008918,hound,2,12,1,Perro2,A,A,Si,A,1.0
15349-95103,153498218008918,hound,2,13,1,Perro5,A,Nada,No,C,1.0
15349-95103,153498218008918,hound,2,13,2,Perro3,A,Nada,Si,A,1.0
15349-95103,153498218008918,hound,2,13,3,Perro2,A,Nada,No,C,1.0
15349-95103,153498218008918,hound,2,13,4,Perro1,A,Nada,Si,A,1.0
15349-95103,951034904396380,terrier,2,13,1,Perro4,D,D,Si,D,1.0
15349-95103,951034904396380,terrier,2,14,1,Perro4,B,Nada,Si,B,1.0
15349-95103,951034904396380,terrier,2,14,2,Perro3,B,Nada,Si,B,1.0
15349-95103,153498218008918,hound,2,14,1,Perro2,C,Nada,No,A,1.0
15349-95103,153498218008918,hound,2,14,2,Perro1,A,Nada,No,C,1.0
15349-95103,153498218008918,hound,2,15,1,Perro3,A,Nada,Si,A,1.0
15349-95103,951034904396380,terrier,2,15,1,Perro5,D,D,Si,D,1.0
15349-95103,153498218008918,hound,2,15,2,Perro2,C,Nada,Si,C,1.0
15349-95103,153498218008918,hound,2,15,3,Perro1,C,Nada,No,A,1.0
15349-95103,951034904396380,terrier,2,16,1,Perro1,D,D,Si,D,1.0
15349-95103,153498218008918,hound,2,16,1,Perro5,A,A,Si,A,1.0
15349-95103,153498218008918,hound,2,16,2,Perro4,A,A,Si,A,1.0
15349-95103,153498218008918,hound,2,16,3,Perro3,A,C,No,C,1.0
15349-95103,153498218008918,hound,2,16,4,Perro2,A,C,No,C,1.0
15349-95103,951034904396380,terrier,2,18,1,Perro1,B,Nada,Si,B,1.0
15349-95103,951034904396380,terrier,2,18,2,Perro3,D,Nada,Si,D,1.0
15349-95103,951034904396380,terrier,2,18,3,Perro5,D,Nada,Si,D,1.0
15349-95103,951034904396380,terrier,2,19,1,Perro2,B,Nada,Si,B,1.0
15349-95103,153498218008918,hound,2,19,1,Perro4,A,Nada,Si,A,1.0
15349-95103,951034904396380,terrier,2,20,1,Perro1,B,Nada,No,D,1.0
15349-95103,153498218008918,hound,2,20,1,Perro5,C,C,Si,C,1.0
15349-95103,153498218008918,hound,2,20,2,Perro3,C,C,No,A,1.0
15349-95103,153498218008918,hound,2,20,3,Perro4,C,C,Si,C,1.0
15349-95103,153498218008918,hound,2,20,4,Perro3,C,C,No,A,1.0
15349-95103,951034904396380,terrier,2,21,1,Perro3,D,Nada,Si,D,1.0
15349-95103,153498218008918,hound,2,21,1,Perro1,C,Nada,No,A,1.0
15349-95103,153498218008918,hound,2,21,2,Perro4,C,C,Si,C,1.0
15349-95103,153498218008918,hound,2,21,3,Perro5,C,C,Si,C,1.0
15349-95103,951034904396380,terrier,2,22,1,Perro1,B,Nada,No,D,1.0
15349-95103,153498218008918,hound,2,22,1,Perro3,C,Nada,Si,C,1.0
15349-95103,153498218008918,hound,2,22,2,Perro4,A,Nada,Si,A,1.0
15349-95103,153498218008918,hound,2,22,3,Perro5,C,Nada,Si,C,1.0
15349-95103,951034904396380,terrier,2,22,2,Perro2,B,B,-,B,0.0
15349-95103,951034904396380,terrier,2,23,1,Perro1,D,Nada,No,B,1.0
15349-95103,951034904396380,terrier,2,23,2,Perro3,D,Nada,Si,D,1.0
15349-95103,951034904396380,terrier,2,23,3,Perro5,D,Nada,Si,D,1.0
15349-95103,153498218008918,hound,2,23,1,Perro4,C,C,Si,C,1.0
15349-95103,951034904396380,terrier,2,24,1,Perro5,B,Nada,Si,B,1.0
15349-95103,153498218008918,hound,2,24,1,Perro3,C,A,No,A,1.0
15349-95103,951034904396380,terrier,2,25,1,Perro5,D,D,Si,D,1.0
15349-95103,153498218008918,hound,2,25,1,Perro2,A,A,No,C,1.0
15349-95103,153498218008918,hound,2,25,2,Perro3,A,A,Si,A,1.0
15349-95103,153498218008918,hound,2,25,3,Perro4,C,C,Si,C,1.0
91665-36242,916659229295256,hound,2,1,1,Perro1,A,Nada,-,C,0.0
91665-36242,916659229295256,hound,2,3,1,Perro1,C,C,Si,C,1.0
91665-36242,362421570668147,terrier,2,3,1,Perro4,B,Nada,Si,B,1.0
91665-36242,916659229295256,hound,2,6,1,Perro5,C,Nada,No,A,1.0
91665-36242,362421570668147,terrier,2,6,1,Perro1,D,D,No,B,1.0
91665-36242,916659229295256,hound,2,9,1,Perro3,C,Nada,-,C,0.0
91665-36242,916659229295256,hound,2,10,1,Perro5,C,C,Si,C,1.0
91665-36242,362421570668147,terrier,2,10,1,Perro1,B,Nada,Si,B,1.0
91665-36242,362421570668147,terrier,2,14,1,Perro5,B,Nada,-,B,0.0
91665-36242,916659229295256,hound,2,15,1,Perro2,A,A,Si,A,1.0
91665-36242,362421570668147,terrier,2,16,1,Perro1,D,Nada,Si,D,1.0
91665-36242,362421570668147,terrier,2,18,1,Perro3,B,B,Si,B,1.0
86423-32256,864237546831637,terrier,2,2,1,Perro3,D,Nada,-,D,0.0
86423-32256,864237546831637,terrier,2,3,1,Perro4,B,Nada,No,D,1.0
86423-32256,864237546831637,terrier,2,3,2,Perro3,D,Nada,No,B,1.0
86423-32256,864237546831637,terrier,2,3,3,Perro2,C,Nada,No,B,1.0
86423-32256,864237546831637,terrier,2,3,4,Perro1,D,Nada,No,B,1.0
86423-32256,864237546831637,terrier,2,3,5,Perro4,D,Nada,Si,D,1.0
86423-32256,864237546831637,terrier,2,3,6,Perro3,B,Nada,-,B,0.0
86423-32256,864237546831637,terrier,2,4,1,Perro1,D,Nada,-,D,0.0
86423-32256,864237546831637,terrier,2,5,1,Perro4,D,Nada,-,D,0.0
86423-32256,864237546831637,terrier,2,7,1,Perro3,D,Nada,-,D,0.0
86423-32256,864237546831637,terrier,2,10,1,Perro2,D,Nada,-,B,0.0
86423-32256,864237546831637,terrier,2,10,2,Perro3,B,D,-,D,0.0
86423-32256,864237546831637,terrier,2,10,3,Perro2,B,Nada,-,B,0.0
86423-32256,864237546831637,terrier,2,12,1,Perro5,D,Nada,-,D,0.0
13364-56585,133644391566106,terrier,2,1,1,Perro1,D,Nada,Si,,0.0
13364-56585,56585762474570,hound,2,1,1,Perro2,A,Nada,Si,,0.0
13364-56585,56585762474570,hound,2,1,2,Perro3,C,Nada,No,,1.0
13364-56585,133644391566106,terrier,2,1,2,Perro5,C,Nada,No,,1.0
13364-56585,133644391566106,terrier,2,1,3,Perro5,B,Nada,No,,1.0
13364-56585,56585762474570,hound,2,1,3,Perro3,C,Nada,No,,1.0
13364-56585,133644391566106,terrier,2,1,4,Perro5,D,B,-,,0.0
13364-56585,56585762474570,hound,2,1,4,Perro3,A,Nada,-,,0.0
13364-56585,133644391566106,terrier,2,1,5,Perro5,D,B,-,,0.0
13364-56585,56585762474570,hound,2,2,1,Perro3,A,Nada,No,C,1.0
13364-56585,133644391566106,terrier,2,2,1,Perro4,B,Nada,No,D,1.0
13364-56585,133644391566106,terrier,2,2,2,Perro1,D,Nada,No,B,1.0
13364-56585,133644391566106,terrier,2,2,3,Perro4,C,Nada,No,D,1.0
13364-56585,56585762474570,hound,2,2,2,Perro5,A,A,No,C,1.0
13364-56585,133644391566106,terrier,2,2,4,Perro4,B,Nada,No,D,1.0
13364-56585,133644391566106,terrier,2,3,1,Perro4,B,Nada,No se,D,0.0
13364-56585,56585762474570,hound,2,3,1,Perro2,C,C,No,A,1.0
13364-56585,133644391566106,terrier,2,3,2,Perro1,D,Nada,No,D,0.0
13364-56585,133644391566106,terrier,2,3,3,Perro4,D,Nada,Si,D,1.0
13364-56585,56585762474570,hound,2,3,2,Perro2,A,A,Si,A,1.0
13364-56585,56585762474570,hound,2,3,3,Perro3,C,C,Si,C,1.0
13364-56585,56585762474570,hound,2,3,4,Perro3,C,C,Si,C,1.0
13364-56585,56585762474570,hound,2,4,1,Perro5,A,Nada,Si,A,1.0
13364-56585,56585762474570,hound,2,4,2,Perro3,C,Nada,Si,C,1.0
13364-56585,56585762474570,hound,2,4,3,Perro1,C,Nada,Si,C,1.0
13364-56585,133644391566106,terrier,2,4,1,Perro2,D,D,Si,D,1.0
13364-56585,133644391566106,terrier,2,4,2,Perro4,B,B,No se,B,0.0
13364-56585,133644391566106,terrier,2,4,3,Perro2,D,D,-,D,0.0
13364-56585,133644391566106,terrier,2,5,1,Perro3,B,B,No,D,1.0
13364-56585,56585762474570,hound,2,5,1,Perro5,A,Nada,Si,A,1.0
13364-56585,133644391566106,terrier,2,5,2,Perro3,D,B,Si,D,1.0
13364-56585,133644391566106,terrier,2,6,1,Perro5,D,D,No,B,1.0
13364-56585,56585762474570,hound,2,6,1,Perro2,C,Nada,Si,C,1.0
13364-56585,133644391566106,terrier,2,6,2,Perro3,D,Nada,Si,D,1.0
13364-56585,56585762474570,hound,2,6,2,Perro4,A,Nada,Si,A,1.0
13364-56585,133644391566106,terrier,2,6,3,Perro5,B,D,Si,B,1.0
13364-56585,133644391566106,terrier,2,6,4,Perro1,D,Nada,No,B,1.0
13364-56585,56585762474570,hound,2,7,1,Perro4,A,Nada,Si,A,1.0
13364-56585,56585762474570,hound,2,7,2,Perro2,A,Nada,Si,A,1.0
13364-56585,133644391566106,terrier,2,7,1,Perro3,B,Nada,No,D,1.0
13364-56585,133644391566106,terrier,2,7,2,Perro5,D,Nada,Si,D,1.0
13364-56585,133644391566106,terrier,2,7,3,Perro5,B,B,No,D,1.0
13364-56585,133644391566106,terrier,2,8,1,Perro2,D,D,No,B,1.0
13364-56585,133644391566106,terrier,2,8,2,Perro3,B,Nada,Si,B,1.0
13364-56585,133644391566106,terrier,2,8,3,Perro4,D,Nada,Si,D,1.0
13364-56585,56585762474570,hound,2,8,1,Perro1,A,Nada,Si,A,1.0
13364-56585,133644391566106,terrier,2,8,4,Perro5,B,Nada,Si,B,1.0
13364-56585,133644391566106,terrier,2,9,1,Perro1,B,B,No,D,1.0
13364-56585,133644391566106,terrier,2,9,2,Perro2,D,Nada,No,B,1.0
13364-56585,56585762474570,hound,2,9,1,Perro3,C,Nada,Si,C,1.0
13364-56585,133644391566106,terrier,2,9,3,Perro4,D,D,No,B,1.0
13364-56585,133644391566106,terrier,2,10,1,Perro1,D,Nada,No,B,1.0
13364-56585,56585762474570,hound,2,10,1,Perro3,A,Nada,Si,A,1.0
13364-56585,133644391566106,terrier,2,10,2,Perro2,B,Nada,No,D,1.0
13364-56585,133644391566106,terrier,2,10,3,Perro2,B,Nada,No,D,1.0
13364-56585,133644391566106,terrier,2,10,4,Perro4,B,Nada,Si,B,1.0
13364-56585,133644391566106,terrier,2,10,5,Perro5,D,Nada,No,B,1.0
13364-56585,133644391566106,terrier,2,11,1,Perro1,B,B,No,D,1.0
13364-56585,56585762474570,hound,2,11,1,Perro5,C,Nada,Si,C,1.0
13364-56585,56585762474570,hound,2,11,2,Perro3,A,Nada,No,A,0.0
13364-56585,133644391566106,terrier,2,11,2,Perro1,B,B,No,D,1.0
13364-56585,133644391566106,terrier,2,11,3,Perro1,B,B,No,D,1.0
13364-56585,56585762474570,hound,2,11,3,Perro3,C,Nada,Si,A,0.0
13364-56585,133644391566106,terrier,2,12,1,Perro1,D,D,No,B,1.0
13364-56585,56585762474570,hound,2,12,1,Perro2,C,Nada,Si,C,1.0
13364-56585,133644391566106,terrier,2,12,2,Perro3,B,B,No,D,1.0
13364-56585,133644391566106,terrier,2,12,3,Perro4,B,Nada,No,D,1.0
13364-56585,56585762474570,hound,2,12,2,Perro2,C,Nada,Si,C,1.0
13364-56585,133644391566106,terrier,2,12,4,Perro5,B,Nada,Si,B,1.0
13364-56585,133644391566106,terrier,2,12,5,Perro5,D,Nada,No se,B,0.0
13364-56585,133644391566106,terrier,2,13,1,Perro1,B,Nada,Si,B,1.0
13364-56585,133644391566106,terrier,2,13,2,Perro2,D,Nada,No,B,1.0
13364-56585,133644391566106,terrier,2,13,3,Perro3,B,B,No,D,1.0
13364-56585,133644391566106,terrier,2,13,4,Perro4,B,B,Si,D,0.0
13364-56585,133644391566106,terrier,2,13,5,Perro5,D,Nada,No,B,1.0
13364-56585,133644391566106,terrier,2,13,6,Perro5,D,D,No,B,1.0
13364-56585,133644391566106,terrier,2,14,1,Perro5,D,Nada,No,B,1.0
13364-56585,56585762474570,hound,2,14,1,Perro3,C,Nada,No,A,1.0
13364-56585,56585762474570,hound,2,14,2,Perro4,A,Nada,Si,A,1.0
13364-56585,133644391566106,terrier,2,14,2,Perro2,B,B,Si,B,1.0
13364-56585,56585762474570,hound,2,14,3,Perro3,A,Nada,Si,A,1.0
13364-56585,133644391566106,terrier,2,14,3,Perro1,D,D,No,B,1.0
13364-56585,133644391566106,terrier,2,14,4,Perro1,D,D,No,B,1.0
13364-56585,133644391566106,terrier,2,14,5,Perro2,B,B,Si,B,1.0
13364-56585,133644391566106,terrier,2,14,6,Perro2,C,B,No se,B,0.0
13364-56585,56585762474570,hound,2,15,1,Perro5,C,Nada,Si,C,1.0
13364-56585,56585762474570,hound,2,15,2,Perro3,C,Nada,Si,C,1.0
13364-56585,56585762474570,hound,2,15,3,Perro2,A,Nada,Si,A,1.0
13364-56585,133644391566106,terrier,2,15,1,Perro4,B,B,No,D,1.0
13364-56585,56585762474570,hound,2,15,4,Perro1,A,Nada,No,C,1.0
13364-56585,133644391566106,terrier,2,15,2,Perro4,B,B,-,D,0.0
13364-56585,133644391566106,terrier,2,16,1,Perro3,B,B,No,D,1.0
13364-56585,56585762474570,hound,2,16,1,Perro1,C,Nada,Si,C,1.0
13364-56585,133644391566106,terrier,2,16,2,Perro4,D,D,No,B,1.0
13364-56585,133644391566106,terrier,2,16,3,Perro5,D,Nada,Si,D,1.0
13364-56585,133644391566106,terrier,2,16,4,Perro5,D,D,-,D,0.0
13364-56585,133644391566106,terrier,2,17,1,Perro1,D,D,Si,D,1.0
13364-56585,133644391566106,terrier,2,17,2,Perro2,D,D,No,B,1.0
13364-56585,133644391566106,terrier,2,17,3,Perro3,B,B,Si,B,1.0
13364-56585,133644391566106,terrier,2,17,4,Perro5,D,D,Si,D,1.0
13364-56585,133644391566106,terrier,2,18,1,Perro1,D,D,Si,D,1.0
13364-56585,56585762474570,hound,2,18,1,Perro3,A,Nada,Si,A,1.0
13364-56585,56585762474570,hound,2,18,2,Perro2,A,Nada,Si,A,1.0
13364-56585,133644391566106,terrier,2,18,2,Perro4,D,D,No,B,1.0
13364-56585,133644391566106,terrier,2,18,3,Perro5,B,B,No,B,0.0
13364-56585,133644391566106,terrier,2,18,4,Perro4,D,D,No,B,1.0
13364-56585,133644391566106,terrier,2,18,5,Perro5,B,B,Si,B,1.0
13364-56585,133644391566106,terrier,2,18,6,Perro5,B,B,Si,B,1.0
13364-56585,133644391566106,terrier,2,19,1,Perro4,D,D,No,B,1.0
13364-56585,56585762474570,hound,2,19,1,Perro3,A,Nada,Si,A,1.0
13364-56585,133644391566106,terrier,2,19,2,Perro5,B,B,No,D,1.0
13364-56585,133644391566106,terrier,2,19,3,Perro4,B,B,Si,B,1.0
13364-56585,133644391566106,terrier,2,20,1,Perro3,B,B,No,D,1.0
13364-56585,56585762474570,hound,2,20,1,Perro2,A,A,Si,A,1.0
13364-56585,56585762474570,hound,2,20,2,Perro4,C,Nada,Si,C,1.0
13364-56585,133644391566106,terrier,2,20,2,Perro1,D,Nada,No,B,1.0
13364-56585,56585762474570,hound,2,20,3,Perro5,C,Nada,Si,C,1.0
13364-56585,133644391566106,terrier,2,20,3,Perro1,B,B,Si,B,1.0
13364-56585,133644391566106,terrier,2,20,4,Perro3,D,D,Si,D,1.0
13364-56585,133644391566106,terrier,2,21,1,Perro1,B,Nada,Si,B,1.0
13364-56585,56585762474570,hound,2,21,1,Perro2,C,Nada,Si,C,1.0
13364-56585,56585762474570,hound,2,21,2,Perro3,C,Nada,Si,C,1.0
13364-56585,133644391566106,terrier,2,21,2,Perro4,D,Nada,No,B,1.0
13364-56585,56585762474570,hound,2,21,3,Perro2,C,Nada,Si,C,1.0
13364-56585,133644391566106,terrier,2,21,3,Perro4,B,B,Si,B,1.0
13364-56585,133644391566106,terrier,2,22,1,Perro3,B,B,Si,B,1.0
13364-56585,133644391566106,terrier,2,22,2,Perro4,B,B,No,D,1.0
13364-56585,56585762474570,hound,2,22,1,Perro2,C,Nada,Si,C,1.0
13364-56585,133644391566106,terrier,2,22,3,Perro5,D,D,No,B,1.0
13364-56585,133644391566106,terrier,2,22,4,Perro4,B,B,No,D,1.0
13364-56585,133644391566106,terrier,2,23,1,Perro2,B,B,No,D,1.0
13364-56585,133644391566106,terrier,2,23,2,Perro3,D,Nada,Si,D,1.0
13364-56585,133644391566106,terrier,2,23,3,Perro4,D,Nada,Si,D,1.0
13364-56585,133644391566106,terrier,2,23,4,Perro5,D,Nada,No,B,1.0
13364-56585,56585762474570,hound,2,24,1,Perro2,A,Nada,Si,A,1.0
13364-56585,56585762474570,hound,2,24,2,Perro4,A,Nada,Si,A,1.0
13364-56585,133644391566106,terrier,2,24,1,Perro1,B,Nada,No,D,1.0
13364-56585,133644391566106,terrier,2,24,2,Perro5,D,Nada,Si,D,1.0
13364-56585,56585762474570,hound,2,24,3,Perro3,A,A,Si,A,1.0
13364-56585,133644391566106,terrier,2,25,1,Perro1,B,Nada,No,D,1.0
13364-56585,133644391566106,terrier,2,25,2,Perro2,B,Nada,Si,B,1.0
13364-56585,133644391566106,terrier,2,25,3,Perro3,B,Nada,Si,B,1.0
13364-56585,56585762474570,hound,2,25,1,Perro5,C,Nada,No,A,1.0
13364-56585,133644391566106,terrier,2,25,4,Perro4,B,Nada,No,D,1.0
13364-56585,56585762474570,hound,2,25,2,Perro5,A,Nada,Si,A,1.0
32111-69609,696092780970702,terrier,2,1,1,Perro3,B,B,Si,B,1.0
32111-69609,32111755046981,hound,2,1,1,Perro1,C,C,No,A,1.0
32111-69609,32111755046981,hound,2,2,1,Perro2,A,A,No,C,1.0
32111-69609,696092780970702,terrier,2,2,1,Perro4,A,Nada,No,B,1.0
32111-69609,32111755046981,hound,2,2,2,Perro3,A,C,Si,A,1.0
32111-69609,32111755046981,hound,2,6,1,Perro3,C,C,Si,C,1.0
32111-69609,32111755046981,hound,2,12,1,Perro4,B,B,No se,D,0.0
32111-69609,32111755046981,hound,2,12,2,Perro4,B,B,Si,D,0.0
32111-69609,32111755046981,hound,2,19,1,Perro5,C,C,Si,C,1.0
32111-69609,32111755046981,hound,2,22,1,Perro5,C,C,-,A,0.0
32111-69609,696092780970702,terrier,2,24,1,Perro5,B,B,Si,B,1.0
76562-84503,765625247183286,hound,2,1,1,Perro1,D,Nada,No,C,1.0
76562-84503,845030447613389,terrier,2,1,1,Perro2,B,B,-,D,0.0
76562-84503,845030447613389,terrier,2,1,2,Perro3,D,D,-,D,0.0
76562-84503,845030447613389,terrier,2,2,1,Perro3,B,B,Si,D,0.0
76562-84503,845030447613389,terrier,2,2,2,Perro4,D,D,-,D,0.0
28141-21409,281417746344637,hound,2,1,1,Perro1,A,Nada,No,,1.0
28141-21409,281417746344637,hound,2,1,2,Perro1,C,C,Si,,0.0
28141-21409,21409433577947,terrier,2,1,1,Perro3,D,D,No,,1.0
28141-21409,21409433577947,terrier,2,1,2,Perro2,A,A,-,,0.0
28141-21409,281417746344637,hound,2,2,1,Perro3,C,C,No,A,1.0
28141-21409,21409433577947,terrier,2,2,1,Perro1,B,B,No,D,1.0
28141-21409,21409433577947,terrier,2,2,2,Perro1,C,C,No,D,1.0
28141-21409,21409433577947,terrier,2,2,3,Perro2,B,B,No,D,1.0
28141-21409,21409433577947,terrier,2,2,4,Perro1,A,A,No,D,1.0
28141-21409,281417746344637,hound,2,3,1,Perro1,C,C,No,A,1.0
28141-21409,21409433577947,terrier,2,3,1,Perro2,D,D,No,B,1.0
28141-21409,21409433577947,terrier,2,3,2,Perro2,B,B,Si,B,1.0
28141-21409,281417746344637,hound,2,3,2,Perro1,A,A,Si,A,1.0
28141-21409,281417746344637,hound,2,3,3,Perro3,A,A,-,A,0.0
28141-21409,281417746344637,hound,2,4,1,Perro1,A,A,Si,A,1.0
28141-21409,21409433577947,terrier,2,4,1,Perro4,C,C,No,B,1.0
28141-21409,21409433577947,terrier,2,4,2,Perro4,B,B,Si,B,1.0
28141-21409,21409433577947,terrier,2,5,1,Perro2,B,B,No,D,1.0
28141-21409,281417746344637,hound,2,5,1,Perro4,A,C,No,C,1.0
28141-21409,21409433577947,terrier,2,5,2,Perro2,C,C,No,D,1.0
28141-21409,281417746344637,hound,2,5,2,Perro1,C,A,No,A,1.0
28141-21409,21409433577947,terrier,2,5,3,Perro2,A,A,No,D,1.0
28141-21409,21409433577947,terrier,2,6,1,Perro1,D,D,No,B,1.0
28141-21409,21409433577947,terrier,2,6,2,Perro1,C,C,No,B,1.0
28141-21409,281417746344637,hound,2,6,1,Perro2,C,C,No,C,0.0
28141-21409,21409433577947,terrier,2,6,3,Perro1,B,B,Si,B,1.0
28141-21409,21409433577947,terrier,2,6,4,Perro5,B,B,-,B,0.0
28141-21409,21409433577947,terrier,2,7,1,Perro4,C,C,No,D,1.0
28141-21409,281417746344637,hound,2,7,1,Perro1,C,C,No,C,0.0
28141-21409,21409433577947,terrier,2,7,2,Perro4,B,B,No,D,1.0
28141-21409,281417746344637,hound,2,7,2,Perro5,A,A,Si,A,1.0
28141-21409,21409433577947,terrier,2,7,3,Perro4,D,D,Si,D,1.0
28141-21409,21409433577947,terrier,2,8,1,Perro3,D,D,Si,D,1.0
28141-21409,21409433577947,terrier,2,8,2,Perro5,D,D,No,B,1.0
28141-21409,281417746344637,hound,2,8,1,Perro2,C,C,No,C,0.0
28141-21409,21409433577947,terrier,2,8,3,Perro5,B,B,Si,B,1.0
28141-21409,281417746344637,hound,2,8,2,Perro2,A,C,Si,C,0.0
28141-21409,21409433577947,terrier,2,8,4,Perro4,D,D,No,C,1.0
28141-21409,21409433577947,terrier,2,9,1,Perro2,B,B,Si,B,1.0
28141-21409,21409433577947,terrier,2,10,1,Perro5,B,B,Si,B,1.0
28141-21409,21409433577947,terrier,2,10,2,Perro4,A,A,Si,A,1.0
28141-21409,281417746344637,hound,2,10,1,Perro3,A,A,Si,A,1.0
28141-21409,21409433577947,terrier,2,10,3,Perro4,A,A,-,A,0.0
28141-21409,21409433577947,terrier,2,11,1,Perro4,B,B,Si,B,1.0
28141-21409,21409433577947,terrier,2,11,2,Perro2,B,B,No,D,1.0
28141-21409,281417746344637,hound,2,11,1,Perro5,C,C,No,A,1.0
28141-21409,21409433577947,terrier,2,11,3,Perro2,C,C,No,D,1.0
28141-21409,281417746344637,hound,2,11,2,Perro1,C,C,No,A,1.0
28141-21409,21409433577947,terrier,2,12,1,Perro4,D,D,Si,D,1.0
28141-21409,21409433577947,terrier,2,12,2,Perro5,B,B,Si,B,1.0
28141-21409,21409433577947,terrier,2,12,3,Perro3,D,D,No,A,1.0
28141-21409,281417746344637,hound,2,13,1,Perro3,A,A,Si,C,0.0
28141-21409,21409433577947,terrier,2,13,1,Perro5,D,D,Si,D,1.0
28141-21409,21409433577947,terrier,2,13,2,Perro4,B,B,Si,B,1.0
28141-21409,21409433577947,terrier,2,14,1,Perro1,C,C,No,B,1.0
28141-21409,21409433577947,terrier,2,14,2,Perro2,C,C,No,B,1.0
28141-21409,21409433577947,terrier,2,15,1,Perro4,C,C,No,D,1.0
28141-21409,21409433577947,terrier,2,15,2,Perro4,B,B,No,D,1.0
28141-21409,21409433577947,terrier,2,16,1,Perro1,B,B,Si,B,1.0
28141-21409,281417746344637,hound,2,16,1,Perro2,A,A,Si,C,0.0
28141-21409,21409433577947,terrier,2,16,2,Perro3,C,C,No,D,1.0
28141-21409,281417746344637,hound,2,16,2,Perro4,A,A,No,C,1.0
28141-21409,21409433577947,terrier,2,16,3,Perro5,B,B,Si,B,1.0
28141-21409,281417746344637,hound,2,16,3,Perro4,C,C,No,C,0.0
28141-21409,21409433577947,terrier,2,17,1,Perro5,D,D,Si,D,1.0
28141-21409,281417746344637,hound,2,17,1,Perro3,A,C,Si,A,1.0
28141-21409,21409433577947,terrier,2,17,2,Perro1,B,B,Si,B,1.0
28141-21409,21409433577947,terrier,2,18,1,Perro4,D,D,Si,D,1.0
28141-21409,281417746344637,hound,2,18,1,Perro5,A,A,Si,A,1.0
28141-21409,21409433577947,terrier,2,18,2,Perro2,B,B,Si,B,1.0
28141-21409,21409433577947,terrier,2,19,1,Perro4,B,B,Si,B,1.0
28141-21409,281417746344637,hound,2,19,1,Perro5,A,A,Si,A,1.0
28141-21409,21409433577947,terrier,2,20,1,Perro5,B,B,Si,B,1.0
28141-21409,281417746344637,hound,2,20,1,Perro4,A,C,No,A,0.0
28141-21409,281417746344637,hound,2,20,2,Perro2,A,A,Si,A,1.0
28141-21409,21409433577947,terrier,2,21,1,Perro1,D,D,Si,D,1.0
28141-21409,281417746344637,hound,2,21,1,Perro2,A,A,Si,A,1.0
28141-21409,21409433577947,terrier,2,22,1,Perro3,D,D,Si,D,1.0
28141-21409,281417746344637,hound,2,22,1,Perro2,C,C,No,A,1.0
28141-21409,21409433577947,terrier,2,23,1,Perro5,D,D,No,B,1.0
28141-21409,21409433577947,terrier,2,23,2,Perro5,B,B,Si,B,1.0
28141-21409,21409433577947,terrier,2,23,3,Perro4,D,D,Si,D,1.0
28141-21409,21409433577947,terrier,2,24,1,Perro1,B,B,Si,B,1.0
28141-21409,281417746344637,hound,2,24,1,Perro2,C,C,No,A,1.0
28141-21409,281417746344637,hound,2,24,2,Perro2,A,C,Si,A,1.0
28141-21409,281417746344637,hound,2,24,3,Perro5,B,C,-,C,0.0
28141-21409,21409433577947,terrier,2,25,1,Perro5,D,D,Si,D,1.0
28141-21409,281417746344637,hound,2,25,1,Perro3,A,A,No,C,1.0
28141-21409,21409433577947,terrier,2,25,2,Perro4,B,B,Si,B,1.0
28141-21409,21409433577947,terrier,2,25,3,Perro2,B,B,Si,B,1.0
28141-21409,281417746344637,hound,2,25,2,Perro3,C,A,No,C,0.0
94386-40237,402371639059063,terrier,2,1,1,Perro4,B,Nada,Si,B,1.0
94386-40237,943864992920336,hound,2,1,1,Perro3,A,Nada,Si,A,1.0
94386-40237,402371639059063,terrier,2,1,2,Perro2,B,Nada,No,D,1.0
94386-40237,402371639059063,terrier,2,1,3,Perro1,D,Nada,No,B,1.0
94386-40237,943864992920336,hound,2,1,2,Perro5,C,Nada,Si,C,1.0
94386-40237,402371639059063,terrier,2,2,1,Perro4,D,Nada,Si,D,1.0
94386-40237,402371639059063,terrier,2,2,2,Perro3,B,Nada,Si,B,1.0
94386-40237,402371639059063,terrier,2,2,3,Perro1,D,Nada,No,B,1.0
94386-40237,943864992920336,hound,2,2,1,Perro2,A,Nada,Si,A,1.0
94386-40237,943864992920336,hound,2,2,2,Perro5,C,Nada,No,A,1.0
94386-40237,943864992920336,hound,2,3,1,Perro3,A,A,No,C,1.0
94386-40237,402371639059063,terrier,2,3,1,Perro4,A,A,No se,A,0.0
94386-40237,943864992920336,hound,2,3,2,Perro1,A,Nada,No,C,1.0
94386-40237,943864992920336,hound,2,3,3,Perro5,C,Nada,-,A,0.0
94386-40237,943864992920336,hound,2,4,1,Perro1,A,Nada,Si,A,1.0
94386-40237,402371639059063,terrier,2,4,1,Perro4,B,B,Si,B,1.0
94386-40237,402371639059063,terrier,2,4,2,Perro3,D,D,Si,D,1.0
94386-40237,943864992920336,hound,2,5,1,Perro1,C,C,No,A,1.0
94386-40237,943864992920336,hound,2,5,2,Perro3,A,A,Si,A,1.0
94386-40237,943864992920336,hound,2,5,3,Perro4,A,A,No,C,1.0
94386-40237,943864992920336,hound,2,5,4,Perro5,A,A,Si,A,1.0
94386-40237,402371639059063,terrier,2,5,1,Perro2,D,D,No,B,1.0
94386-40237,943864992920336,hound,2,6,1,Perro3,C,Nada,Si,C,1.0
94386-40237,402371639059063,terrier,2,6,1,Perro1,D,D,No,B,1.0
94386-40237,943864992920336,hound,2,6,2,Perro4,C,Nada,Si,C,1.0
94386-40237,402371639059063,terrier,2,6,2,Perro5,D,D,No,B,1.0
94386-40237,402371639059063,terrier,2,6,3,Perro2,D,B,No,B,1.0
94386-40237,943864992920336,hound,2,7,1,Perro1,C,C,No se,C,0.0
94386-40237,943864992920336,hound,2,7,2,Perro2,C,C,Si,C,1.0
94386-40237,943864992920336,hound,2,7,3,Perro3,C,C,Si,C,1.0
94386-40237,943864992920336,hound,2,7,4,Perro4,C,C,Si,C,1.0
94386-40237,943864992920336,hound,2,7,5,Perro5,C,Nada,Si,C,1.0
94386-40237,402371639059063,terrier,2,7,1,Perro1,A,A,No se,C,0.0
94386-40237,402371639059063,terrier,2,8,1,Perro3,D,Nada,Si,D,1.0
94386-40237,402371639059063,terrier,2,8,2,Perro2,B,Nada,Si,B,1.0
94386-40237,402371639059063,terrier,2,8,3,Perro1,B,Nada,Si,B,1.0
94386-40237,402371639059063,terrier,2,8,4,Perro4,B,Nada,Si,B,1.0
94386-40237,943864992920336,hound,2,8,1,Perro5,A,A,No,C,1.0
94386-40237,943864992920336,hound,2,9,1,Perro1,A,Nada,Si,A,1.0
94386-40237,943864992920336,hound,2,9,2,Perro2,A,Nada,Si,A,1.0
94386-40237,943864992920336,hound,2,9,3,Perro3,A,Nada,No,C,1.0
94386-40237,402371639059063,terrier,2,9,1,Perro4,D,Nada,Si,D,1.0
94386-40237,943864992920336,hound,2,9,4,Perro5,A,Nada,Si,A,1.0
94386-40237,402371639059063,terrier,2,10,1,Perro3,D,Nada,No,B,1.0
94386-40237,402371639059063,terrier,2,10,2,Perro2,B,Nada,Si,B,1.0
94386-40237,943864992920336,hound,2,10,1,Perro1,A,Nada,No,C,1.0
94386-40237,943864992920336,hound,2,10,2,Perro4,C,Nada,Si,C,1.0
94386-40237,943864992920336,hound,2,10,3,Perro5,C,C,Si,C,1.0
94386-40237,402371639059063,terrier,2,11,1,Perro2,B,Nada,Si,D,0.0
94386-40237,402371639059063,terrier,2,11,2,Perro1,D,Nada,Si,D,1.0
94386-40237,943864992920336,hound,2,11,1,Perro4,A,Nada,Si,A,1.0
94386-40237,943864992920336,hound,2,11,2,Perro5,A,Nada,No,C,1.0
94386-40237,402371639059063,terrier,2,12,1,Perro2,B,Nada,No,D,1.0
94386-40237,402371639059063,terrier,2,12,2,Perro1,D,Nada,Si,D,1.0
94386-40237,943864992920336,hound,2,12,1,Perro3,A,A,Si,A,1.0
94386-40237,943864992920336,hound,2,12,2,Perro4,A,A,Si,A,1.0
94386-40237,943864992920336,hound,2,12,3,Perro5,A,A,Si,A,1.0
94386-40237,943864992920336,hound,2,13,1,Perro2,C,Nada,Si,C,1.0
94386-40237,402371639059063,terrier,2,13,1,Perro5,B,Nada,Si,B,1.0
94386-40237,943864992920336,hound,2,13,2,Perro3,C,Nada,No,A,1.0
94386-40237,943864992920336,hound,2,13,3,Perro4,A,Nada,No,C,1.0
94386-40237,943864992920336,hound,2,13,4,Perro1,C,C,Si,C,1.0
94386-40237,402371639059063,terrier,2,14,1,Perro4,D,Nada,Si,D,1.0
94386-40237,402371639059063,terrier,2,14,2,Perro5,D,Nada,Si,D,1.0
94386-40237,402371639059063,terrier,2,14,3,Perro3,B,Nada,Si,B,1.0
94386-40237,943864992920336,hound,2,14,1,Perro1,A,A,Si,A,1.0
94386-40237,943864992920336,hound,2,14,2,Perro2,C,C,Si,C,1.0
94386-40237,943864992920336,hound,2,14,3,Perro2,C,C,Si,C,1.0
94386-40237,402371639059063,terrier,2,15,1,Perro1,D,Nada,Si,D,1.0
94386-40237,402371639059063,terrier,2,15,2,Perro2,D,Nada,Si,D,1.0
94386-40237,402371639059063,terrier,2,15,3,Perro5,B,Nada,Si,B,1.0
94386-40237,943864992920336,hound,2,15,1,Perro3,C,C,No,A,1.0
94386-40237,402371639059063,terrier,2,16,1,Perro1,B,Nada,Si,D,0.0
94386-40237,402371639059063,terrier,2,16,2,Perro2,B,Nada,Si,B,1.0
94386-40237,943864992920336,hound,2,16,1,Perro3,C,C,Si,C,1.0
94386-40237,943864992920336,hound,2,16,2,Perro4,A,A,Si,A,1.0
94386-40237,943864992920336,hound,2,16,3,Perro5,C,C,No,A,1.0
94386-40237,402371639059063,terrier,2,17,1,Perro1,D,Nada,No,B,1.0
94386-40237,943864992920336,hound,2,17,1,Perro2,C,C,Si,C,1.0
94386-40237,943864992920336,hound,2,17,2,Perro3,A,A,No,C,1.0
94386-40237,943864992920336,hound,2,17,3,Perro4,A,A,Si,A,1.0
94386-40237,943864992920336,hound,2,17,4,Perro5,A,A,Si,A,1.0
94386-40237,402371639059063,terrier,2,18,1,Perro5,B,Nada,Si,B,1.0
94386-40237,943864992920336,hound,2,18,1,Perro1,A,A,No,C,1.0
94386-40237,943864992920336,hound,2,18,2,Perro2,A,A,Si,A,1.0
94386-40237,943864992920336,hound,2,18,3,Perro3,A,A,Si,A,1.0
94386-40237,943864992920336,hound,2,18,4,Perro4,A,A,Si,A,1.0
94386-40237,402371639059063,terrier,2,19,1,Perro1,B,Nada,Si,B,1.0
94386-40237,402371639059063,terrier,2,19,2,Perro4,B,Nada,No,D,1.0
94386-40237,943864992920336,hound,2,19,1,Perro2,A,A,No,C,1.0
94386-40237,943864992920336,hound,2,19,2,Perro3,A,A,Si,A,1.0
94386-40237,943864992920336,hound,2,19,3,Perro5,A,A,No,C,1.0
94386-40237,402371639059063,terrier,2,20,1,Perro2,D,Nada,Si,D,1.0
94386-40237,402371639059063,terrier,2,20,2,Perro3,B,Nada,Si,B,1.0
94386-40237,402371639059063,terrier,2,20,3,Perro4,C,Nada,Si,C,1.0
94386-40237,943864992920336,hound,2,20,1,Perro4,C,C,No se,C,0.0
94386-40237,943864992920336,hound,2,20,2,Perro5,C,C,Si,C,1.0
94386-40237,943864992920336,hound,2,20,3,Perro1,C,C,Si,C,1.0
94386-40237,402371639059063,terrier,2,21,1,Perro3,B,Nada,Si,B,1.0
94386-40237,402371639059063,terrier,2,21,2,Perro5,B,Nada,Si,B,1.0
94386-40237,943864992920336,hound,2,21,1,Perro1,A,A,Si,A,1.0
94386-40237,943864992920336,hound,2,21,2,Perro2,C,C,No,A,1.0
94386-40237,402371639059063,terrier,2,22,1,Perro1,D,Nada,Si,D,1.0
94386-40237,943864992920336,hound,2,22,1,Perro2,C,C,Si,C,1.0
94386-40237,943864992920336,hound,2,22,2,Perro3,C,C,No,A,1.0
94386-40237,943864992920336,hound,2,22,3,Perro4,A,A,Si,A,1.0
94386-40237,943864992920336,hound,2,22,4,Perro5,C,C,Si,C,1.0
94386-40237,402371639059063,terrier,2,23,1,Perro1,D,Nada,Si,D,1.0
94386-40237,402371639059063,terrier,2,23,2,Perro2,B,Nada,No,D,1.0
94386-40237,402371639059063,terrier,2,23,3,Perro5,B,Nada,Si,B,1.0
94386-40237,943864992920336,hound,2,23,1,Perro3,A,A,Si,A,1.0
94386-40237,943864992920336,hound,2,23,2,Perro4,A,A,-,A,0.0
94386-40237,402371639059063,terrier,2,24,1,Perro2,D,D,Si,D,1.0
94386-40237,402371639059063,terrier,2,24,2,Perro4,B,Nada,Si,B,1.0
94386-40237,943864992920336,hound,2,24,1,Perro1,C,C,Si,C,1.0
94386-40237,943864992920336,hound,2,24,2,Perro3,A,A,Si,A,1.0
94386-40237,943864992920336,hound,2,24,3,Perro5,C,C,Si,C,1.0
94386-40237,402371639059063,terrier,2,25,1,Perro1,B,Nada,Si,B,1.0
94386-40237,943864992920336,hound,2,25,1,Perro2,A,A,Si,A,1.0
94386-40237,943864992920336,hound,2,25,2,Perro3,C,C,Si,C,1.0
94386-40237,943864992920336,hound,2,25,3,Perro4,A,A,Si,A,1.0
94386-40237,943864992920336,hound,2,25,4,Perro5,A,A,Si,A,1.0
23585-52205,235859731771768,terrier,2,1,1,Perro3,B,Nada,No,,1.0
23585-52205,522058605648886,hound,2,1,1,Perro2,A,A,Si,,0.0
23585-52205,522058605648886,hound,2,1,2,Perro4,C,C,Si,,0.0
23585-52205,235859731771768,terrier,2,1,2,Perro5,D,Nada,No,,1.0
23585-52205,235859731771768,terrier,2,3,1,Perro3,D,Nada,No,B,1.0
23585-52205,235859731771768,terrier,2,3,2,Perro1,B,Nada,Si,B,1.0
23585-52205,522058605648886,hound,2,3,1,Perro2,C,Nada,-,C,0.0
23585-52205,522058605648886,hound,2,4,1,Perro3,A,Nada,Si,A,1.0
23585-52205,522058605648886,hound,2,4,2,Perro4,C,Nada,No,A,1.0
23585-52205,235859731771768,terrier,2,4,1,Perro1,B,Nada,Si,B,1.0
23585-52205,522058605648886,hound,2,4,3,Perro5,A,Nada,Si,A,1.0
23585-52205,235859731771768,terrier,2,4,2,Perro2,D,Nada,Si,D,1.0
23585-52205,522058605648886,hound,2,4,4,Perro4,C,C,No,A,1.0
23585-52205,522058605648886,hound,2,4,5,Perro3,A,A,Si,A,1.0
23585-52205,235859731771768,terrier,2,5,1,Perro3,D,Nada,No,B,1.0
23585-52205,235859731771768,terrier,2,5,2,Perro1,B,Nada,Si,B,1.0
23585-52205,235859731771768,terrier,2,5,3,Perro4,B,Nada,Si,B,1.0
23585-52205,522058605648886,hound,2,5,1,Perro2,A,Nada,No,C,1.0
23585-52205,522058605648886,hound,2,5,2,Perro5,A,Nada,Si,A,1.0
23585-52205,235859731771768,terrier,2,6,1,Perro1,B,Nada,Si,B,1.0
23585-52205,522058605648886,hound,2,6,1,Perro2,A,A,Si,A,1.0
23585-52205,235859731771768,terrier,2,6,2,Perro5,B,Nada,No,D,1.0
23585-52205,522058605648886,hound,2,6,2,Perro3,C,C,Si,C,1.0
23585-52205,522058605648886,hound,2,6,3,Perro2,A,A,Si,A,1.0
23585-52205,235859731771768,terrier,2,6,3,Perro5,B,B,No,D,1.0
23585-52205,522058605648886,hound,2,7,1,Perro4,A,A,Si,A,1.0
23585-52205,235859731771768,terrier,2,7,1,Perro5,D,Nada,Si,D,1.0
23585-52205,235859731771768,terrier,2,7,2,Perro3,D,Nada,Si,D,1.0
23585-52205,235859731771768,terrier,2,7,3,Perro2,B,Nada,Si,B,1.0
23585-52205,235859731771768,terrier,2,7,4,Perro1,B,Nada,Si,B,1.0
23585-52205,522058605648886,hound,2,7,2,Perro4,A,A,Si,A,1.0
23585-52205,522058605648886,hound,2,8,1,Perro3,A,A,Si,A,1.0
23585-52205,522058605648886,hound,2,8,2,Perro5,C,C,Si,A,0.0
23585-52205,522058605648886,hound,2,9,1,Perro5,A,Nada,No,C,1.0
23585-52205,522058605648886,hound,2,9,2,Perro1,A,Nada,Si,A,1.0
23585-52205,235859731771768,terrier,2,9,1,Perro2,D,Nada,No,B,1.0
23585-52205,235859731771768,terrier,2,9,2,Perro4,D,Nada,No,B,1.0
23585-52205,235859731771768,terrier,2,10,1,Perro2,B,Nada,No,D,1.0
23585-52205,235859731771768,terrier,2,10,2,Perro1,D,Nada,Si,D,1.0
23585-52205,522058605648886,hound,2,11,1,Perro4,A,Nada,No,C,1.0
23585-52205,522058605648886,hound,2,11,2,Perro3,A,Nada,Si,A,1.0
23585-52205,522058605648886,hound,2,11,3,Perro5,A,Nada,Si,A,1.0
23585-52205,235859731771768,terrier,2,11,1,Perro2,D,Nada,No,B,1.0
23585-52205,235859731771768,terrier,2,11,2,Perro1,D,Nada,Si,D,1.0
23585-52205,522058605648886,hound,2,12,1,Perro1,A,A,No,C,1.0
23585-52205,522058605648886,hound,2,13,1,Perro3,A,A,No,C,1.0
23585-52205,522058605648886,hound,2,13,2,Perro4,A,A,Si,A,1.0
23585-52205,522058605648886,hound,2,13,3,Perro5,A,A,No,C,1.0
23585-52205,235859731771768,terrier,2,14,1,Perro3,D,Nada,Si,D,1.0
23585-52205,522058605648886,hound,2,14,1,Perro4,C,C,No,A,1.0
23585-52205,522058605648886,hound,2,14,2,Perro5,A,A,Si,A,1.0
23585-52205,235859731771768,terrier,2,15,1,Perro2,D,Nada,Si,D,1.0
23585-52205,522058605648886,hound,2,15,1,Perro3,A,A,Si,A,1.0
23585-52205,235859731771768,terrier,2,15,2,Perro5,D,Nada,No,B,1.0
23585-52205,235859731771768,terrier,2,16,1,Perro3,D,Nada,Si,D,1.0
23585-52205,235859731771768,terrier,2,16,2,Perro4,D,Nada,Si,D,1.0
23585-52205,235859731771768,terrier,2,16,3,Perro5,D,Nada,Si,D,1.0
23585-52205,522058605648886,hound,2,17,1,Perro3,A,A,No,C,1.0
23585-52205,235859731771768,terrier,2,17,1,Perro2,B,Nada,Si,B,1.0
23585-52205,522058605648886,hound,2,17,2,Perro1,A,A,Si,A,1.0
23585-52205,235859731771768,terrier,2,17,2,Perro4,B,Nada,Si,B,1.0
23585-52205,522058605648886,hound,2,17,3,Perro1,A,A,-,A,0.0
23585-52205,522058605648886,hound,2,18,1,Perro1,C,C,Si,C,1.0
23585-52205,522058605648886,hound,2,19,1,Perro5,A,A,Si,A,1.0
23585-52205,522058605648886,hound,2,19,2,Perro2,A,A,Si,A,1.0
23585-52205,235859731771768,terrier,2,20,1,Perro3,D,D,Si,D,1.0
23585-52205,522058605648886,hound,2,20,1,Perro4,C,C,No,A,1.0
23585-52205,522058605648886,hound,2,21,1,Perro2,C,C,Si,C,1.0
23585-52205,522058605648886,hound,2,21,2,Perro5,A,A,Si,A,1.0
23585-52205,522058605648886,hound,2,21,3,Perro4,C,C,Si,C,1.0
23585-52205,235859731771768,terrier,2,22,1,Perro3,B,Nada,Si,B,1.0
23585-52205,522058605648886,hound,2,22,1,Perro4,C,C,Si,C,1.0
23585-52205,522058605648886,hound,2,23,1,Perro4,A,A,No,A,0.0
23585-52205,522058605648886,hound,2,23,2,Perro5,A,A,Si,A,1.0
23585-52205,522058605648886,hound,2,24,1,Perro1,A,A,No,C,1.0
23585-52205,522058605648886,hound,2,24,2,Perro2,A,A,Si,A,1.0
23585-52205,235859731771768,terrier,2,24,1,Perro4,B,Nada,No,D,1.0
23585-52205,522058605648886,hound,2,25,1,Perro2,A,A,Si,A,1.0
23585-52205,522058605648886,hound,2,25,2,Perro1,C,C,Si,C,1.0
23585-52205,235859731771768,terrier,2,25,1,Perro3,B,Nada,No,D,1.0
76079-87480,760791662383499,hound,2,1,1,Perro2,C,Nada,Si,C,1.0
76079-87480,874807326893128,terrier,2,1,1,Perro1,B,B,Si,B,1.0
76079-87480,760791662383499,hound,2,1,2,Perro3,C,Nada,Si,C,1.0
76079-87480,874807326893128,terrier,2,1,2,Perro4,D,D,Si,D,1.0
76079-87480,874807326893128,terrier,2,2,1,Perro3,D,Nada,Si,D,1.0
76079-87480,760791662383499,hound,2,2,1,Perro1,C,C,Si,C,1.0
76079-87480,874807326893128,terrier,2,3,1,Perro1,D,Nada,Si,D,1.0
76079-87480,760791662383499,hound,2,3,1,Perro4,C,C,No,A,1.0
76079-87480,760791662383499,hound,2,3,2,Perro5,B,Nada,No,C,1.0
76079-87480,874807326893128,terrier,2,3,2,Perro2,B,Nada,No,D,1.0
76079-87480,874807326893128,terrier,2,4,1,Perro1,B,Nada,Si,B,1.0
76079-87480,760791662383499,hound,2,4,1,Perro5,C,Nada,No,A,1.0
76079-87480,760791662383499,hound,2,4,2,Perro3,C,Nada,Si,C,1.0
76079-87480,874807326893128,terrier,2,4,2,Perro2,B,Nada,Si,B,1.0
76079-87480,874807326893128,terrier,2,5,1,Perro1,B,Nada,Si,B,1.0
76079-87480,760791662383499,hound,2,5,1,Perro2,B,Nada,No,C,1.0
76079-87480,760791662383499,hound,2,5,2,Perro4,C,Nada,Si,C,1.0
76079-87480,874807326893128,terrier,2,6,1,Perro2,B,Nada,Si,B,1.0
76079-87480,874807326893128,terrier,2,6,2,Perro5,D,Nada,Si,D,1.0
76079-87480,760791662383499,hound,2,6,1,Perro4,B,Nada,No,A,1.0
76079-87480,760791662383499,hound,2,6,2,Perro3,C,Nada,No,A,1.0
76079-87480,874807326893128,terrier,2,7,1,Perro1,B,Nada,Si,,0.0
76079-87480,874807326893128,terrier,2,7,2,Perro4,D,Nada,No,,1.0
76079-87480,874807326893128,terrier,2,7,3,Perro5,D,Nada,Si,,0.0
76079-87480,760791662383499,hound,2,7,1,Perro2,B,B,No,,1.0
76079-87480,874807326893128,terrier,2,7,4,Perro1,B,B,Si,,0.0
76079-87480,874807326893128,terrier,2,7,5,Perro4,D,Nada,-,,0.0
76079-87480,760791662383499,hound,2,7,2,Perro2,C,C,No,,1.0
76079-87480,874807326893128,terrier,2,7,6,Perro4,D,Nada,-,,0.0
76079-87480,874807326893128,terrier,2,7,7,Perro5,D,Nada,-,,0.0
76079-87480,760791662383499,hound,2,7,3,Perro3,C,C,Si,,0.0
76079-87480,874807326893128,terrier,2,8,1,Perro2,D,Nada,Si,D,1.0
76079-87480,874807326893128,terrier,2,8,2,Perro3,B,Nada,Si,B,1.0
76079-87480,874807326893128,terrier,2,8,3,Perro5,B,Nada,-,D,0.0
76079-87480,760791662383499,hound,2,8,1,Perro4,C,C,Si,C,1.0
76079-87480,874807326893128,terrier,2,9,1,Perro1,B,Nada,Si,B,1.0
76079-87480,760791662383499,hound,2,9,1,Perro2,C,C,Si,C,1.0
76079-87480,760791662383499,hound,2,9,2,Perro3,C,C,No,A,1.0
76079-87480,874807326893128,terrier,2,10,1,Perro2,B,Nada,No,D,1.0
76079-87480,874807326893128,terrier,2,10,2,Perro4,D,Nada,No,B,1.0
76079-87480,760791662383499,hound,2,10,1,Perro5,C,Nada,Si,C,1.0
76079-87480,760791662383499,hound,2,10,2,Perro1,C,Nada,No,A,1.0
76079-87480,760791662383499,hound,2,10,3,Perro3,A,Nada,Si,A,1.0
76079-87480,874807326893128,terrier,2,11,1,Perro3,D,Nada,Si,D,1.0
76079-87480,760791662383499,hound,2,11,1,Perro2,C,C,No,A,1.0
76079-87480,760791662383499,hound,2,11,2,Perro4,A,A,Si,A,1.0
76079-87480,760791662383499,hound,2,11,3,Perro5,C,C,Si,C,1.0
76079-87480,874807326893128,terrier,2,12,1,Perro1,B,Nada,No,D,1.0
76079-87480,874807326893128,terrier,2,12,2,Perro5,D,Nada,Si,D,1.0
76079-87480,760791662383499,hound,2,12,1,Perro4,C,C,Si,C,1.0
76079-87480,760791662383499,hound,2,12,2,Perro3,C,C,Si,C,1.0
76079-87480,874807326893128,terrier,2,13,1,Perro2,B,Nada,Si,B,1.0
76079-87480,874807326893128,terrier,2,13,2,Perro5,D,Nada,Si,D,1.0
76079-87480,874807326893128,terrier,2,13,3,Perro3,B,Nada,No,D,1.0
76079-87480,760791662383499,hound,2,13,1,Perro4,A,A,Si,A,1.0
76079-87480,760791662383499,hound,2,13,2,Perro1,A,A,Si,A,1.0
76079-87480,760791662383499,hound,2,13,3,Perro4,A,A,Si,A,1.0
76079-87480,874807326893128,terrier,2,13,4,Perro3,D,Nada,Si,D,1.0
76079-87480,874807326893128,terrier,2,14,1,Perro2,B,Nada,Si,B,1.0
76079-87480,874807326893128,terrier,2,14,2,Perro3,D,Nada,No,B,1.0
76079-87480,874807326893128,terrier,2,14,3,Perro4,D,Nada,No,B,1.0
76079-87480,760791662383499,hound,2,14,1,Perro5,C,C,Si,C,1.0
76079-87480,760791662383499,hound,2,14,2,Perro1,C,C,Si,C,1.0
76079-87480,874807326893128,terrier,2,15,1,Perro2,B,Nada,No,D,1.0
76079-87480,874807326893128,terrier,2,15,2,Perro4,D,Nada,Si,D,1.0
76079-87480,874807326893128,terrier,2,15,3,Perro5,B,Nada,Si,B,1.0
76079-87480,760791662383499,hound,2,15,1,Perro3,A,A,Si,A,1.0
76079-87480,760791662383499,hound,2,15,2,Perro1,C,C,Si,C,1.0
76079-87480,760791662383499,hound,2,15,3,Perro1,C,C,Si,C,1.0
76079-87480,874807326893128,terrier,2,16,1,Perro5,B,Nada,No,D,1.0
76079-87480,760791662383499,hound,2,16,1,Perro3,C,Nada,Si,C,1.0
76079-87480,760791662383499,hound,2,16,2,Perro4,C,Nada,Si,C,1.0
76079-87480,760791662383499,hound,2,16,3,Perro2,C,C,-,A,0.0
76079-87480,874807326893128,terrier,2,17,1,Perro1,B,Nada,No,D,1.0
76079-87480,874807326893128,terrier,2,17,2,Perro3,D,Nada,No,B,1.0
76079-87480,874807326893128,terrier,2,17,3,Perro4,B,Nada,Si,B,1.0
76079-87480,760791662383499,hound,2,17,1,Perro5,C,Nada,Si,C,1.0
76079-87480,760791662383499,hound,2,17,2,Perro2,C,Nada,Si,C,1.0
76079-87480,760791662383499,hound,2,17,3,Perro2,C,Nada,Si,C,1.0
76079-87480,874807326893128,terrier,2,17,4,Perro3,B,Nada,Si,B,1.0
76079-87480,874807326893128,terrier,2,17,5,Perro4,D,Nada,No,B,1.0
76079-87480,874807326893128,terrier,2,18,1,Perro3,B,Nada,No,D,1.0
76079-87480,874807326893128,terrier,2,18,2,Perro4,D,Nada,Si,D,1.0
76079-87480,874807326893128,terrier,2,18,3,Perro1,B,Nada,Si,B,1.0
76079-87480,760791662383499,hound,2,18,1,Perro5,C,Nada,No,A,1.0
76079-87480,760791662383499,hound,2,18,2,Perro2,C,C,Si,C,1.0
76079-87480,874807326893128,terrier,2,18,4,Perro3,D,Nada,Si,D,1.0
76079-87480,760791662383499,hound,2,18,3,Perro5,A,A,Si,A,1.0
76079-87480,874807326893128,terrier,2,19,1,Perro2,B,Nada,Si,B,1.0
76079-87480,874807326893128,terrier,2,19,2,Perro3,D,Nada,Si,D,1.0
76079-87480,874807326893128,terrier,2,19,3,Perro5,B,Nada,Si,B,1.0
76079-87480,760791662383499,hound,2,19,1,Perro4,A,Nada,Si,A,1.0
76079-87480,760791662383499,hound,2,19,2,Perro1,C,Nada,Si,C,1.0
76079-87480,874807326893128,terrier,2,19,4,Perro3,D,Nada,Si,D,1.0
76079-87480,760791662383499,hound,2,19,3,Perro4,A,A,Si,A,1.0
76079-87480,874807326893128,terrier,2,19,5,Perro5,D,Nada,No,B,1.0
76079-87480,874807326893128,terrier,2,20,1,Perro2,B,Nada,No,D,1.0
76079-87480,874807326893128,terrier,2,20,2,Perro5,D,Nada,Si,D,1.0
76079-87480,760791662383499,hound,2,20,1,Perro3,A,Nada,Si,A,1.0
76079-87480,760791662383499,hound,2,20,2,Perro4,C,C,No,A,1.0
76079-87480,874807326893128,terrier,2,20,3,Perro2,B,Nada,No,D,1.0
76079-87480,760791662383499,hound,2,20,3,Perro1,A,A,Si,A,1.0
76079-87480,760791662383499,hound,2,20,4,Perro4,A,A,Si,A,1.0
76079-87480,874807326893128,terrier,2,21,1,Perro4,B,Nada,Si,D,0.0
76079-87480,874807326893128,terrier,2,21,2,Perro5,D,Nada,Si,D,1.0
76079-87480,760791662383499,hound,2,21,1,Perro2,C,C,Si,C,1.0
76079-87480,874807326893128,terrier,2,21,3,Perro1,B,Nada,No,D,1.0
76079-87480,760791662383499,hound,2,21,2,Perro3,C,C,Si,C,1.0
76079-87480,874807326893128,terrier,2,21,4,Perro5,D,Nada,Si,D,1.0
76079-87480,874807326893128,terrier,2,22,1,Perro1,B,Nada,Si,B,1.0
76079-87480,874807326893128,terrier,2,22,2,Perro3,D,Nada,Si,B,0.0
76079-87480,874807326893128,terrier,2,22,3,Perro4,B,Nada,Si,B,1.0
76079-87480,760791662383499,hound,2,22,1,Perro5,C,Nada,Si,C,1.0
76079-87480,874807326893128,terrier,2,23,1,Perro1,B,Nada,Si,B,1.0
76079-87480,874807326893128,terrier,2,23,2,Perro2,D,Nada,No,B,1.0
76079-87480,874807326893128,terrier,2,23,3,Perro4,B,Nada,No,D,1.0
76079-87480,874807326893128,terrier,2,23,4,Perro5,D,Nada,Si,D,1.0
76079-87480,760791662383499,hound,2,23,1,Perro3,C,C,Si,C,1.0
76079-87480,874807326893128,terrier,2,24,1,Perro5,D,Nada,No,B,1.0
76079-87480,874807326893128,terrier,2,24,2,Perro1,B,Nada,No,D,1.0
76079-87480,760791662383499,hound,2,24,1,Perro4,C,C,Si,C,1.0
76079-87480,760791662383499,hound,2,24,2,Perro2,C,C,Si,C,1.0
76079-87480,760791662383499,hound,2,24,3,Perro3,C,C,Si,C,1.0
76079-87480,874807326893128,terrier,2,25,1,Perro4,B,Nada,Si,B,1.0
76079-87480,874807326893128,terrier,2,25,2,Perro2,D,Nada,Si,D,1.0
76079-87480,874807326893128,terrier,2,25,3,Perro1,B,Nada,No,D,1.0
76079-87480,760791662383499,hound,2,25,1,Perro5,A,A,Si,A,1.0
76079-87480,760791662383499,hound,2,25,2,Perro3,A,Nada,Si,A,1.0
76079-87480,760791662383499,hound,2,25,3,Perro3,A,Nada,Si,A,1.0
76079-87480,874807326893128,terrier,2,25,4,Perro1,B,Nada,-,D,0.0
56385-93983,563859218939246,hound,2,2,1,Perro3,C,Nada,Si,C,1.0
56385-93983,939838105107843,terrier,2,2,1,Perro1,D,D,Si,D,1.0
56385-93983,939838105107843,terrier,2,2,2,Perro1,D,D,Si,D,1.0
56385-93983,563859218939246,hound,2,2,2,Perro2,A,A,Si,A,1.0
56385-93983,563859218939246,hound,2,2,3,Perro4,A,A,Si,A,1.0
56385-93983,563859218939246,hound,2,4,1,Perro2,C,C,No,C,0.0
56385-93983,563859218939246,hound,2,4,2,Perro4,A,Nada,-,A,0.0
56385-93983,939838105107843,terrier,2,4,1,Perro1,D,Nada,No,B,1.0
56385-93983,939838105107843,terrier,2,4,2,Perro3,D,Nada,No,B,1.0
56385-93983,939838105107843,terrier,2,4,3,Perro5,D,Nada,No,B,1.0
56385-93983,939838105107843,terrier,2,5,1,Perro1,B,Nada,No,B,0.0
56385-93983,563859218939246,hound,2,5,1,Perro4,C,Nada,Si,C,1.0
56385-93983,563859218939246,hound,2,5,2,Perro5,C,Nada,Si,A,0.0
56385-93983,939838105107843,terrier,2,6,1,Perro3,D,Nada,-,B,0.0
56385-93983,939838105107843,terrier,2,7,1,Perro2,B,Nada,-,D,0.0
56385-93983,939838105107843,terrier,2,7,2,Perro4,B,Nada,-,D,0.0
56385-93983,939838105107843,terrier,2,9,1,Perro4,D,Nada,No,B,1.0
56385-93983,939838105107843,terrier,2,9,2,Perro5,D,Nada,-,B,0.0
56385-93983,939838105107843,terrier,2,12,1,Perro4,B,Nada,Si,B,1.0
56385-93983,939838105107843,terrier,2,12,2,Perro1,B,Nada,No,B,0.0
56385-93983,563859218939246,hound,2,12,1,Perro3,A,Nada,Si,A,1.0
56385-93983,939838105107843,terrier,2,13,1,Perro2,B,Nada,No,D,1.0
56385-93983,939838105107843,terrier,2,13,2,Perro5,B,Nada,-,D,0.0
56385-93983,563859218939246,hound,2,16,1,Perro4,C,C,Si,C,1.0
56385-93983,939838105107843,terrier,2,16,1,Perro5,B,Nada,No,D,1.0
56385-93983,939838105107843,terrier,2,17,1,Perro5,B,Nada,-,D,0.0
56385-93983,939838105107843,terrier,2,17,2,Perro1,B,Nada,Si,D,0.0
56385-93983,563859218939246,hound,2,17,1,Perro3,C,C,Si,C,1.0
56385-93983,563859218939246,hound,2,19,1,Perro3,A,Nada,-,A,0.0
56385-93983,939838105107843,terrier,2,19,1,Perro2,B,Nada,Si,B,1.0
56385-93983,563859218939246,hound,2,21,1,Perro4,A,A,Si,A,1.0
56385-93983,939838105107843,terrier,2,25,1,Perro2,B,Nada,Si,B,1.0
56385-93983,939838105107843,terrier,2,25,2,Perro1,B,Nada,Si,B,1.0
18067-91921,180672638373464,hound,2,1,1,Perro4,A,Nada,Si,A,1.0
18067-91921,919215741319732,terrier,2,1,1,Perro5,B,Nada,No,D,1.0
18067-91921,919215741319732,terrier,2,1,2,Perro2,B,Nada,-,B,0.0
18067-91921,919215741319732,terrier,2,2,1,Perro4,B,Nada,Si,B,1.0
18067-91921,180672638373464,hound,2,2,1,Perro3,C,C,Si,C,1.0
18067-91921,919215741319732,terrier,2,3,1,Perro5,B,Nada,No,D,1.0
18067-91921,180672638373464,hound,2,3,1,Perro2,C,C,No,A,1.0
18067-91921,919215741319732,terrier,2,5,1,Perro1,B,Nada,Si,B,1.0
18067-91921,919215741319732,terrier,2,6,1,Perro2,D,Nada,Si,D,1.0
18067-91921,180672638373464,hound,2,6,1,Perro1,A,A,Si,A,1.0
18067-91921,180672638373464,hound,2,6,2,Perro5,A,A,Si,A,1.0
18067-91921,180672638373464,hound,2,6,3,Perro3,A,A,-,A,0.0
18067-91921,919215741319732,terrier,2,6,2,Perro4,D,Nada,No,B,1.0
18067-91921,180672638373464,hound,2,7,1,Perro5,A,A,No,A,0.0
18067-91921,919215741319732,terrier,2,7,1,Perro2,B,Nada,Si,B,1.0
18067-91921,919215741319732,terrier,2,8,1,Perro1,D,D,Si,D,1.0
18067-91921,180672638373464,hound,2,9,1,Perro4,A,Nada,No,C,1.0
18067-91921,180672638373464,hound,2,9,2,Perro5,A,Nada,Si,A,1.0
18067-91921,919215741319732,terrier,2,9,1,Perro3,B,B,Si,B,1.0
18067-91921,180672638373464,hound,2,10,1,Perro2,C,Nada,Si,C,1.0
18067-91921,919215741319732,terrier,2,10,1,Perro4,B,Nada,Si,B,1.0
18067-91921,180672638373464,hound,2,11,1,Perro2,A,A,No,C,1.0
18067-91921,919215741319732,terrier,2,11,1,Perro3,B,B,No,B,0.0
18067-91921,180672638373464,hound,2,11,2,Perro5,C,C,Si,C,1.0
18067-91921,180672638373464,hound,2,12,1,Perro4,A,A,Si,A,1.0
18067-91921,180672638373464,hound,2,12,2,Perro2,C,C,-,A,0.0
18067-91921,180672638373464,hound,2,13,1,Perro1,A,Nada,Si,A,1.0
18067-91921,180672638373464,hound,2,13,2,Perro3,A,Nada,No,C,1.0
18067-91921,919215741319732,terrier,2,14,1,Perro2,B,Nada,No,B,0.0
18067-91921,180672638373464,hound,2,15,1,Perro5,C,C,No,A,1.0
18067-91921,180672638373464,hound,2,15,2,Perro2,A,A,No,C,1.0
18067-91921,180672638373464,hound,2,16,1,Perro5,A,Nada,No,C,1.0
18067-91921,180672638373464,hound,2,16,2,Perro1,C,Nada,-,A,0.0
18067-91921,919215741319732,terrier,2,17,1,Perro5,B,Nada,Si,B,1.0
18067-91921,919215741319732,terrier,2,17,2,Perro2,D,Nada,Si,D,1.0
18067-91921,180672638373464,hound,2,17,1,Perro3,A,A,No,A,0.0
18067-91921,919215741319732,terrier,2,18,1,Perro3,D,Nada,Si,B,0.0
18067-91921,919215741319732,terrier,2,19,1,Perro2,B,Nada,Si,B,1.0
12379-51238,123795257479166,terrier,2,1,1,Perro5,B,Nada,No,D,1.0
12379-51238,512381829158551,hound,2,1,1,Perro2,A,Nada,Si,A,1.0
12379-51238,123795257479166,terrier,2,1,2,Perro1,D,Nada,Si,D,1.0
12379-51238,512381829158551,hound,2,1,2,Perro4,A,Nada,Si,A,1.0
12379-51238,512381829158551,hound,2,2,1,Perro4,C,Nada,No,A,1.0
12379-51238,123795257479166,terrier,2,2,1,Perro2,B,Nada,No,D,1.0
12379-51238,123795257479166,terrier,2,2,2,Perro5,C,Nada,No,B,1.0
12379-51238,512381829158551,hound,2,2,2,Perro1,A,Nada,Si,A,1.0
12379-51238,512381829158551,hound,2,2,3,Perro3,C,Nada,-,C,0.0
12379-51238,512381829158551,hound,2,3,1,Perro3,A,Nada,No,C,1.0
12379-51238,123795257479166,terrier,2,3,1,Perro1,B,Nada,No,D,1.0
12379-51238,123795257479166,terrier,2,3,2,Perro4,C,Nada,No,B,1.0
12379-51238,512381829158551,hound,2,3,2,Perro5,A,Nada,Si,A,1.0
12379-51238,123795257479166,terrier,2,4,1,Perro1,B,Nada,Si,B,1.0
12379-51238,512381829158551,hound,2,4,1,Perro5,C,Nada,No,A,1.0
12379-51238,123795257479166,terrier,2,4,2,Perro4,D,Nada,Si,B,0.0
12379-51238,123795257479166,terrier,2,4,3,Perro3,D,Nada,Si,D,1.0
12379-51238,512381829158551,hound,2,5,1,Perro5,A,Nada,No,C,1.0
12379-51238,512381829158551,hound,2,6,1,Perro3,C,Nada,Si,C,1.0
12379-51238,123795257479166,terrier,2,6,1,Perro1,C,Nada,No,B,1.0
12379-51238,512381829158551,hound,2,7,1,Perro1,C,Nada,Si,C,1.0
12379-51238,512381829158551,hound,2,7,2,Perro2,A,Nada,No,C,1.0
12379-51238,512381829158551,hound,2,7,3,Perro4,A,Nada,Si,A,1.0
12379-51238,123795257479166,terrier,2,7,1,Perro5,D,Nada,Si,D,1.0
12379-51238,512381829158551,hound,2,8,1,Perro2,A,Nada,No,C,1.0
12379-51238,512381829158551,hound,2,8,2,Perro5,C,Nada,Si,C,1.0
12379-51238,123795257479166,terrier,2,8,1,Perro1,B,Nada,No,D,1.0
12379-51238,512381829158551,hound,2,9,1,Perro4,C,Nada,No,A,1.0
12379-51238,512381829158551,hound,2,11,1,Perro3,A,Nada,Si,A,1.0
12379-51238,512381829158551,hound,2,11,2,Perro5,C,Nada,Si,C,1.0
12379-51238,512381829158551,hound,2,12,1,Perro2,C,Nada,Si,C,1.0
12379-51238,512381829158551,hound,2,13,1,Perro1,C,Nada,No,A,1.0
12379-51238,512381829158551,hound,2,14,1,Perro2,A,Nada,No,C,1.0
12379-51238,512381829158551,hound,2,14,2,Perro5,C,Nada,No,C,0.0
12379-51238,123795257479166,terrier,2,14,1,Perro4,B,Nada,Si,B,1.0
12379-51238,512381829158551,hound,2,14,3,Perro1,A,Nada,Si,A,1.0
12379-51238,512381829158551,hound,2,15,1,Perro1,C,Nada,No,A,1.0
12379-51238,512381829158551,hound,2,15,2,Perro2,A,Nada,No,C,1.0
12379-51238,512381829158551,hound,2,15,3,Perro5,A,Nada,No,C,1.0
12379-51238,512381829158551,hound,2,16,1,Perro2,A,Nada,No,C,1.0
12379-51238,512381829158551,hound,2,17,1,Perro5,A,Nada,No,C,1.0
12379-51238,512381829158551,hound,2,18,1,Perro3,C,Nada,Si,C,1.0
12379-51238,512381829158551,hound,2,19,1,Perro1,A,Nada,Si,A,1.0
12379-51238,512381829158551,hound,2,20,1,Perro2,C,Nada,No,A,1.0
12379-51238,512381829158551,hound,2,21,1,Perro3,C,Nada,No,A,1.0
12379-51238,512381829158551,hound,2,21,2,Perro2,C,Nada,Si,C,1.0
12379-51238,512381829158551,hound,2,22,1,Perro2,A,Nada,Si,A,1.0
12379-51238,512381829158551,hound,2,23,1,Perro2,C,Nada,Si,C,1.0
12379-51238,512381829158551,hound,2,24,1,Perro1,A,A,Si,A,1.0
12379-51238,123795257479166,terrier,2,25,1,Perro2,D,Nada,No,B,1.0
12379-51238,512381829158551,hound,2,25,1,Perro5,A,A,Si,A,1.0
84379-84946,843798347728775,terrier,2,1,1,Perro2,C,Nada,-,D,0.0
84379-84946,843798347728775,terrier,2,2,1,Perro3,C,Nada,No,D,1.0
84379-84946,849465825727611,hound,2,2,1,Perro5,C,Nada,No,A,1.0
84379-84946,849465825727611,hound,2,3,1,Perro2,C,Nada,Si,C,1.0
84379-84946,843798347728775,terrier,2,3,1,Perro1,C,A,No,D,1.0
84379-84946,849465825727611,hound,2,4,1,Perro4,C,Nada,Si,C,1.0
84379-84946,843798347728775,terrier,2,4,1,Perro5,A,Nada,No se,B,0.0
84379-84946,843798347728775,terrier,2,5,1,Perro4,B,Nada,No,D,1.0
84379-84946,849465825727611,hound,2,5,1,Perro1,A,Nada,No,C,1.0
84379-84946,843798347728775,terrier,2,6,1,Perro2,D,Nada,No,B,1.0
84379-84946,843798347728775,terrier,2,7,1,Perro3,D,Nada,Si,D,1.0
84379-84946,843798347728775,terrier,2,9,1,Perro1,B,Nada,No,B,0.0
84379-84946,843798347728775,terrier,2,11,1,Perro1,D,Nada,No,B,1.0
84379-84946,843798347728775,terrier,2,15,1,Perro3,D,Nada,-,D,0.0
84379-84946,849465825727611,hound,2,19,1,Perro4,C,Nada,No,A,1.0
78126-35572,355721802475635,hound,2,1,1,Perro1,A,Nada,No,C,1.0
78126-35572,781261847597636,terrier,2,1,1,Perro2,D,Nada,Si,D,1.0
78126-35572,355721802475635,hound,2,1,2,Perro1,B,Nada,-,C,0.0
78126-35572,355721802475635,hound,2,2,1,Perro4,C,C,-,C,0.0
78126-35572,355721802475635,hound,2,3,1,Perro2,C,Nada,No,A,1.0
78126-35572,355721802475635,hound,2,3,2,Perro2,C,Nada,-,A,0.0
78126-35572,355721802475635,hound,2,3,3,Perro4,C,C,-,C,0.0
78126-35572,355721802475635,hound,2,3,4,Perro4,C,C,-,C,0.0
78126-35572,781261847597636,terrier,2,3,1,Perro3,D,D,Si,D,1.0
78126-35572,355721802475635,hound,2,3,5,Perro4,C,C,-,C,0.0
78126-35572,355721802475635,hound,2,3,6,Perro4,C,C,-,C,0.0
78126-35572,355721802475635,hound,2,4,1,Perro1,B,Nada,No se,,0.0
78126-35572,781261847597636,terrier,2,4,1,Perro5,A,Nada,No se,,0.0
78126-35572,355721802475635,hound,2,4,2,Perro1,A,Nada,-,,0.0
78126-35572,355721802475635,hound,2,4,3,Perro1,A,Nada,-,,0.0
78126-35572,355721802475635,hound,2,4,4,Perro2,C,C,-,,0.0
78126-35572,355721802475635,hound,2,5,1,Perro5,A,A,-,C,0.0
78126-35572,355721802475635,hound,2,5,2,Perro1,A,A,-,A,0.0
78126-35572,355721802475635,hound,2,5,3,Perro1,C,C,-,A,0.0
78126-35572,355721802475635,hound,2,6,1,Perro1,A,A,-,A,0.0
56364-66850,668507302070680,hound,2,1,1,Perro4,A,Nada,No,C,1.0
56364-66850,668507302070680,hound,2,1,2,Perro5,C,Nada,No,A,1.0
56364-66850,668507302070680,hound,2,1,3,Perro4,A,Nada,No,C,1.0
56364-66850,668507302070680,hound,2,1,4,Perro5,C,Nada,No,A,1.0
56364-66850,563641349706418,terrier,2,1,1,Perro2,B,B,-,D,0.0
56364-66850,668507302070680,hound,2,2,1,Perro2,A,Nada,No,C,1.0
56364-66850,668507302070680,hound,2,2,2,Perro5,C,Nada,No,A,1.0
56364-66850,563641349706418,terrier,2,2,1,Perro1,B,B,Si,B,1.0
56364-66850,668507302070680,hound,2,3,1,Perro1,C,Nada,No,A,1.0
56364-66850,668507302070680,hound,2,3,2,Perro2,C,Nada,Si,C,1.0
56364-66850,668507302070680,hound,2,3,3,Perro4,C,Nada,Si,C,1.0
56364-66850,668507302070680,hound,2,4,1,Perro2,A,Nada,-,A,0.0
56364-66850,668507302070680,hound,2,5,1,Perro5,A,Nada,No,A,0.0
56364-66850,668507302070680,hound,2,8,1,Perro1,A,Nada,No se,C,0.0
56364-66850,668507302070680,hound,2,8,2,Perro2,C,Nada,Si,C,1.0
56364-66850,668507302070680,hound,2,8,3,Perro3,A,Nada,No,C,1.0
56364-66850,668507302070680,hound,2,9,1,Perro5,C,Nada,No,A,1.0
56364-66850,668507302070680,hound,2,9,2,Perro3,A,Nada,No,C,1.0
56364-66850,668507302070680,hound,2,10,1,Perro2,A,Nada,Si,A,1.0
56364-66850,668507302070680,hound,2,10,2,Perro3,C,Nada,No,A,1.0
56364-66850,668507302070680,hound,2,10,3,Perro5,A,Nada,No,C,1.0
56364-66850,563641349706418,terrier,2,10,1,Perro4,B,B,No,B,0.0
56364-66850,668507302070680,hound,2,11,1,Perro3,C,Nada,-,A,0.0
56364-66850,668507302070680,hound,2,13,1,Perro4,C,A,No se,A,0.0
56364-66850,668507302070680,hound,2,15,1,Perro2,A,A,Si,A,1.0
56364-66850,668507302070680,hound,2,19,1,Perro1,C,Nada,Si,C,1.0
56364-66850,668507302070680,hound,2,20,1,Perro4,C,A,No,A,1.0
56364-66850,668507302070680,hound,2,20,2,Perro3,C,A,Si,A,0.0
56364-66850,668507302070680,hound,2,21,1,Perro5,C,Nada,No,A,1.0
56364-66850,668507302070680,hound,2,25,1,Perro2,C,Nada,Si,C,1.0
12379-51238,123795257479166,terrier,2,5,0,,,,,,
12379-51238,123795257479166,terrier,2,9,0,,,,,,
12379-51238,123795257479166,terrier,2,10,0,,,,,,
12379-51238,123795257479166,terrier,2,11,0,,,,,,
12379-51238,123795257479166,terrier,2,12,0,,,,,,
12379-51238,123795257479166,terrier,2,13,0,,,,,,
12379-51238,123795257479166,terrier,2,15,0,,,,,,
12379-51238,123795257479166,terrier,2,16,0,,,,,,
12379-51238,123795257479166,terrier,2,17,0,,,,,,
12379-51238,123795257479166,terrier,2,18,0,,,,,,
12379-51238,123795257479166,terrier,2,19,0,,,,,,
12379-51238,123795257479166,terrier,2,20,0,,,,,,
12379-51238,123795257479166,terrier,2,21,0,,,,,,
12379-51238,123795257479166,terrier,2,22,0,,,,,,
12379-51238,123795257479166,terrier,2,23,0,,,,,,
12379-51238,123795257479166,terrier,2,24,0,,,,,,
13761-83580,137619579400459,terrier,2,3,0,,,,,,
13761-83580,137619579400459,terrier,2,12,0,,,,,,
13761-83580,137619579400459,terrier,2,16,0,,,,,,
13761-83580,137619579400459,terrier,2,18,0,,,,,,
13761-83580,137619579400459,terrier,2,20,0,,,,,,
13761-83580,137619579400459,terrier,2,21,0,,,,,,
13761-83580,137619579400459,terrier,2,23,0,,,,,,
15349-95103,153498218008918,hound,2,7,0,,,,,,
15349-95103,153498218008918,hound,2,17,0,,,,,,
15349-95103,153498218008918,hound,2,18,0,,,,,,
18067-91921,180672638373464,hound,2,4,0,,,,,,
18067-91921,180672638373464,hound,2,5,0,,,,,,
18067-91921,180672638373464,hound,2,8,0,,,,,,
18067-91921,180672638373464,hound,2,14,0,,,,,,
18067-91921,180672638373464,hound,2,18,0,,,,,,
18067-91921,180672638373464,hound,2,19,0,,,,,,
18067-91921,180672638373464,hound,2,20,0,,,,,,
18067-91921,180672638373464,hound,2,21,0,,,,,,
18067-91921,180672638373464,hound,2,22,0,,,,,,
18067-91921,180672638373464,hound,2,23,0,,,,,,
18067-91921,180672638373464,hound,2,24,0,,,,,,
18067-91921,180672638373464,hound,2,25,0,,,,,,
23585-52205,235859731771768,terrier,2,2,0,,,,,,
23585-52205,235859731771768,terrier,2,8,0,,,,,,
23585-52205,235859731771768,terrier,2,12,0,,,,,,
23585-52205,235859731771768,terrier,2,13,0,,,,,,
23585-52205,235859731771768,terrier,2,18,0,,,,,,
23585-52205,235859731771768,terrier,2,19,0,,,,,,
23585-52205,235859731771768,terrier,2,21,0,,,,,,
23585-52205,235859731771768,terrier,2,23,0,,,,,,
28141-21409,281417746344637,hound,2,9,0,,,,,,
28141-21409,281417746344637,hound,2,12,0,,,,,,
28141-21409,281417746344637,hound,2,14,0,,,,,,
28141-21409,281417746344637,hound,2,15,0,,,,,,
28141-21409,281417746344637,hound,2,23,0,,,,,,
32111-69609,32111755046981,hound,2,3,0,,,,,,
32111-69609,32111755046981,hound,2,4,0,,,,,,
32111-69609,32111755046981,hound,2,5,0,,,,,,
32111-69609,32111755046981,hound,2,7,0,,,,,,
32111-69609,32111755046981,hound,2,8,0,,,,,,
32111-69609,32111755046981,hound,2,9,0,,,,,,
32111-69609,32111755046981,hound,2,10,0,,,,,,
32111-69609,32111755046981,hound,2,11,0,,,,,,
32111-69609,32111755046981,hound,2,13,0,,,,,,
32111-69609,32111755046981,hound,2,14,0,,,,,,
32111-69609,32111755046981,hound,2,15,0,,,,,,
32111-69609,32111755046981,hound,2,16,0,,,,,,
32111-69609,32111755046981,hound,2,17,0,,,,,,
32111-69609,32111755046981,hound,2,18,0,,,,,,
32111-69609,32111755046981,hound,2,20,0,,,,,,
32111-69609,32111755046981,hound,2,21,0,,,,,,
32111-69609,32111755046981,hound,2,23,0,,,,,,
32111-69609,32111755046981,hound,2,24,0,,,,,,
32111-69609,32111755046981,hound,2,25,0,,,,,,
78126-35572,355721802475635,hound,2,7,0,,,,,,
78126-35572,355721802475635,hound,2,8,0,,,,,,
78126-35572,355721802475635,hound,2,9,0,,,,,,
78126-35572,355721802475635,hound,2,10,0,,,,,,
78126-35572,355721802475635,hound,2,11,0,,,,,,
78126-35572,355721802475635,hound,2,12,0,,,,,,
78126-35572,355721802475635,hound,2,13,0,,,,,,
78126-35572,355721802475635,hound,2,14,0,,,,,,
78126-35572,355721802475635,hound,2,15,0,,,,,,
78126-35572,355721802475635,hound,2,16,0,,,,,,
78126-35572,355721802475635,hound,2,17,0,,,,,,
78126-35572,355721802475635,hound,2,18,0,,,,,,
78126-35572,355721802475635,hound,2,19,0,,,,,,
78126-35572,355721802475635,hound,2,20,0,,,,,,
78126-35572,355721802475635,hound,2,21,0,,,,,,
78126-35572,355721802475635,hound,2,22,0,,,,,,
78126-35572,355721802475635,hound,2,23,0,,,,,,
78126-35572,355721802475635,hound,2,24,0,,,,,,
78126-35572,355721802475635,hound,2,25,0,,,,,,
91665-36242,362421570668147,terrier,2,1,0,,,,,,
91665-36242,362421570668147,terrier,2,2,0,,,,,,
91665-36242,362421570668147,terrier,2,4,0,,,,,,
91665-36242,362421570668147,terrier,2,5,0,,,,,,
91665-36242,362421570668147,terrier,2,7,0,,,,,,
91665-36242,362421570668147,terrier,2,8,0,,,,,,
91665-36242,362421570668147,terrier,2,9,0,,,,,,
91665-36242,362421570668147,terrier,2,11,0,,,,,,
91665-36242,362421570668147,terrier,2,12,0,,,,,,
91665-36242,362421570668147,terrier,2,13,0,,,,,,
91665-36242,362421570668147,terrier,2,15,0,,,,,,
91665-36242,362421570668147,terrier,2,17,0,,,,,,
91665-36242,362421570668147,terrier,2,19,0,,,,,,
91665-36242,362421570668147,terrier,2,20,0,,,,,,
91665-36242,362421570668147,terrier,2,21,0,,,,,,
91665-36242,362421570668147,terrier,2,22,0,,,,,,
91665-36242,362421570668147,terrier,2,23,0,,,,,,
91665-36242,362421570668147,terrier,2,24,0,,,,,,
91665-36242,362421570668147,terrier,2,25,0,,,,,,
45981-38174,38174543864515,terrier,2,1,0,,,,,,
45981-38174,38174543864515,terrier,2,3,0,,,,,,
45981-38174,38174543864515,terrier,2,19,0,,,,,,
45981-38174,38174543864515,terrier,2,25,0,,,,,,
42404-27703,42404690668940,terrier,2,19,0,,,,,,
42404-27703,42404690668940,terrier,2,25,0,,,,,,
45981-38174,459819203408978,hound,2,1,0,,,,,,
45981-38174,459819203408978,hound,2,4,0,,,,,,
45981-38174,459819203408978,hound,2,7,0,,,,,,
45981-38174,459819203408978,hound,2,10,0,,,,,,
45981-38174,459819203408978,hound,2,19,0,,,,,,
45981-38174,459819203408978,hound,2,25,0,,,,,,
12379-51238,512381829158551,hound,2,10,0,,,,,,
23585-52205,522058605648886,hound,2,2,0,,,,,,
23585-52205,522058605648886,hound,2,10,0,,,,,,
23585-52205,522058605648886,hound,2,16,0,,,,,,
56364-66850,563641349706418,terrier,2,3,0,,,,,,
56364-66850,563641349706418,terrier,2,4,0,,,,,,
56364-66850,563641349706418,terrier,2,5,0,,,,,,
56364-66850,563641349706418,terrier,2,6,0,,,,,,
56364-66850,563641349706418,terrier,2,7,0,,,,,,
56364-66850,563641349706418,terrier,2,8,0,,,,,,
56364-66850,563641349706418,terrier,2,9,0,,,,,,
56364-66850,563641349706418,terrier,2,11,0,,,,,,
56364-66850,563641349706418,terrier,2,12,0,,,,,,
56364-66850,563641349706418,terrier,2,13,0,,,,,,
56364-66850,563641349706418,terrier,2,14,0,,,,,,
56364-66850,563641349706418,terrier,2,15,0,,,,,,
56364-66850,563641349706418,terrier,2,16,0,,,,,,
56364-66850,563641349706418,terrier,2,17,0,,,,,,
56364-66850,563641349706418,terrier,2,18,0,,,,,,
56364-66850,563641349706418,terrier,2,19,0,,,,,,
56364-66850,563641349706418,terrier,2,20,0,,,,,,
56364-66850,563641349706418,terrier,2,21,0,,,,,,
56364-66850,563641349706418,terrier,2,22,0,,,,,,
56364-66850,563641349706418,terrier,2,23,0,,,,,,
56364-66850,563641349706418,terrier,2,24,0,,,,,,
56364-66850,563641349706418,terrier,2,25,0,,,,,,
56385-93983,563859218939246,hound,2,1,0,,,,,,
56385-93983,563859218939246,hound,2,3,0,,,,,,
56385-93983,563859218939246,hound,2,6,0,,,,,,
56385-93983,563859218939246,hound,2,7,0,,,,,,
56385-93983,563859218939246,hound,2,8,0,,,,,,
56385-93983,563859218939246,hound,2,9,0,,,,,,
56385-93983,563859218939246,hound,2,10,0,,,,,,
56385-93983,563859218939246,hound,2,11,0,,,,,,
56385-93983,563859218939246,hound,2,13,0,,,,,,
56385-93983,563859218939246,hound,2,14,0,,,,,,
56385-93983,563859218939246,hound,2,15,0,,,,,,
56385-93983,563859218939246,hound,2,18,0,,,,,,
56385-93983,563859218939246,hound,2,20,0,,,,,,
56385-93983,563859218939246,hound,2,22,0,,,,,,
56385-93983,563859218939246,hound,2,23,0,,,,,,
56385-93983,563859218939246,hound,2,24,0,,,,,,
56385-93983,563859218939246,hound,2,25,0,,,,,,
13364-56585,56585762474570,hound,2,13,0,,,,,,
13364-56585,56585762474570,hound,2,17,0,,,,,,
13364-56585,56585762474570,hound,2,23,0,,,,,,
56364-66850,668507302070680,hound,2,6,0,,,,,,
56364-66850,668507302070680,hound,2,7,0,,,,,,
56364-66850,668507302070680,hound,2,12,0,,,,,,
56364-66850,668507302070680,hound,2,14,0,,,,,,
56364-66850,668507302070680,hound,2,16,0,,,,,,
56364-66850,668507302070680,hound,2,17,0,,,,,,
56364-66850,668507302070680,hound,2,18,0,,,,,,
56364-66850,668507302070680,hound,2,22,0,,,,,,
56364-66850,668507302070680,hound,2,23,0,,,,,,
56364-66850,668507302070680,hound,2,24,0,,,,,,
32111-69609,696092780970702,terrier,2,3,0,,,,,,
32111-69609,696092780970702,terrier,2,4,0,,,,,,
32111-69609,696092780970702,terrier,2,5,0,,,,,,
32111-69609,696092780970702,terrier,2,6,0,,,,,,
32111-69609,696092780970702,terrier,2,7,0,,,,,,
32111-69609,696092780970702,terrier,2,8,0,,,,,,
32111-69609,696092780970702,terrier,2,9,0,,,,,,
32111-69609,696092780970702,terrier,2,10,0,,,,,,
32111-69609,696092780970702,terrier,2,11,0,,,,,,
32111-69609,696092780970702,terrier,2,12,0,,,,,,
32111-69609,696092780970702,terrier,2,13,0,,,,,,
32111-69609,696092780970702,terrier,2,14,0,,,,,,
32111-69609,696092780970702,terrier,2,15,0,,,,,,
32111-69609,696092780970702,terrier,2,16,0,,,,,,
32111-69609,696092780970702,terrier,2,17,0,,,,,,
32111-69609,696092780970702,terrier,2,18,0,,,,,,
32111-69609,696092780970702,terrier,2,19,0,,,,,,
32111-69609,696092780970702,terrier,2,20,0,,,,,,
32111-69609,696092780970702,terrier,2,21,0,,,,,,
32111-69609,696092780970702,terrier,2,22,0,,,,,,
32111-69609,696092780970702,terrier,2,23,0,,,,,,
32111-69609,696092780970702,terrier,2,25,0,,,,,,
76562-84503,765625247183286,hound,2,2,0,,,,,,
76562-84503,765625247183286,hound,2,3,0,,,,,,
76562-84503,765625247183286,hound,2,4,0,,,,,,
76562-84503,765625247183286,hound,2,5,0,,,,,,
76562-84503,765625247183286,hound,2,6,0,,,,,,
76562-84503,765625247183286,hound,2,7,0,,,,,,
76562-84503,765625247183286,hound,2,8,0,,,,,,
76562-84503,765625247183286,hound,2,9,0,,,,,,
76562-84503,765625247183286,hound,2,10,0,,,,,,
76562-84503,765625247183286,hound,2,11,0,,,,,,
76562-84503,765625247183286,hound,2,12,0,,,,,,
76562-84503,765625247183286,hound,2,13,0,,,,,,
76562-84503,765625247183286,hound,2,14,0,,,,,,
76562-84503,765625247183286,hound,2,15,0,,,,,,
76562-84503,765625247183286,hound,2,16,0,,,,,,
76562-84503,765625247183286,hound,2,17,0,,,,,,
76562-84503,765625247183286,hound,2,18,0,,,,,,
76562-84503,765625247183286,hound,2,19,0,,,,,,
76562-84503,765625247183286,hound,2,20,0,,,,,,
76562-84503,765625247183286,hound,2,21,0,,,,,,
76562-84503,765625247183286,hound,2,22,0,,,,,,
76562-84503,765625247183286,hound,2,23,0,,,,,,
76562-84503,765625247183286,hound,2,24,0,,,,,,
76562-84503,765625247183286,hound,2,25,0,,,,,,
78126-35572,781261847597636,terrier,2,2,0,,,,,,
78126-35572,781261847597636,terrier,2,5,0,,,,,,
78126-35572,781261847597636,terrier,2,6,0,,,,,,
78126-35572,781261847597636,terrier,2,7,0,,,,,,
78126-35572,781261847597636,terrier,2,8,0,,,,,,
78126-35572,781261847597636,terrier,2,9,0,,,,,,
78126-35572,781261847597636,terrier,2,10,0,,,,,,
78126-35572,781261847597636,terrier,2,11,0,,,,,,
78126-35572,781261847597636,terrier,2,12,0,,,,,,
78126-35572,781261847597636,terrier,2,13,0,,,,,,
78126-35572,781261847597636,terrier,2,14,0,,,,,,
78126-35572,781261847597636,terrier,2,15,0,,,,,,
78126-35572,781261847597636,terrier,2,16,0,,,,,,
78126-35572,781261847597636,terrier,2,17,0,,,,,,
78126-35572,781261847597636,terrier,2,18,0,,,,,,
78126-35572,781261847597636,terrier,2,19,0,,,,,,
78126-35572,781261847597636,terrier,2,20,0,,,,,,
78126-35572,781261847597636,terrier,2,21,0,,,,,,
78126-35572,781261847597636,terrier,2,22,0,,,,,,
78126-35572,781261847597636,terrier,2,23,0,,,,,,
78126-35572,781261847597636,terrier,2,24,0,,,,,,
78126-35572,781261847597636,terrier,2,25,0,,,,,,
13761-83580,835804561913525,hound,2,3,0,,,,,,
13761-83580,835804561913525,hound,2,6,0,,,,,,
13761-83580,835804561913525,hound,2,9,0,,,,,,
13761-83580,835804561913525,hound,2,11,0,,,,,,
13761-83580,835804561913525,hound,2,12,0,,,,,,
13761-83580,835804561913525,hound,2,14,0,,,,,,
13761-83580,835804561913525,hound,2,15,0,,,,,,
13761-83580,835804561913525,hound,2,18,0,,,,,,
13761-83580,835804561913525,hound,2,19,0,,,,,,
13761-83580,835804561913525,hound,2,20,0,,,,,,
13761-83580,835804561913525,hound,2,21,0,,,,,,
13761-83580,835804561913525,hound,2,22,0,,,,,,
13761-83580,835804561913525,hound,2,23,0,,,,,,
13761-83580,835804561913525,hound,2,24,0,,,,,,
13761-83580,835804561913525,hound,2,25,0,,,,,,
84379-84946,843798347728775,terrier,2,8,0,,,,,,
84379-84946,843798347728775,terrier,2,10,0,,,,,,
84379-84946,843798347728775,terrier,2,12,0,,,,,,
84379-84946,843798347728775,terrier,2,13,0,,,,,,
84379-84946,843798347728775,terrier,2,14,0,,,,,,
84379-84946,843798347728775,terrier,2,16,0,,,,,,
84379-84946,843798347728775,terrier,2,17,0,,,,,,
84379-84946,843798347728775,terrier,2,18,0,,,,,,
84379-84946,843798347728775,terrier,2,19,0,,,,,,
84379-84946,843798347728775,terrier,2,20,0,,,,,,
84379-84946,843798347728775,terrier,2,21,0,,,,,,
84379-84946,843798347728775,terrier,2,22,0,,,,,,
84379-84946,843798347728775,terrier,2,23,0,,,,,,
84379-84946,843798347728775,terrier,2,24,0,,,,,,
84379-84946,843798347728775,terrier,2,25,0,,,,,,
76562-84503,845030447613389,terrier,2,3,0,,,,,,
76562-84503,845030447613389,terrier,2,4,0,,,,,,
76562-84503,845030447613389,terrier,2,5,0,,,,,,
76562-84503,845030447613389,terrier,2,6,0,,,,,,
76562-84503,845030447613389,terrier,2,7,0,,,,,,
76562-84503,845030447613389,terrier,2,8,0,,,,,,
76562-84503,845030447613389,terrier,2,9,0,,,,,,
76562-84503,845030447613389,terrier,2,10,0,,,,,,
76562-84503,845030447613389,terrier,2,11,0,,,,,,
76562-84503,845030447613389,terrier,2,12,0,,,,,,
76562-84503,845030447613389,terrier,2,13,0,,,,,,
76562-84503,845030447613389,terrier,2,14,0,,,,,,
76562-84503,845030447613389,terrier,2,15,0,,,,,,
76562-84503,845030447613389,terrier,2,16,0,,,,,,
76562-84503,845030447613389,terrier,2,17,0,,,,,,
76562-84503,845030447613389,terrier,2,18,0,,,,,,
76562-84503,845030447613389,terrier,2,19,0,,,,,,
76562-84503,845030447613389,terrier,2,20,0,,,,,,
76562-84503,845030447613389,terrier,2,21,0,,,,,,
76562-84503,845030447613389,terrier,2,22,0,,,,,,
76562-84503,845030447613389,terrier,2,23,0,,,,,,
76562-84503,845030447613389,terrier,2,24,0,,,,,,
76562-84503,845030447613389,terrier,2,25,0,,,,,,
84379-84946,849465825727611,hound,2,1,0,,,,,,
84379-84946,849465825727611,hound,2,6,0,,,,,,
84379-84946,849465825727611,hound,2,7,0,,,,,,
84379-84946,849465825727611,hound,2,8,0,,,,,,
84379-84946,849465825727611,hound,2,9,0,,,,,,
84379-84946,849465825727611,hound,2,10,0,,,,,,
84379-84946,849465825727611,hound,2,11,0,,,,,,
84379-84946,849465825727611,hound,2,12,0,,,,,,
84379-84946,849465825727611,hound,2,13,0,,,,,,
84379-84946,849465825727611,hound,2,14,0,,,,,,
84379-84946,849465825727611,hound,2,15,0,,,,,,
84379-84946,849465825727611,hound,2,16,0,,,,,,
84379-84946,849465825727611,hound,2,17,0,,,,,,
84379-84946,849465825727611,hound,2,18,0,,,,,,
84379-84946,849465825727611,hound,2,20,0,,,,,,
84379-84946,849465825727611,hound,2,21,0,,,,,,
84379-84946,849465825727611,hound,2,22,0,,,,,,
84379-84946,849465825727611,hound,2,23,0,,,,,,
84379-84946,849465825727611,hound,2,24,0,,,,,,
84379-84946,849465825727611,hound,2,25,0,,,,,,
86423-32256,864237546831637,terrier,2,1,0,,,,,,
86423-32256,864237546831637,terrier,2,6,0,,,,,,
86423-32256,864237546831637,terrier,2,8,0,,,,,,
86423-32256,864237546831637,terrier,2,9,0,,,,,,
86423-32256,864237546831637,terrier,2,11,0,,,,,,
86423-32256,864237546831637,terrier,2,13,0,,,,,,
86423-32256,864237546831637,terrier,2,14,0,,,,,,
86423-32256,864237546831637,terrier,2,15,0,,,,,,
86423-32256,864237546831637,terrier,2,16,0,,,,,,
86423-32256,864237546831637,terrier,2,17,0,,,,,,
86423-32256,864237546831637,terrier,2,18,0,,,,,,
86423-32256,864237546831637,terrier,2,19,0,,,,,,
86423-32256,864237546831637,terrier,2,20,0,,,,,,
86423-32256,864237546831637,terrier,2,21,0,,,,,,
86423-32256,864237546831637,terrier,2,22,0,,,,,,
86423-32256,864237546831637,terrier,2,23,0,,,,,,
86423-32256,864237546831637,terrier,2,24,0,,,,,,
86423-32256,864237546831637,terrier,2,25,0,,,,,,
91665-36242,916659229295256,hound,2,2,0,,,,,,
91665-36242,916659229295256,hound,2,4,0,,,,,,
91665-36242,916659229295256,hound,2,5,0,,,,,,
91665-36242,916659229295256,hound,2,7,0,,,,,,
91665-36242,916659229295256,hound,2,8,0,,,,,,
91665-36242,916659229295256,hound,2,11,0,,,,,,
91665-36242,916659229295256,hound,2,12,0,,,,,,
91665-36242,916659229295256,hound,2,13,0,,,,,,
91665-36242,916659229295256,hound,2,14,0,,,,,,
91665-36242,916659229295256,hound,2,16,0,,,,,,
91665-36242,916659229295256,hound,2,17,0,,,,,,
91665-36242,916659229295256,hound,2,18,0,,,,,,
91665-36242,916659229295256,hound,2,19,0,,,,,,
91665-36242,916659229295256,hound,2,20,0,,,,,,
91665-36242,916659229295256,hound,2,21,0,,,,,,
91665-36242,916659229295256,hound,2,22,0,,,,,,
91665-36242,916659229295256,hound,2,23,0,,,,,,
91665-36242,916659229295256,hound,2,24,0,,,,,,
91665-36242,916659229295256,hound,2,25,0,,,,,,
18067-91921,919215741319732,terrier,2,4,0,,,,,,
18067-91921,919215741319732,terrier,2,12,0,,,,,,
18067-91921,919215741319732,terrier,2,13,0,,,,,,
18067-91921,919215741319732,terrier,2,15,0,,,,,,
18067-91921,919215741319732,terrier,2,16,0,,,,,,
18067-91921,919215741319732,terrier,2,20,0,,,,,,
18067-91921,919215741319732,terrier,2,21,0,,,,,,
18067-91921,919215741319732,terrier,2,22,0,,,,,,
18067-91921,919215741319732,terrier,2,23,0,,,,,,
18067-91921,919215741319732,terrier,2,24,0,,,,,,
18067-91921,919215741319732,terrier,2,25,0,,,,,,
56385-93983,939838105107843,terrier,2,1,0,,,,,,
56385-93983,939838105107843,terrier,2,3,0,,,,,,
56385-93983,939838105107843,terrier,2,8,0,,,,,,
56385-93983,939838105107843,terrier,2,10,0,,,,,,
56385-93983,939838105107843,terrier,2,11,0,,,,,,
56385-93983,939838105107843,terrier,2,14,0,,,,,,
56385-93983,939838105107843,terrier,2,15,0,,,,,,
56385-93983,939838105107843,terrier,2,18,0,,,,,,
56385-93983,939838105107843,terrier,2,20,0,,,,,,
56385-93983,939838105107843,terrier,2,21,0,,,,,,
56385-93983,939838105107843,terrier,2,22,0,,,,,,
56385-93983,939838105107843,terrier,2,23,0,,,,,,
56385-93983,939838105107843,terrier,2,24,0,,,,,,
15349-95103,951034904396380,terrier,2,7,0,,,,,,
15349-95103,951034904396380,terrier,2,12,0,,,,,,
15349-95103,951034904396380,terrier,2,17,0,,,,,,
