Dyad,Player,Raza,Stage,Round,Score
32519-32519,325192931513079,terrier,5,1,4
32519-32519,325192931513079,terrier,5,2,2
32519-32519,325192931513079,terrier,5,3,4
32519-32519,325192931513079,terrier,5,4,4
32519-32519,325192931513079,terrier,5,5,3
32519-32519,325192931513079,terrier,5,6,2
32519-32519,325192931513079,terrier,5,7,4
32519-32519,325192931513079,terrier,5,8,2
32519-32519,325192931513079,terrier,5,9,2
32519-32519,325192931513079,terrier,5,10,1
32519-32519,325192931513079,terrier,5,11,4
32519-32519,325192931513079,terrier,5,12,4
32519-32519,325192931513079,terrier,5,13,3
32519-32519,325192931513079,terrier,5,14,3
32519-32519,325192931513079,terrier,5,16,3
32519-32519,325192931513079,terrier,5,17,3
32519-32519,325192931513079,terrier,5,18,5
32519-32519,325192931513079,terrier,5,19,3
32519-32519,325192931513079,terrier,5,20,3
32519-32519,325192931513079,terrier,5,21,5
32519-32519,325192931513079,terrier,5,22,4
32519-32519,325192931513079,terrier,5,23,5
32519-32519,325192931513079,terrier,5,24,4
32519-32519,325192931513079,terrier,5,25,4
32519-32519,325192931513079,terrier,6,1,4
32519-32519,325192931513079,terrier,6,2,3
32519-32519,325192931513079,terrier,6,3,2
32519-32519,325192931513079,terrier,6,4,5
32519-32519,325192931513079,terrier,6,5,4
32519-32519,325192931513079,terrier,6,6,4
32519-32519,325192931513079,terrier,6,7,5
32519-32519,325192931513079,terrier,6,8,3
32519-32519,325192931513079,terrier,6,9,3
32519-32519,325192931513079,terrier,6,10,4
32519-32519,325192931513079,terrier,6,11,5
32519-32519,325192931513079,terrier,6,12,4
32519-32519,325192931513079,terrier,6,13,4
32519-32519,325192931513079,terrier,6,14,4
32519-32519,325192931513079,terrier,6,15,4
32519-32519,325192931513079,terrier,6,16,5
32519-32519,325192931513079,terrier,6,17,4
32519-32519,325192931513079,terrier,6,18,4
32519-32519,325192931513079,terrier,6,19,4
32519-32519,325192931513079,terrier,6,20,5
32519-32519,325192931513079,terrier,6,21,5
32519-32519,325192931513079,terrier,6,22,5
32519-32519,325192931513079,terrier,6,23,5
32519-32519,325192931513079,terrier,6,24,4
32519-32519,325192931513079,terrier,6,25,4
57166-57166,571663380480362,terrier,5,1,4
57166-57166,571663380480362,terrier,5,2,3
57166-57166,571663380480362,terrier,5,3,3
57166-57166,571663380480362,terrier,5,4,4
57166-57166,571663380480362,terrier,5,5,4
57166-57166,571663380480362,terrier,5,6,3
57166-57166,571663380480362,terrier,5,7,5
57166-57166,571663380480362,terrier,5,8,5
57166-57166,571663380480362,terrier,5,9,4
57166-57166,571663380480362,terrier,5,10,3
57166-57166,571663380480362,terrier,5,11,4
57166-57166,571663380480362,terrier,5,12,5
57166-57166,571663380480362,terrier,5,13,5
57166-57166,571663380480362,terrier,5,14,4
57166-57166,571663380480362,terrier,5,15,5
57166-57166,571663380480362,terrier,5,16,5
57166-57166,571663380480362,terrier,5,17,4
57166-57166,571663380480362,terrier,5,18,5
57166-57166,571663380480362,terrier,5,19,5
57166-57166,571663380480362,terrier,5,20,5
57166-57166,571663380480362,terrier,5,21,5
57166-57166,571663380480362,terrier,5,22,4
57166-57166,571663380480362,terrier,5,23,4
57166-57166,571663380480362,terrier,5,24,4
57166-57166,571663380480362,terrier,5,25,5
57166-57166,571663380480362,terrier,6,1,3
57166-57166,571663380480362,terrier,6,2,5
57166-57166,571663380480362,terrier,6,3,5
57166-57166,571663380480362,terrier,6,4,5
57166-57166,571663380480362,terrier,6,5,5
57166-57166,571663380480362,terrier,6,6,4
57166-57166,571663380480362,terrier,6,7,4
57166-57166,571663380480362,terrier,6,8,4
57166-57166,571663380480362,terrier,6,9,4
57166-57166,571663380480362,terrier,6,10,4
57166-57166,571663380480362,terrier,6,11,4
57166-57166,571663380480362,terrier,6,12,5
57166-57166,571663380480362,terrier,6,13,3
57166-57166,571663380480362,terrier,6,14,5
57166-57166,571663380480362,terrier,6,15,5
57166-57166,571663380480362,terrier,6,16,5
57166-57166,571663380480362,terrier,6,17,1
57166-57166,571663380480362,terrier,6,18,5
57166-57166,571663380480362,terrier,6,19,5
57166-57166,571663380480362,terrier,6,20,3
57166-57166,571663380480362,terrier,6,21,3
57166-57166,571663380480362,terrier,6,22,5
57166-57166,571663380480362,terrier,6,23,5
57166-57166,571663380480362,terrier,6,24,5
57166-57166,571663380480362,terrier,6,25,4
57303-57303,573037277775110,hound,5,1,3
57303-57303,573037277775110,hound,5,2,4
57303-57303,573037277775110,hound,5,3,3
57303-57303,573037277775110,hound,5,4,3
57303-57303,573037277775110,hound,5,5,5
57303-57303,573037277775110,hound,5,6,5
57303-57303,573037277775110,hound,5,7,4
57303-57303,573037277775110,hound,5,8,5
57303-57303,573037277775110,hound,5,9,3
57303-57303,573037277775110,hound,5,10,5
57303-57303,573037277775110,hound,5,11,4
57303-57303,573037277775110,hound,5,12,3
57303-57303,573037277775110,hound,5,13,4
57303-57303,573037277775110,hound,5,14,5
57303-57303,573037277775110,hound,5,15,5
57303-57303,573037277775110,hound,5,16,5
57303-57303,573037277775110,hound,5,17,5
57303-57303,573037277775110,hound,5,18,5
57303-57303,573037277775110,hound,5,19,5
57303-57303,573037277775110,hound,5,20,4
57303-57303,573037277775110,hound,5,21,5
57303-57303,573037277775110,hound,5,22,5
57303-57303,573037277775110,hound,5,23,5
57303-57303,573037277775110,hound,5,24,5
57303-57303,573037277775110,hound,5,25,3
57303-57303,573037277775110,hound,6,1,5
57303-57303,573037277775110,hound,6,2,5
57303-57303,573037277775110,hound,6,3,5
57303-57303,573037277775110,hound,6,4,4
57303-57303,573037277775110,hound,6,5,5
57303-57303,573037277775110,hound,6,6,3
57303-57303,573037277775110,hound,6,7,4
57303-57303,573037277775110,hound,6,8,5
57303-57303,573037277775110,hound,6,9,5
57303-57303,573037277775110,hound,6,10,5
57303-57303,573037277775110,hound,6,11,3
57303-57303,573037277775110,hound,6,12,5
57303-57303,573037277775110,hound,6,13,4
57303-57303,573037277775110,hound,6,14,5
57303-57303,573037277775110,hound,6,15,5
57303-57303,573037277775110,hound,6,16,4
57303-57303,573037277775110,hound,6,17,3
57303-57303,573037277775110,hound,6,18,4
57303-57303,573037277775110,hound,6,19,5
57303-57303,573037277775110,hound,6,20,5
57303-57303,573037277775110,hound,6,21,5
57303-57303,573037277775110,hound,6,22,4
57303-57303,573037277775110,hound,6,23,5
57303-57303,573037277775110,hound,6,24,5
57303-57303,573037277775110,hound,6,25,5
54038-54038,540382156604799,terrier,5,1,3
54038-54038,540382156604799,terrier,5,2,4
54038-54038,540382156604799,terrier,5,3,5
54038-54038,540382156604799,terrier,5,4,5
54038-54038,540382156604799,terrier,5,5,5
54038-54038,540382156604799,terrier,5,6,3
54038-54038,540382156604799,terrier,5,7,4
54038-54038,540382156604799,terrier,5,8,3
54038-54038,540382156604799,terrier,5,9,5
54038-54038,540382156604799,terrier,5,10,5
54038-54038,540382156604799,terrier,5,11,4
54038-54038,540382156604799,terrier,5,12,5
54038-54038,540382156604799,terrier,5,13,4
54038-54038,540382156604799,terrier,5,14,3
54038-54038,540382156604799,terrier,5,15,5
54038-54038,540382156604799,terrier,5,16,5
54038-54038,540382156604799,terrier,5,17,5
54038-54038,540382156604799,terrier,5,18,5
54038-54038,540382156604799,terrier,5,19,5
54038-54038,540382156604799,terrier,5,20,5
54038-54038,540382156604799,terrier,5,21,5
54038-54038,540382156604799,terrier,5,22,5
54038-54038,540382156604799,terrier,5,23,5
54038-54038,540382156604799,terrier,5,24,5
54038-54038,540382156604799,terrier,5,25,5
54038-54038,540382156604799,terrier,6,1,3
54038-54038,540382156604799,terrier,6,2,5
54038-54038,540382156604799,terrier,6,3,4
54038-54038,540382156604799,terrier,6,4,5
54038-54038,540382156604799,terrier,6,5,4
54038-54038,540382156604799,terrier,6,6,3
54038-54038,540382156604799,terrier,6,7,5
54038-54038,540382156604799,terrier,6,8,4
54038-54038,540382156604799,terrier,6,9,5
54038-54038,540382156604799,terrier,6,10,5
54038-54038,540382156604799,terrier,6,11,4
54038-54038,540382156604799,terrier,6,12,5
54038-54038,540382156604799,terrier,6,13,5
54038-54038,540382156604799,terrier,6,14,5
54038-54038,540382156604799,terrier,6,15,4
54038-54038,540382156604799,terrier,6,16,4
54038-54038,540382156604799,terrier,6,17,3
54038-54038,540382156604799,terrier,6,18,5
54038-54038,540382156604799,terrier,6,19,4
54038-54038,540382156604799,terrier,6,20,5
54038-54038,540382156604799,terrier,6,21,3
54038-54038,540382156604799,terrier,6,22,4
54038-54038,540382156604799,terrier,6,23,5
54038-54038,540382156604799,terrier,6,24,5
54038-54038,540382156604799,terrier,6,25,5
88077-88077,880772070057086,hound,5,1,4
88077-88077,880772070057086,hound,5,2,5
88077-88077,880772070057086,hound,5,3,3
88077-88077,880772070057086,hound,5,4,5
88077-88077,880772070057086,hound,5,5,4
88077-88077,880772070057086,hound,5,6,3
88077-88077,880772070057086,hound,5,7,5
88077-88077,880772070057086,hound,5,8,5
88077-88077,880772070057086,hound,5,9,5
88077-88077,880772070057086,hound,5,10,5
88077-88077,880772070057086,hound,5,11,5
88077-88077,880772070057086,hound,5,12,5
88077-88077,880772070057086,hound,5,13,4
88077-88077,880772070057086,hound,5,14,4
88077-88077,880772070057086,hound,5,15,5
88077-88077,880772070057086,hound,5,16,5
88077-88077,880772070057086,hound,5,17,3
88077-88077,880772070057086,hound,5,18,4
88077-88077,880772070057086,hound,5,19,5
88077-88077,880772070057086,hound,5,20,5
88077-88077,880772070057086,hound,5,21,5
88077-88077,880772070057086,hound,5,22,5
88077-88077,880772070057086,hound,5,23,5
88077-88077,880772070057086,hound,5,24,4
88077-88077,880772070057086,hound,5,25,5
88077-88077,880772070057086,hound,6,1,5
88077-88077,880772070057086,hound,6,2,5
88077-88077,880772070057086,hound,6,3,4
88077-88077,880772070057086,hound,6,4,5
88077-88077,880772070057086,hound,6,5,5
88077-88077,880772070057086,hound,6,6,5
88077-88077,880772070057086,hound,6,7,5
88077-88077,880772070057086,hound,6,8,5
88077-88077,880772070057086,hound,6,9,4
88077-88077,880772070057086,hound,6,10,5
88077-88077,880772070057086,hound,6,11,5
88077-88077,880772070057086,hound,6,12,5
88077-88077,880772070057086,hound,6,13,5
88077-88077,880772070057086,hound,6,14,5
88077-88077,880772070057086,hound,6,15,3
88077-88077,880772070057086,hound,6,16,5
88077-88077,880772070057086,hound,6,17,5
88077-88077,880772070057086,hound,6,18,5
88077-88077,880772070057086,hound,6,19,4
88077-88077,880772070057086,hound,6,20,5
88077-88077,880772070057086,hound,6,21,5
88077-88077,880772070057086,hound,6,22,4
88077-88077,880772070057086,hound,6,23,4
88077-88077,880772070057086,hound,6,24,4
88077-88077,880772070057086,hound,6,25,5
73831-73831,738317011870272,terrier,5,1,2
73831-73831,738317011870272,terrier,5,2,4
73831-73831,738317011870272,terrier,5,3,4
73831-73831,738317011870272,terrier,5,4,5
73831-73831,738317011870272,terrier,5,5,4
73831-73831,738317011870272,terrier,5,6,3
73831-73831,738317011870272,terrier,5,7,5
73831-73831,738317011870272,terrier,5,8,4
73831-73831,738317011870272,terrier,5,9,2
73831-73831,738317011870272,terrier,5,10,3
73831-73831,738317011870272,terrier,5,11,3
73831-73831,738317011870272,terrier,5,12,3
73831-73831,738317011870272,terrier,5,13,5
73831-73831,738317011870272,terrier,5,14,5
73831-73831,738317011870272,terrier,5,15,5
73831-73831,738317011870272,terrier,5,16,4
73831-73831,738317011870272,terrier,5,17,5
73831-73831,738317011870272,terrier,5,18,3
73831-73831,738317011870272,terrier,5,19,4
73831-73831,738317011870272,terrier,5,20,4
73831-73831,738317011870272,terrier,5,21,4
73831-73831,738317011870272,terrier,5,22,5
73831-73831,738317011870272,terrier,5,23,4
73831-73831,738317011870272,terrier,5,24,4
73831-73831,738317011870272,terrier,5,25,4
73831-73831,738317011870272,terrier,6,1,5
73831-73831,738317011870272,terrier,6,2,4
73831-73831,738317011870272,terrier,6,3,5
73831-73831,738317011870272,terrier,6,4,5
73831-73831,738317011870272,terrier,6,5,4
73831-73831,738317011870272,terrier,6,6,5
73831-73831,738317011870272,terrier,6,7,4
73831-73831,738317011870272,terrier,6,8,3
73831-73831,738317011870272,terrier,6,9,5
73831-73831,738317011870272,terrier,6,10,3
73831-73831,738317011870272,terrier,6,11,3
73831-73831,738317011870272,terrier,6,12,4
73831-73831,738317011870272,terrier,6,13,4
73831-73831,738317011870272,terrier,6,14,5
73831-73831,738317011870272,terrier,6,15,4
73831-73831,738317011870272,terrier,6,16,3
73831-73831,738317011870272,terrier,6,17,4
73831-73831,738317011870272,terrier,6,18,5
73831-73831,738317011870272,terrier,6,19,5
73831-73831,738317011870272,terrier,6,20,2
73831-73831,738317011870272,terrier,6,21,5
73831-73831,738317011870272,terrier,6,22,5
73831-73831,738317011870272,terrier,6,23,5
73831-73831,738317011870272,terrier,6,24,4
73831-73831,738317011870272,terrier,6,25,5
22670-22670,22670179051182,hound,5,1,5
22670-22670,22670179051182,hound,5,2,5
22670-22670,22670179051182,hound,5,3,5
22670-22670,22670179051182,hound,5,4,5
22670-22670,22670179051182,hound,5,5,5
22670-22670,22670179051182,hound,5,6,5
22670-22670,22670179051182,hound,5,7,5
22670-22670,22670179051182,hound,5,8,5
22670-22670,22670179051182,hound,5,9,5
22670-22670,22670179051182,hound,5,10,4
22670-22670,22670179051182,hound,5,11,5
22670-22670,22670179051182,hound,5,12,5
22670-22670,22670179051182,hound,5,13,5
22670-22670,22670179051182,hound,5,14,4
22670-22670,22670179051182,hound,5,15,5
22670-22670,22670179051182,hound,5,16,5
22670-22670,22670179051182,hound,5,17,5
22670-22670,22670179051182,hound,5,18,5
22670-22670,22670179051182,hound,5,19,4
22670-22670,22670179051182,hound,5,20,5
22670-22670,22670179051182,hound,5,21,5
22670-22670,22670179051182,hound,5,22,5
22670-22670,22670179051182,hound,5,23,5
22670-22670,22670179051182,hound,5,24,5
22670-22670,22670179051182,hound,5,25,5
22670-22670,22670179051182,hound,6,1,3
22670-22670,22670179051182,hound,6,2,1
22670-22670,22670179051182,hound,6,3,4
22670-22670,22670179051182,hound,6,4,4
22670-22670,22670179051182,hound,6,5,4
22670-22670,22670179051182,hound,6,6,4
22670-22670,22670179051182,hound,6,7,3
22670-22670,22670179051182,hound,6,8,5
22670-22670,22670179051182,hound,6,9,5
22670-22670,22670179051182,hound,6,10,5
22670-22670,22670179051182,hound,6,11,4
22670-22670,22670179051182,hound,6,12,5
22670-22670,22670179051182,hound,6,13,5
22670-22670,22670179051182,hound,6,14,5
22670-22670,22670179051182,hound,6,15,5
22670-22670,22670179051182,hound,6,16,5
22670-22670,22670179051182,hound,6,17,5
22670-22670,22670179051182,hound,6,18,5
22670-22670,22670179051182,hound,6,19,4
22670-22670,22670179051182,hound,6,20,5
22670-22670,22670179051182,hound,6,21,4
22670-22670,22670179051182,hound,6,22,5
22670-22670,22670179051182,hound,6,23,5
22670-22670,22670179051182,hound,6,24,5
22670-22670,22670179051182,hound,6,25,5
33481-33481,334812688815254,terrier,5,1,3
33481-33481,334812688815254,terrier,5,2,5
33481-33481,334812688815254,terrier,5,3,3
33481-33481,334812688815254,terrier,5,4,5
33481-33481,334812688815254,terrier,5,5,5
33481-33481,334812688815254,terrier,5,6,4
33481-33481,334812688815254,terrier,5,7,3
33481-33481,334812688815254,terrier,5,8,5
33481-33481,334812688815254,terrier,5,9,5
33481-33481,334812688815254,terrier,5,10,5
33481-33481,334812688815254,terrier,5,11,5
33481-33481,334812688815254,terrier,5,12,5
33481-33481,334812688815254,terrier,5,13,5
33481-33481,334812688815254,terrier,5,14,5
33481-33481,334812688815254,terrier,5,15,5
33481-33481,334812688815254,terrier,5,16,5
33481-33481,334812688815254,terrier,5,17,5
33481-33481,334812688815254,terrier,5,18,5
33481-33481,334812688815254,terrier,5,19,5
33481-33481,334812688815254,terrier,5,20,5
33481-33481,334812688815254,terrier,5,21,5
33481-33481,334812688815254,terrier,5,22,5
33481-33481,334812688815254,terrier,5,23,5
33481-33481,334812688815254,terrier,5,24,5
33481-33481,334812688815254,terrier,5,25,5
33481-33481,334812688815254,terrier,6,1,3
33481-33481,334812688815254,terrier,6,2,4
33481-33481,334812688815254,terrier,6,3,5
33481-33481,334812688815254,terrier,6,4,5
33481-33481,334812688815254,terrier,6,5,5
33481-33481,334812688815254,terrier,6,6,5
33481-33481,334812688815254,terrier,6,7,5
33481-33481,334812688815254,terrier,6,8,5
33481-33481,334812688815254,terrier,6,9,5
33481-33481,334812688815254,terrier,6,10,5
33481-33481,334812688815254,terrier,6,11,5
33481-33481,334812688815254,terrier,6,12,5
33481-33481,334812688815254,terrier,6,13,5
33481-33481,334812688815254,terrier,6,14,5
33481-33481,334812688815254,terrier,6,15,4
33481-33481,334812688815254,terrier,6,16,5
33481-33481,334812688815254,terrier,6,17,5
33481-33481,334812688815254,terrier,6,18,5
33481-33481,334812688815254,terrier,6,19,5
33481-33481,334812688815254,terrier,6,20,5
33481-33481,334812688815254,terrier,6,21,5
33481-33481,334812688815254,terrier,6,22,5
33481-33481,334812688815254,terrier,6,23,5
33481-33481,334812688815254,terrier,6,24,5
33481-33481,334812688815254,terrier,6,25,5
25511-25511,255110968491286,hound,5,1,3
25511-25511,255110968491286,hound,5,2,5
25511-25511,255110968491286,hound,5,3,5
25511-25511,255110968491286,hound,5,4,1
25511-25511,255110968491286,hound,5,5,0
25511-25511,255110968491286,hound,5,6,2
25511-25511,255110968491286,hound,5,7,4
25511-25511,255110968491286,hound,5,8,5
25511-25511,255110968491286,hound,5,9,4
25511-25511,255110968491286,hound,5,10,5
25511-25511,255110968491286,hound,5,11,5
25511-25511,255110968491286,hound,5,12,5
25511-25511,255110968491286,hound,5,13,4
25511-25511,255110968491286,hound,5,14,5
25511-25511,255110968491286,hound,5,15,5
25511-25511,255110968491286,hound,5,16,5
25511-25511,255110968491286,hound,5,17,5
25511-25511,255110968491286,hound,5,18,5
25511-25511,255110968491286,hound,5,19,4
25511-25511,255110968491286,hound,5,20,5
25511-25511,255110968491286,hound,5,21,5
25511-25511,255110968491286,hound,5,22,5
25511-25511,255110968491286,hound,5,23,5
25511-25511,255110968491286,hound,5,24,5
25511-25511,255110968491286,hound,5,25,4
25511-25511,255110968491286,hound,6,1,4
25511-25511,255110968491286,hound,6,2,2
25511-25511,255110968491286,hound,6,3,3
25511-25511,255110968491286,hound,6,4,5
25511-25511,255110968491286,hound,6,5,2
25511-25511,255110968491286,hound,6,6,4
25511-25511,255110968491286,hound,6,7,5
25511-25511,255110968491286,hound,6,8,3
25511-25511,255110968491286,hound,6,9,4
25511-25511,255110968491286,hound,6,10,4
25511-25511,255110968491286,hound,6,11,4
25511-25511,255110968491286,hound,6,12,4
25511-25511,255110968491286,hound,6,13,5
25511-25511,255110968491286,hound,6,14,5
25511-25511,255110968491286,hound,6,15,5
25511-25511,255110968491286,hound,6,16,3
25511-25511,255110968491286,hound,6,17,3
25511-25511,255110968491286,hound,6,18,5
25511-25511,255110968491286,hound,6,19,4
25511-25511,255110968491286,hound,6,20,5
25511-25511,255110968491286,hound,6,21,4
25511-25511,255110968491286,hound,6,22,4
25511-25511,255110968491286,hound,6,23,5
25511-25511,255110968491286,hound,6,24,4
25511-25511,255110968491286,hound,6,25,3
12792-12792,127920437656239,hound,5,1,1
12792-12792,127920437656239,hound,5,2,3
12792-12792,127920437656239,hound,5,3,5
12792-12792,127920437656239,hound,5,4,5
12792-12792,127920437656239,hound,5,5,5
12792-12792,127920437656239,hound,5,6,5
12792-12792,127920437656239,hound,5,7,5
12792-12792,127920437656239,hound,5,8,4
12792-12792,127920437656239,hound,5,9,5
12792-12792,127920437656239,hound,5,10,5
12792-12792,127920437656239,hound,5,11,4
12792-12792,127920437656239,hound,5,12,5
12792-12792,127920437656239,hound,5,13,5
12792-12792,127920437656239,hound,5,14,5
12792-12792,127920437656239,hound,5,15,5
12792-12792,127920437656239,hound,5,16,5
12792-12792,127920437656239,hound,5,17,5
12792-12792,127920437656239,hound,5,18,5
12792-12792,127920437656239,hound,5,19,5
12792-12792,127920437656239,hound,5,20,5
12792-12792,127920437656239,hound,5,21,5
12792-12792,127920437656239,hound,5,22,5
12792-12792,127920437656239,hound,5,23,5
12792-12792,127920437656239,hound,5,24,5
12792-12792,127920437656239,hound,5,25,5
12792-12792,127920437656239,hound,6,1,4
12792-12792,127920437656239,hound,6,2,5
12792-12792,127920437656239,hound,6,3,4
12792-12792,127920437656239,hound,6,4,5
12792-12792,127920437656239,hound,6,5,5
12792-12792,127920437656239,hound,6,6,5
12792-12792,127920437656239,hound,6,7,4
12792-12792,127920437656239,hound,6,8,5
12792-12792,127920437656239,hound,6,9,5
12792-12792,127920437656239,hound,6,10,5
12792-12792,127920437656239,hound,6,11,4
12792-12792,127920437656239,hound,6,12,4
12792-12792,127920437656239,hound,6,13,5
12792-12792,127920437656239,hound,6,14,4
12792-12792,127920437656239,hound,6,15,5
12792-12792,127920437656239,hound,6,16,5
12792-12792,127920437656239,hound,6,17,5
12792-12792,127920437656239,hound,6,18,5
12792-12792,127920437656239,hound,6,19,5
12792-12792,127920437656239,hound,6,20,5
12792-12792,127920437656239,hound,6,21,5
12792-12792,127920437656239,hound,6,22,5
12792-12792,127920437656239,hound,6,23,5
12792-12792,127920437656239,hound,6,24,4
12792-12792,127920437656239,hound,6,25,4
10887-10887,108871467633524,terrier,5,1,5
10887-10887,108871467633524,terrier,5,2,4
10887-10887,108871467633524,terrier,5,3,4
10887-10887,108871467633524,terrier,5,4,5
10887-10887,108871467633524,terrier,5,5,4
10887-10887,108871467633524,terrier,5,6,5
10887-10887,108871467633524,terrier,5,7,5
10887-10887,108871467633524,terrier,5,8,4
10887-10887,108871467633524,terrier,5,9,5
10887-10887,108871467633524,terrier,5,10,5
10887-10887,108871467633524,terrier,5,11,5
10887-10887,108871467633524,terrier,5,12,5
10887-10887,108871467633524,terrier,5,13,5
10887-10887,108871467633524,terrier,5,14,5
10887-10887,108871467633524,terrier,5,15,5
10887-10887,108871467633524,terrier,5,16,5
10887-10887,108871467633524,terrier,5,17,5
10887-10887,108871467633524,terrier,5,18,5
10887-10887,108871467633524,terrier,5,19,5
10887-10887,108871467633524,terrier,5,20,5
10887-10887,108871467633524,terrier,5,21,5
10887-10887,108871467633524,terrier,5,22,5
10887-10887,108871467633524,terrier,5,23,5
10887-10887,108871467633524,terrier,5,24,5
10887-10887,108871467633524,terrier,5,25,4
10887-10887,108871467633524,terrier,6,1,5
10887-10887,108871467633524,terrier,6,2,5
10887-10887,108871467633524,terrier,6,3,5
10887-10887,108871467633524,terrier,6,4,5
10887-10887,108871467633524,terrier,6,5,5
10887-10887,108871467633524,terrier,6,6,5
10887-10887,108871467633524,terrier,6,7,4
10887-10887,108871467633524,terrier,6,8,5
10887-10887,108871467633524,terrier,6,9,4
10887-10887,108871467633524,terrier,6,10,5
10887-10887,108871467633524,terrier,6,11,5
10887-10887,108871467633524,terrier,6,12,4
10887-10887,108871467633524,terrier,6,13,5
10887-10887,108871467633524,terrier,6,14,5
10887-10887,108871467633524,terrier,6,15,5
10887-10887,108871467633524,terrier,6,16,5
10887-10887,108871467633524,terrier,6,17,5
10887-10887,108871467633524,terrier,6,18,5
10887-10887,108871467633524,terrier,6,19,4
10887-10887,108871467633524,terrier,6,20,5
10887-10887,108871467633524,terrier,6,21,5
10887-10887,108871467633524,terrier,6,22,5
10887-10887,108871467633524,terrier,6,23,5
10887-10887,108871467633524,terrier,6,24,4
10887-10887,108871467633524,terrier,6,25,5
18011-18011,180110278733992,terrier,5,1,0
18011-18011,180110278733992,terrier,5,2,4
18011-18011,180110278733992,terrier,5,3,2
18011-18011,180110278733992,terrier,5,4,3
18011-18011,180110278733992,terrier,5,5,4
18011-18011,180110278733992,terrier,5,6,0
18011-18011,180110278733992,terrier,5,7,3
18011-18011,180110278733992,terrier,5,8,2
18011-18011,180110278733992,terrier,5,9,4
18011-18011,180110278733992,terrier,5,10,3
18011-18011,180110278733992,terrier,5,11,3
18011-18011,180110278733992,terrier,5,12,4
18011-18011,180110278733992,terrier,5,13,4
18011-18011,180110278733992,terrier,5,14,2
18011-18011,180110278733992,terrier,5,15,5
18011-18011,180110278733992,terrier,5,16,5
18011-18011,180110278733992,terrier,5,17,4
18011-18011,180110278733992,terrier,5,18,3
18011-18011,180110278733992,terrier,5,19,5
18011-18011,180110278733992,terrier,5,20,4
18011-18011,180110278733992,terrier,5,21,3
18011-18011,180110278733992,terrier,5,22,3
18011-18011,180110278733992,terrier,5,23,3
18011-18011,180110278733992,terrier,5,24,5
18011-18011,180110278733992,terrier,5,25,5
18011-18011,180110278733992,terrier,6,1,2
18011-18011,180110278733992,terrier,6,2,3
18011-18011,180110278733992,terrier,6,3,3
18011-18011,180110278733992,terrier,6,4,4
18011-18011,180110278733992,terrier,6,5,5
18011-18011,180110278733992,terrier,6,6,3
18011-18011,180110278733992,terrier,6,7,4
18011-18011,180110278733992,terrier,6,8,3
18011-18011,180110278733992,terrier,6,9,4
18011-18011,180110278733992,terrier,6,10,3
18011-18011,180110278733992,terrier,6,11,3
18011-18011,180110278733992,terrier,6,12,5
18011-18011,180110278733992,terrier,6,13,5
18011-18011,180110278733992,terrier,6,14,4
18011-18011,180110278733992,terrier,6,15,2
18011-18011,180110278733992,terrier,6,16,4
18011-18011,180110278733992,terrier,6,17,5
18011-18011,180110278733992,terrier,6,18,3
18011-18011,180110278733992,terrier,6,19,5
18011-18011,180110278733992,terrier,6,20,4
18011-18011,180110278733992,terrier,6,21,3
18011-18011,180110278733992,terrier,6,22,3
18011-18011,180110278733992,terrier,6,23,2
18011-18011,180110278733992,terrier,6,24,3
18011-18011,180110278733992,terrier,6,25,1
98198-98198,981987360384333,hound,5,1,1
98198-98198,981987360384333,hound,5,2,5
98198-98198,981987360384333,hound,5,3,5
98198-98198,981987360384333,hound,5,4,4
98198-98198,981987360384333,hound,5,5,0
98198-98198,981987360384333,hound,5,6,4
98198-98198,981987360384333,hound,5,7,4
98198-98198,981987360384333,hound,5,8,1
98198-98198,981987360384333,hound,5,9,5
98198-98198,981987360384333,hound,5,10,0
98198-98198,981987360384333,hound,5,11,5
98198-98198,981987360384333,hound,5,12,5
98198-98198,981987360384333,hound,5,13,5
98198-98198,981987360384333,hound,5,14,5
98198-98198,981987360384333,hound,5,15,5
98198-98198,981987360384333,hound,5,16,4
98198-98198,981987360384333,hound,5,17,5
98198-98198,981987360384333,hound,5,18,5
98198-98198,981987360384333,hound,5,19,5
98198-98198,981987360384333,hound,5,20,5
98198-98198,981987360384333,hound,5,21,5
98198-98198,981987360384333,hound,5,22,5
98198-98198,981987360384333,hound,5,23,5
98198-98198,981987360384333,hound,5,24,5
98198-98198,981987360384333,hound,5,25,5
98198-98198,981987360384333,hound,6,1,5
98198-98198,981987360384333,hound,6,2,5
98198-98198,981987360384333,hound,6,3,5
98198-98198,981987360384333,hound,6,4,4
98198-98198,981987360384333,hound,6,5,5
98198-98198,981987360384333,hound,6,6,4
98198-98198,981987360384333,hound,6,7,5
98198-98198,981987360384333,hound,6,8,5
98198-98198,981987360384333,hound,6,9,3
98198-98198,981987360384333,hound,6,10,5
98198-98198,981987360384333,hound,6,11,5
98198-98198,981987360384333,hound,6,12,5
98198-98198,981987360384333,hound,6,13,5
98198-98198,981987360384333,hound,6,14,5
98198-98198,981987360384333,hound,6,15,5
98198-98198,981987360384333,hound,6,16,5
98198-98198,981987360384333,hound,6,17,5
98198-98198,981987360384333,hound,6,18,4
98198-98198,981987360384333,hound,6,19,5
98198-98198,981987360384333,hound,6,20,5
98198-98198,981987360384333,hound,6,21,5
98198-98198,981987360384333,hound,6,22,5
98198-98198,981987360384333,hound,6,23,5
98198-98198,981987360384333,hound,6,24,4
98198-98198,981987360384333,hound,6,25,5
66423-66423,664235792601129,terrier,5,1,4
66423-66423,664235792601129,terrier,5,2,3
66423-66423,664235792601129,terrier,5,3,5
66423-66423,664235792601129,terrier,5,4,5
66423-66423,664235792601129,terrier,5,5,3
66423-66423,664235792601129,terrier,5,6,4
66423-66423,664235792601129,terrier,5,7,3
66423-66423,664235792601129,terrier,5,8,3
66423-66423,664235792601129,terrier,5,9,4
66423-66423,664235792601129,terrier,5,10,4
66423-66423,664235792601129,terrier,5,11,5
66423-66423,664235792601129,terrier,5,12,5
66423-66423,664235792601129,terrier,5,13,5
66423-66423,664235792601129,terrier,5,14,5
66423-66423,664235792601129,terrier,5,15,5
66423-66423,664235792601129,terrier,5,16,5
66423-66423,664235792601129,terrier,5,17,4
66423-66423,664235792601129,terrier,5,18,5
66423-66423,664235792601129,terrier,5,19,5
66423-66423,664235792601129,terrier,5,20,5
66423-66423,664235792601129,terrier,5,21,5
66423-66423,664235792601129,terrier,5,22,4
66423-66423,664235792601129,terrier,5,23,5
66423-66423,664235792601129,terrier,5,24,5
66423-66423,664235792601129,terrier,5,25,4
66423-66423,664235792601129,terrier,6,1,4
66423-66423,664235792601129,terrier,6,2,3
66423-66423,664235792601129,terrier,6,3,3
66423-66423,664235792601129,terrier,6,4,3
66423-66423,664235792601129,terrier,6,5,4
66423-66423,664235792601129,terrier,6,6,4
66423-66423,664235792601129,terrier,6,7,4
66423-66423,664235792601129,terrier,6,8,4
66423-66423,664235792601129,terrier,6,9,4
66423-66423,664235792601129,terrier,6,10,2
66423-66423,664235792601129,terrier,6,11,5
66423-66423,664235792601129,terrier,6,12,4
66423-66423,664235792601129,terrier,6,13,4
66423-66423,664235792601129,terrier,6,14,4
66423-66423,664235792601129,terrier,6,15,4
66423-66423,664235792601129,terrier,6,16,3
66423-66423,664235792601129,terrier,6,17,4
66423-66423,664235792601129,terrier,6,18,5
66423-66423,664235792601129,terrier,6,19,5
66423-66423,664235792601129,terrier,6,20,5
66423-66423,664235792601129,terrier,6,21,5
66423-66423,664235792601129,terrier,6,22,4
66423-66423,664235792601129,terrier,6,23,5
66423-66423,664235792601129,terrier,6,24,5
66423-66423,664235792601129,terrier,6,25,5
86988-86988,869886377962650,terrier,5,1,3
86988-86988,869886377962650,terrier,5,2,3
86988-86988,869886377962650,terrier,5,3,4
86988-86988,869886377962650,terrier,5,4,4
86988-86988,869886377962650,terrier,5,5,5
86988-86988,869886377962650,terrier,5,6,3
86988-86988,869886377962650,terrier,5,7,5
86988-86988,869886377962650,terrier,5,8,4
86988-86988,869886377962650,terrier,5,9,5
86988-86988,869886377962650,terrier,5,10,4
86988-86988,869886377962650,terrier,5,11,4
86988-86988,869886377962650,terrier,5,12,5
86988-86988,869886377962650,terrier,5,13,5
86988-86988,869886377962650,terrier,5,14,5
86988-86988,869886377962650,terrier,5,15,5
86988-86988,869886377962650,terrier,5,16,5
86988-86988,869886377962650,terrier,5,17,5
86988-86988,869886377962650,terrier,5,18,5
86988-86988,869886377962650,terrier,5,19,5
86988-86988,869886377962650,terrier,5,20,5
86988-86988,869886377962650,terrier,5,21,4
86988-86988,869886377962650,terrier,5,22,4
86988-86988,869886377962650,terrier,5,23,5
86988-86988,869886377962650,terrier,5,24,5
86988-86988,869886377962650,terrier,5,25,5
86988-86988,869886377962650,terrier,6,1,4
86988-86988,869886377962650,terrier,6,2,1
86988-86988,869886377962650,terrier,6,3,3
86988-86988,869886377962650,terrier,6,4,3
86988-86988,869886377962650,terrier,6,5,4
86988-86988,869886377962650,terrier,6,6,4
86988-86988,869886377962650,terrier,6,7,5
86988-86988,869886377962650,terrier,6,8,4
86988-86988,869886377962650,terrier,6,9,5
86988-86988,869886377962650,terrier,6,10,4
86988-86988,869886377962650,terrier,6,11,5
86988-86988,869886377962650,terrier,6,12,3
86988-86988,869886377962650,terrier,6,13,5
86988-86988,869886377962650,terrier,6,14,4
86988-86988,869886377962650,terrier,6,15,4
86988-86988,869886377962650,terrier,6,16,5
86988-86988,869886377962650,terrier,6,17,5
86988-86988,869886377962650,terrier,6,18,4
86988-86988,869886377962650,terrier,6,19,5
86988-86988,869886377962650,terrier,6,20,5
86988-86988,869886377962650,terrier,6,21,4
86988-86988,869886377962650,terrier,6,22,5
86988-86988,869886377962650,terrier,6,23,5
86988-86988,869886377962650,terrier,6,24,5
86988-86988,869886377962650,terrier,6,25,5
54850-54850,548501040078868,terrier,5,1,4
54850-54850,548501040078868,terrier,5,2,5
54850-54850,548501040078868,terrier,5,3,5
54850-54850,548501040078868,terrier,5,4,5
54850-54850,548501040078868,terrier,5,5,4
54850-54850,548501040078868,terrier,5,6,4
54850-54850,548501040078868,terrier,5,7,5
54850-54850,548501040078868,terrier,5,8,5
54850-54850,548501040078868,terrier,5,9,5
54850-54850,548501040078868,terrier,5,10,5
54850-54850,548501040078868,terrier,5,11,5
54850-54850,548501040078868,terrier,5,12,5
54850-54850,548501040078868,terrier,5,13,5
54850-54850,548501040078868,terrier,5,14,5
54850-54850,548501040078868,terrier,5,15,5
54850-54850,548501040078868,terrier,5,16,5
54850-54850,548501040078868,terrier,5,17,5
54850-54850,548501040078868,terrier,5,18,5
54850-54850,548501040078868,terrier,5,19,5
54850-54850,548501040078868,terrier,5,20,5
54850-54850,548501040078868,terrier,5,21,5
54850-54850,548501040078868,terrier,5,22,5
54850-54850,548501040078868,terrier,5,23,5
54850-54850,548501040078868,terrier,5,24,5
54850-54850,548501040078868,terrier,5,25,5
54850-54850,548501040078868,terrier,6,1,4
54850-54850,548501040078868,terrier,6,2,3
54850-54850,548501040078868,terrier,6,3,4
54850-54850,548501040078868,terrier,6,4,2
54850-54850,548501040078868,terrier,6,5,4
54850-54850,548501040078868,terrier,6,6,5
54850-54850,548501040078868,terrier,6,7,2
54850-54850,548501040078868,terrier,6,8,5
54850-54850,548501040078868,terrier,6,9,5
54850-54850,548501040078868,terrier,6,10,4
54850-54850,548501040078868,terrier,6,11,5
54850-54850,548501040078868,terrier,6,12,4
54850-54850,548501040078868,terrier,6,13,5
54850-54850,548501040078868,terrier,6,14,5
54850-54850,548501040078868,terrier,6,15,5
54850-54850,548501040078868,terrier,6,16,5
54850-54850,548501040078868,terrier,6,17,5
54850-54850,548501040078868,terrier,6,18,5
54850-54850,548501040078868,terrier,6,19,3
54850-54850,548501040078868,terrier,6,20,5
54850-54850,548501040078868,terrier,6,21,5
54850-54850,548501040078868,terrier,6,22,5
54850-54850,548501040078868,terrier,6,23,5
54850-54850,548501040078868,terrier,6,24,5
54850-54850,548501040078868,terrier,6,25,5
54408-54408,544084475018033,terrier,5,1,3
54408-54408,544084475018033,terrier,5,2,5
54408-54408,544084475018033,terrier,5,3,5
54408-54408,544084475018033,terrier,5,4,5
54408-54408,544084475018033,terrier,5,5,5
54408-54408,544084475018033,terrier,5,6,5
54408-54408,544084475018033,terrier,5,7,5
54408-54408,544084475018033,terrier,5,8,5
54408-54408,544084475018033,terrier,5,9,5
54408-54408,544084475018033,terrier,5,10,5
54408-54408,544084475018033,terrier,5,11,5
54408-54408,544084475018033,terrier,5,12,5
54408-54408,544084475018033,terrier,5,13,5
54408-54408,544084475018033,terrier,5,14,5
54408-54408,544084475018033,terrier,5,15,5
54408-54408,544084475018033,terrier,5,16,5
54408-54408,544084475018033,terrier,5,17,5
54408-54408,544084475018033,terrier,5,18,5
54408-54408,544084475018033,terrier,5,19,5
54408-54408,544084475018033,terrier,5,20,5
54408-54408,544084475018033,terrier,5,21,5
54408-54408,544084475018033,terrier,5,22,5
54408-54408,544084475018033,terrier,5,23,5
54408-54408,544084475018033,terrier,5,24,5
54408-54408,544084475018033,terrier,5,25,5
54408-54408,544084475018033,terrier,6,1,4
54408-54408,544084475018033,terrier,6,2,3
54408-54408,544084475018033,terrier,6,3,1
54408-54408,544084475018033,terrier,6,4,3
54408-54408,544084475018033,terrier,6,5,2
54408-54408,544084475018033,terrier,6,6,4
54408-54408,544084475018033,terrier,6,7,4
54408-54408,544084475018033,terrier,6,8,2
54408-54408,544084475018033,terrier,6,9,2
54408-54408,544084475018033,terrier,6,10,3
54408-54408,544084475018033,terrier,6,11,5
54408-54408,544084475018033,terrier,6,12,2
54408-54408,544084475018033,terrier,6,13,3
54408-54408,544084475018033,terrier,6,14,5
54408-54408,544084475018033,terrier,6,15,5
54408-54408,544084475018033,terrier,6,16,3
54408-54408,544084475018033,terrier,6,17,5
54408-54408,544084475018033,terrier,6,18,5
54408-54408,544084475018033,terrier,6,19,4
54408-54408,544084475018033,terrier,6,20,2
54408-54408,544084475018033,terrier,6,21,4
54408-54408,544084475018033,terrier,6,22,4
54408-54408,544084475018033,terrier,6,23,5
54408-54408,544084475018033,terrier,6,24,5
54408-54408,544084475018033,terrier,6,25,5
15022-15022,150229684201847,hound,5,1,2
15022-15022,150229684201847,hound,5,2,4
15022-15022,150229684201847,hound,5,3,4
15022-15022,150229684201847,hound,5,4,4
15022-15022,150229684201847,hound,5,5,4
15022-15022,150229684201847,hound,5,6,5
15022-15022,150229684201847,hound,5,7,5
15022-15022,150229684201847,hound,5,8,5
15022-15022,150229684201847,hound,5,9,5
15022-15022,150229684201847,hound,5,10,5
15022-15022,150229684201847,hound,5,11,5
15022-15022,150229684201847,hound,5,12,5
15022-15022,150229684201847,hound,5,13,4
15022-15022,150229684201847,hound,5,14,5
15022-15022,150229684201847,hound,5,15,5
15022-15022,150229684201847,hound,5,16,5
15022-15022,150229684201847,hound,5,17,5
15022-15022,150229684201847,hound,5,18,5
15022-15022,150229684201847,hound,5,19,5
15022-15022,150229684201847,hound,5,20,5
15022-15022,150229684201847,hound,5,21,5
15022-15022,150229684201847,hound,5,22,5
15022-15022,150229684201847,hound,5,23,5
15022-15022,150229684201847,hound,5,24,5
15022-15022,150229684201847,hound,5,25,5
15022-15022,150229684201847,hound,6,1,3
15022-15022,150229684201847,hound,6,2,5
15022-15022,150229684201847,hound,6,3,5
15022-15022,150229684201847,hound,6,4,4
15022-15022,150229684201847,hound,6,5,5
15022-15022,150229684201847,hound,6,6,5
15022-15022,150229684201847,hound,6,7,5
15022-15022,150229684201847,hound,6,8,3
15022-15022,150229684201847,hound,6,9,5
15022-15022,150229684201847,hound,6,10,5
15022-15022,150229684201847,hound,6,11,5
15022-15022,150229684201847,hound,6,12,5
15022-15022,150229684201847,hound,6,13,4
15022-15022,150229684201847,hound,6,14,5
15022-15022,150229684201847,hound,6,15,5
15022-15022,150229684201847,hound,6,16,5
15022-15022,150229684201847,hound,6,17,5
15022-15022,150229684201847,hound,6,18,5
15022-15022,150229684201847,hound,6,19,5
15022-15022,150229684201847,hound,6,20,4
15022-15022,150229684201847,hound,6,21,5
15022-15022,150229684201847,hound,6,22,5
15022-15022,150229684201847,hound,6,23,5
15022-15022,150229684201847,hound,6,24,5
15022-15022,150229684201847,hound,6,25,5
76323-76323,763234921761768,terrier,5,1,3
76323-76323,763234921761768,terrier,5,2,4
76323-76323,763234921761768,terrier,5,3,2
76323-76323,763234921761768,terrier,5,4,4
76323-76323,763234921761768,terrier,5,5,2
76323-76323,763234921761768,terrier,5,6,3
76323-76323,763234921761768,terrier,5,7,4
76323-76323,763234921761768,terrier,5,8,3
76323-76323,763234921761768,terrier,5,9,3
76323-76323,763234921761768,terrier,5,10,4
76323-76323,763234921761768,terrier,5,11,4
76323-76323,763234921761768,terrier,5,12,3
76323-76323,763234921761768,terrier,5,13,3
76323-76323,763234921761768,terrier,5,14,4
76323-76323,763234921761768,terrier,5,15,4
76323-76323,763234921761768,terrier,5,16,4
76323-76323,763234921761768,terrier,5,17,5
76323-76323,763234921761768,terrier,5,18,3
76323-76323,763234921761768,terrier,5,19,2
76323-76323,763234921761768,terrier,5,20,5
76323-76323,763234921761768,terrier,5,21,3
76323-76323,763234921761768,terrier,5,22,3
76323-76323,763234921761768,terrier,5,23,4
76323-76323,763234921761768,terrier,5,24,4
76323-76323,763234921761768,terrier,5,25,5
76323-76323,763234921761768,terrier,6,1,1
76323-76323,763234921761768,terrier,6,2,2
76323-76323,763234921761768,terrier,6,3,3
76323-76323,763234921761768,terrier,6,4,4
76323-76323,763234921761768,terrier,6,5,3
76323-76323,763234921761768,terrier,6,6,4
76323-76323,763234921761768,terrier,6,7,3
76323-76323,763234921761768,terrier,6,8,3
76323-76323,763234921761768,terrier,6,9,3
76323-76323,763234921761768,terrier,6,10,5
76323-76323,763234921761768,terrier,6,11,4
76323-76323,763234921761768,terrier,6,12,4
76323-76323,763234921761768,terrier,6,13,2
76323-76323,763234921761768,terrier,6,14,5
76323-76323,763234921761768,terrier,6,15,5
76323-76323,763234921761768,terrier,6,16,5
76323-76323,763234921761768,terrier,6,17,5
76323-76323,763234921761768,terrier,6,18,3
76323-76323,763234921761768,terrier,6,19,5
76323-76323,763234921761768,terrier,6,20,1
76323-76323,763234921761768,terrier,6,21,2
76323-76323,763234921761768,terrier,6,22,4
76323-76323,763234921761768,terrier,6,23,5
76323-76323,763234921761768,terrier,6,24,5
76323-76323,763234921761768,terrier,6,25,5
50374-50374,503740956240310,hound,5,1,4
50374-50374,503740956240310,hound,5,2,4
50374-50374,503740956240310,hound,5,3,5
50374-50374,503740956240310,hound,5,4,3
50374-50374,503740956240310,hound,5,5,5
50374-50374,503740956240310,hound,5,6,4
50374-50374,503740956240310,hound,5,7,3
50374-50374,503740956240310,hound,5,8,5
50374-50374,503740956240310,hound,5,9,5
50374-50374,503740956240310,hound,5,10,5
50374-50374,503740956240310,hound,5,11,5
50374-50374,503740956240310,hound,5,12,5
50374-50374,503740956240310,hound,5,13,5
50374-50374,503740956240310,hound,5,14,5
50374-50374,503740956240310,hound,5,15,5
50374-50374,503740956240310,hound,5,16,5
50374-50374,503740956240310,hound,5,17,5
50374-50374,503740956240310,hound,5,18,5
50374-50374,503740956240310,hound,5,19,5
50374-50374,503740956240310,hound,5,20,5
50374-50374,503740956240310,hound,5,21,5
50374-50374,503740956240310,hound,5,22,5
50374-50374,503740956240310,hound,5,23,5
50374-50374,503740956240310,hound,5,24,5
50374-50374,503740956240310,hound,5,25,5
50374-50374,503740956240310,hound,6,1,2
50374-50374,503740956240310,hound,6,2,5
50374-50374,503740956240310,hound,6,3,5
50374-50374,503740956240310,hound,6,4,5
50374-50374,503740956240310,hound,6,5,5
50374-50374,503740956240310,hound,6,6,5
50374-50374,503740956240310,hound,6,7,4
50374-50374,503740956240310,hound,6,8,5
50374-50374,503740956240310,hound,6,9,5
50374-50374,503740956240310,hound,6,10,4
50374-50374,503740956240310,hound,6,11,5
50374-50374,503740956240310,hound,6,12,4
50374-50374,503740956240310,hound,6,13,4
50374-50374,503740956240310,hound,6,14,4
50374-50374,503740956240310,hound,6,15,5
50374-50374,503740956240310,hound,6,16,5
50374-50374,503740956240310,hound,6,17,5
50374-50374,503740956240310,hound,6,18,4
50374-50374,503740956240310,hound,6,19,5
50374-50374,503740956240310,hound,6,20,5
50374-50374,503740956240310,hound,6,21,5
50374-50374,503740956240310,hound,6,22,5
50374-50374,503740956240310,hound,6,23,5
50374-50374,503740956240310,hound,6,24,5
50374-50374,503740956240310,hound,6,25,5
21962-21962,219628468370054,terrier,5,2,2
21962-21962,219628468370054,terrier,5,3,4
21962-21962,219628468370054,terrier,5,4,5
21962-21962,219628468370054,terrier,5,5,3
21962-21962,219628468370054,terrier,5,6,5
21962-21962,219628468370054,terrier,5,7,4
21962-21962,219628468370054,terrier,5,8,5
21962-21962,219628468370054,terrier,5,9,5
21962-21962,219628468370054,terrier,5,10,5
21962-21962,219628468370054,terrier,5,11,5
21962-21962,219628468370054,terrier,5,12,5
21962-21962,219628468370054,terrier,5,13,5
21962-21962,219628468370054,terrier,5,14,5
21962-21962,219628468370054,terrier,5,15,5
21962-21962,219628468370054,terrier,5,16,4
21962-21962,219628468370054,terrier,5,17,5
21962-21962,219628468370054,terrier,5,18,4
21962-21962,219628468370054,terrier,5,19,5
21962-21962,219628468370054,terrier,5,20,5
21962-21962,219628468370054,terrier,5,21,5
21962-21962,219628468370054,terrier,5,22,5
21962-21962,219628468370054,terrier,5,23,5
21962-21962,219628468370054,terrier,5,24,5
21962-21962,219628468370054,terrier,5,25,5
21962-21962,219628468370054,terrier,6,1,4
21962-21962,219628468370054,terrier,6,2,3
21962-21962,219628468370054,terrier,6,3,4
21962-21962,219628468370054,terrier,6,4,4
21962-21962,219628468370054,terrier,6,5,3
21962-21962,219628468370054,terrier,6,6,3
21962-21962,219628468370054,terrier,6,7,4
21962-21962,219628468370054,terrier,6,8,5
21962-21962,219628468370054,terrier,6,9,5
21962-21962,219628468370054,terrier,6,10,5
21962-21962,219628468370054,terrier,6,11,5
21962-21962,219628468370054,terrier,6,12,5
21962-21962,219628468370054,terrier,6,13,4
21962-21962,219628468370054,terrier,6,14,5
21962-21962,219628468370054,terrier,6,15,4
21962-21962,219628468370054,terrier,6,16,5
21962-21962,219628468370054,terrier,6,17,5
21962-21962,219628468370054,terrier,6,18,5
21962-21962,219628468370054,terrier,6,19,5
21962-21962,219628468370054,terrier,6,20,5
21962-21962,219628468370054,terrier,6,21,4
21962-21962,219628468370054,terrier,6,22,3
21962-21962,219628468370054,terrier,6,23,4
21962-21962,219628468370054,terrier,6,24,5
21962-21962,219628468370054,terrier,6,25,5
40877-40877,408770977047531,hound,5,1,3
40877-40877,408770977047531,hound,5,2,4
40877-40877,408770977047531,hound,5,3,3
40877-40877,408770977047531,hound,5,4,5
40877-40877,408770977047531,hound,5,5,5
40877-40877,408770977047531,hound,5,6,3
40877-40877,408770977047531,hound,5,7,5
40877-40877,408770977047531,hound,5,8,5
40877-40877,408770977047531,hound,5,9,5
40877-40877,408770977047531,hound,5,10,5
40877-40877,408770977047531,hound,5,11,5
40877-40877,408770977047531,hound,5,12,4
40877-40877,408770977047531,hound,5,13,5
40877-40877,408770977047531,hound,5,14,5
40877-40877,408770977047531,hound,5,15,3
40877-40877,408770977047531,hound,5,16,5
40877-40877,408770977047531,hound,5,17,5
40877-40877,408770977047531,hound,5,18,5
40877-40877,408770977047531,hound,5,19,5
40877-40877,408770977047531,hound,5,20,5
40877-40877,408770977047531,hound,5,21,5
40877-40877,408770977047531,hound,5,22,5
40877-40877,408770977047531,hound,5,23,5
40877-40877,408770977047531,hound,5,24,4
40877-40877,408770977047531,hound,5,25,5
40877-40877,408770977047531,hound,6,1,3
40877-40877,408770977047531,hound,6,2,4
40877-40877,408770977047531,hound,6,3,5
40877-40877,408770977047531,hound,6,4,5
40877-40877,408770977047531,hound,6,5,4
40877-40877,408770977047531,hound,6,6,5
40877-40877,408770977047531,hound,6,7,4
40877-40877,408770977047531,hound,6,8,5
40877-40877,408770977047531,hound,6,9,5
40877-40877,408770977047531,hound,6,10,5
40877-40877,408770977047531,hound,6,11,5
40877-40877,408770977047531,hound,6,12,4
40877-40877,408770977047531,hound,6,13,4
40877-40877,408770977047531,hound,6,14,5
40877-40877,408770977047531,hound,6,15,4
40877-40877,408770977047531,hound,6,16,5
40877-40877,408770977047531,hound,6,17,4
40877-40877,408770977047531,hound,6,18,5
40877-40877,408770977047531,hound,6,19,5
40877-40877,408770977047531,hound,6,20,4
40877-40877,408770977047531,hound,6,21,5
40877-40877,408770977047531,hound,6,22,5
40877-40877,408770977047531,hound,6,23,4
40877-40877,408770977047531,hound,6,24,5
40877-40877,408770977047531,hound,6,25,5
61359-61359,61359456253403,terrier,5,1,5
61359-61359,61359456253403,terrier,5,2,5
61359-61359,61359456253403,terrier,5,3,5
61359-61359,61359456253403,terrier,5,4,4
61359-61359,61359456253403,terrier,5,5,4
61359-61359,61359456253403,terrier,5,6,5
61359-61359,61359456253403,terrier,5,7,5
61359-61359,61359456253403,terrier,5,8,5
61359-61359,61359456253403,terrier,5,9,4
61359-61359,61359456253403,terrier,5,10,5
61359-61359,61359456253403,terrier,5,11,5
61359-61359,61359456253403,terrier,5,12,5
61359-61359,61359456253403,terrier,5,13,5
61359-61359,61359456253403,terrier,5,14,5
61359-61359,61359456253403,terrier,5,15,5
61359-61359,61359456253403,terrier,5,16,5
61359-61359,61359456253403,terrier,5,17,5
61359-61359,61359456253403,terrier,5,18,5
61359-61359,61359456253403,terrier,5,19,5
61359-61359,61359456253403,terrier,5,20,5
61359-61359,61359456253403,terrier,5,21,5
61359-61359,61359456253403,terrier,5,22,5
61359-61359,61359456253403,terrier,5,23,5
61359-61359,61359456253403,terrier,5,24,5
61359-61359,61359456253403,terrier,5,25,5
61359-61359,61359456253403,terrier,6,1,2
61359-61359,61359456253403,terrier,6,2,4
61359-61359,61359456253403,terrier,6,3,5
61359-61359,61359456253403,terrier,6,4,3
61359-61359,61359456253403,terrier,6,5,3
61359-61359,61359456253403,terrier,6,6,5
61359-61359,61359456253403,terrier,6,7,5
61359-61359,61359456253403,terrier,6,8,5
61359-61359,61359456253403,terrier,6,9,4
61359-61359,61359456253403,terrier,6,10,5
61359-61359,61359456253403,terrier,6,11,5
61359-61359,61359456253403,terrier,6,12,5
61359-61359,61359456253403,terrier,6,13,5
61359-61359,61359456253403,terrier,6,14,4
61359-61359,61359456253403,terrier,6,15,5
61359-61359,61359456253403,terrier,6,16,5
61359-61359,61359456253403,terrier,6,17,4
61359-61359,61359456253403,terrier,6,18,3
61359-61359,61359456253403,terrier,6,19,4
61359-61359,61359456253403,terrier,6,20,4
61359-61359,61359456253403,terrier,6,21,4
61359-61359,61359456253403,terrier,6,22,4
61359-61359,61359456253403,terrier,6,23,4
61359-61359,61359456253403,terrier,6,24,5
61359-61359,61359456253403,terrier,6,25,5
28125-28125,281252000616053,hound,5,1,3
28125-28125,281252000616053,hound,5,2,5
28125-28125,281252000616053,hound,5,3,3
28125-28125,281252000616053,hound,5,4,4
28125-28125,281252000616053,hound,5,5,4
28125-28125,281252000616053,hound,5,6,4
28125-28125,281252000616053,hound,5,7,4
28125-28125,281252000616053,hound,5,8,5
28125-28125,281252000616053,hound,5,9,5
28125-28125,281252000616053,hound,5,10,5
28125-28125,281252000616053,hound,5,11,5
28125-28125,281252000616053,hound,5,12,5
28125-28125,281252000616053,hound,5,13,5
28125-28125,281252000616053,hound,5,14,5
28125-28125,281252000616053,hound,5,15,5
28125-28125,281252000616053,hound,5,16,5
28125-28125,281252000616053,hound,5,17,5
28125-28125,281252000616053,hound,5,18,5
28125-28125,281252000616053,hound,5,19,5
28125-28125,281252000616053,hound,5,20,5
28125-28125,281252000616053,hound,5,21,5
28125-28125,281252000616053,hound,5,22,5
28125-28125,281252000616053,hound,5,23,5
28125-28125,281252000616053,hound,5,24,5
28125-28125,281252000616053,hound,5,25,5
28125-28125,281252000616053,hound,6,1,3
28125-28125,281252000616053,hound,6,2,5
28125-28125,281252000616053,hound,6,3,3
28125-28125,281252000616053,hound,6,4,2
28125-28125,281252000616053,hound,6,5,3
28125-28125,281252000616053,hound,6,6,5
28125-28125,281252000616053,hound,6,7,4
28125-28125,281252000616053,hound,6,8,4
28125-28125,281252000616053,hound,6,9,5
28125-28125,281252000616053,hound,6,10,3
28125-28125,281252000616053,hound,6,11,5
28125-28125,281252000616053,hound,6,12,4
28125-28125,281252000616053,hound,6,13,5
28125-28125,281252000616053,hound,6,14,5
28125-28125,281252000616053,hound,6,15,5
28125-28125,281252000616053,hound,6,16,5
28125-28125,281252000616053,hound,6,17,5
28125-28125,281252000616053,hound,6,18,4
28125-28125,281252000616053,hound,6,19,5
28125-28125,281252000616053,hound,6,20,3
28125-28125,281252000616053,hound,6,21,3
28125-28125,281252000616053,hound,6,22,5
28125-28125,281252000616053,hound,6,23,5
28125-28125,281252000616053,hound,6,24,4
28125-28125,281252000616053,hound,6,25,4
85264-85264,852642387039752,terrier,5,2,5
85264-85264,852642387039752,terrier,5,3,3
85264-85264,852642387039752,terrier,5,4,4
85264-85264,852642387039752,terrier,5,5,4
85264-85264,852642387039752,terrier,5,6,4
85264-85264,852642387039752,terrier,5,7,5
85264-85264,852642387039752,terrier,5,8,4
85264-85264,852642387039752,terrier,5,9,5
85264-85264,852642387039752,terrier,5,10,5
85264-85264,852642387039752,terrier,5,11,5
85264-85264,852642387039752,terrier,5,12,5
85264-85264,852642387039752,terrier,5,13,5
85264-85264,852642387039752,terrier,5,14,4
85264-85264,852642387039752,terrier,5,15,4
85264-85264,852642387039752,terrier,5,16,5
85264-85264,852642387039752,terrier,5,17,5
85264-85264,852642387039752,terrier,5,18,5
85264-85264,852642387039752,terrier,5,19,5
85264-85264,852642387039752,terrier,5,20,5
85264-85264,852642387039752,terrier,5,21,5
85264-85264,852642387039752,terrier,5,22,5
85264-85264,852642387039752,terrier,5,23,5
85264-85264,852642387039752,terrier,5,24,5
85264-85264,852642387039752,terrier,5,25,5
85264-85264,852642387039752,terrier,6,1,4
85264-85264,852642387039752,terrier,6,2,5
85264-85264,852642387039752,terrier,6,3,5
85264-85264,852642387039752,terrier,6,4,3
85264-85264,852642387039752,terrier,6,5,4
85264-85264,852642387039752,terrier,6,6,5
85264-85264,852642387039752,terrier,6,7,5
85264-85264,852642387039752,terrier,6,8,5
85264-85264,852642387039752,terrier,6,9,5
85264-85264,852642387039752,terrier,6,10,5
85264-85264,852642387039752,terrier,6,11,5
85264-85264,852642387039752,terrier,6,12,5
85264-85264,852642387039752,terrier,6,13,5
85264-85264,852642387039752,terrier,6,14,4
85264-85264,852642387039752,terrier,6,15,5
85264-85264,852642387039752,terrier,6,16,5
85264-85264,852642387039752,terrier,6,17,5
85264-85264,852642387039752,terrier,6,18,5
85264-85264,852642387039752,terrier,6,19,5
85264-85264,852642387039752,terrier,6,20,5
85264-85264,852642387039752,terrier,6,21,5
85264-85264,852642387039752,terrier,6,22,5
85264-85264,852642387039752,terrier,6,23,5
85264-85264,852642387039752,terrier,6,24,5
85264-85264,852642387039752,terrier,6,25,5
83720-83720,83720187912783,hound,5,1,1
83720-83720,83720187912783,hound,5,2,2
83720-83720,83720187912783,hound,5,3,4
83720-83720,83720187912783,hound,5,4,1
83720-83720,83720187912783,hound,5,5,2
83720-83720,83720187912783,hound,5,6,1
83720-83720,83720187912783,hound,5,7,1
83720-83720,83720187912783,hound,5,8,4
83720-83720,83720187912783,hound,5,9,2
83720-83720,83720187912783,hound,5,10,1
83720-83720,83720187912783,hound,5,11,5
83720-83720,83720187912783,hound,5,12,3
83720-83720,83720187912783,hound,5,13,4
83720-83720,83720187912783,hound,5,14,5
83720-83720,83720187912783,hound,5,15,3
83720-83720,83720187912783,hound,5,16,5
83720-83720,83720187912783,hound,5,17,2
83720-83720,83720187912783,hound,5,18,4
83720-83720,83720187912783,hound,5,19,4
83720-83720,83720187912783,hound,5,20,5
83720-83720,83720187912783,hound,5,21,5
83720-83720,83720187912783,hound,5,22,5
83720-83720,83720187912783,hound,5,23,1
83720-83720,83720187912783,hound,5,24,5
83720-83720,83720187912783,hound,5,25,5
83720-83720,83720187912783,hound,6,1,5
83720-83720,83720187912783,hound,6,2,3
83720-83720,83720187912783,hound,6,3,4
83720-83720,83720187912783,hound,6,4,5
83720-83720,83720187912783,hound,6,5,3
83720-83720,83720187912783,hound,6,6,4
83720-83720,83720187912783,hound,6,7,5
83720-83720,83720187912783,hound,6,8,5
83720-83720,83720187912783,hound,6,9,3
83720-83720,83720187912783,hound,6,10,4
83720-83720,83720187912783,hound,6,11,5
83720-83720,83720187912783,hound,6,12,5
83720-83720,83720187912783,hound,6,13,4
83720-83720,83720187912783,hound,6,14,4
83720-83720,83720187912783,hound,6,15,5
83720-83720,83720187912783,hound,6,16,5
83720-83720,83720187912783,hound,6,17,5
83720-83720,83720187912783,hound,6,18,5
83720-83720,83720187912783,hound,6,19,4
83720-83720,83720187912783,hound,6,20,5
83720-83720,83720187912783,hound,6,21,4
83720-83720,83720187912783,hound,6,22,5
83720-83720,83720187912783,hound,6,23,4
83720-83720,83720187912783,hound,6,24,5
83720-83720,83720187912783,hound,6,25,5
73404-73404,734048519489716,terrier,5,1,4
73404-73404,734048519489716,terrier,5,2,5
73404-73404,734048519489716,terrier,5,3,5
73404-73404,734048519489716,terrier,5,4,5
73404-73404,734048519489716,terrier,5,5,5
73404-73404,734048519489716,terrier,5,6,4
73404-73404,734048519489716,terrier,5,7,5
73404-73404,734048519489716,terrier,5,8,5
73404-73404,734048519489716,terrier,5,9,5
73404-73404,734048519489716,terrier,5,10,5
73404-73404,734048519489716,terrier,5,11,4
73404-73404,734048519489716,terrier,5,12,5
73404-73404,734048519489716,terrier,5,13,5
73404-73404,734048519489716,terrier,5,14,4
73404-73404,734048519489716,terrier,5,15,5
73404-73404,734048519489716,terrier,5,16,5
73404-73404,734048519489716,terrier,5,17,5
73404-73404,734048519489716,terrier,5,18,5
73404-73404,734048519489716,terrier,5,19,5
73404-73404,734048519489716,terrier,5,20,4
73404-73404,734048519489716,terrier,5,21,5
73404-73404,734048519489716,terrier,5,22,5
73404-73404,734048519489716,terrier,5,23,4
73404-73404,734048519489716,terrier,5,24,5
73404-73404,734048519489716,terrier,5,25,5
73404-73404,734048519489716,terrier,6,1,2
73404-73404,734048519489716,terrier,6,2,5
73404-73404,734048519489716,terrier,6,3,4
73404-73404,734048519489716,terrier,6,4,4
73404-73404,734048519489716,terrier,6,5,4
73404-73404,734048519489716,terrier,6,6,3
73404-73404,734048519489716,terrier,6,7,2
73404-73404,734048519489716,terrier,6,8,4
73404-73404,734048519489716,terrier,6,9,5
73404-73404,734048519489716,terrier,6,10,5
73404-73404,734048519489716,terrier,6,11,4
73404-73404,734048519489716,terrier,6,12,5
73404-73404,734048519489716,terrier,6,13,4
73404-73404,734048519489716,terrier,6,14,4
73404-73404,734048519489716,terrier,6,15,5
73404-73404,734048519489716,terrier,6,16,5
73404-73404,734048519489716,terrier,6,17,5
73404-73404,734048519489716,terrier,6,18,5
73404-73404,734048519489716,terrier,6,19,4
73404-73404,734048519489716,terrier,6,20,5
73404-73404,734048519489716,terrier,6,21,5
73404-73404,734048519489716,terrier,6,22,5
73404-73404,734048519489716,terrier,6,23,5
73404-73404,734048519489716,terrier,6,24,4
73404-73404,734048519489716,terrier,6,25,5
63582-63582,635827706647708,hound,5,1,4
63582-63582,635827706647708,hound,5,2,5
63582-63582,635827706647708,hound,5,3,5
63582-63582,635827706647708,hound,5,4,5
63582-63582,635827706647708,hound,5,5,4
63582-63582,635827706647708,hound,5,6,5
63582-63582,635827706647708,hound,5,7,5
63582-63582,635827706647708,hound,5,8,4
63582-63582,635827706647708,hound,5,9,4
63582-63582,635827706647708,hound,5,10,5
63582-63582,635827706647708,hound,5,11,5
63582-63582,635827706647708,hound,5,12,3
63582-63582,635827706647708,hound,5,13,5
63582-63582,635827706647708,hound,5,14,5
63582-63582,635827706647708,hound,5,15,5
63582-63582,635827706647708,hound,5,16,5
63582-63582,635827706647708,hound,5,17,5
63582-63582,635827706647708,hound,5,18,5
63582-63582,635827706647708,hound,5,19,5
63582-63582,635827706647708,hound,5,20,5
63582-63582,635827706647708,hound,5,21,4
63582-63582,635827706647708,hound,5,22,5
63582-63582,635827706647708,hound,5,23,5
63582-63582,635827706647708,hound,5,24,5
63582-63582,635827706647708,hound,5,25,5
63582-63582,635827706647708,hound,6,1,3
63582-63582,635827706647708,hound,6,2,5
63582-63582,635827706647708,hound,6,3,5
63582-63582,635827706647708,hound,6,4,5
63582-63582,635827706647708,hound,6,5,3
63582-63582,635827706647708,hound,6,6,4
63582-63582,635827706647708,hound,6,7,5
63582-63582,635827706647708,hound,6,8,4
63582-63582,635827706647708,hound,6,9,4
63582-63582,635827706647708,hound,6,10,3
63582-63582,635827706647708,hound,6,11,4
63582-63582,635827706647708,hound,6,12,5
63582-63582,635827706647708,hound,6,13,5
63582-63582,635827706647708,hound,6,14,5
63582-63582,635827706647708,hound,6,15,5
63582-63582,635827706647708,hound,6,16,5
63582-63582,635827706647708,hound,6,17,5
63582-63582,635827706647708,hound,6,18,5
63582-63582,635827706647708,hound,6,19,5
63582-63582,635827706647708,hound,6,20,4
63582-63582,635827706647708,hound,6,21,5
63582-63582,635827706647708,hound,6,22,5
63582-63582,635827706647708,hound,6,23,5
63582-63582,635827706647708,hound,6,24,5
63582-63582,635827706647708,hound,6,25,4
23603-23603,236035150241938,terrier,5,1,5
23603-23603,236035150241938,terrier,5,2,3
23603-23603,236035150241938,terrier,5,3,4
23603-23603,236035150241938,terrier,5,4,3
23603-23603,236035150241938,terrier,5,5,5
23603-23603,236035150241938,terrier,5,6,5
23603-23603,236035150241938,terrier,5,7,5
23603-23603,236035150241938,terrier,5,8,5
23603-23603,236035150241938,terrier,5,9,5
23603-23603,236035150241938,terrier,5,10,5
23603-23603,236035150241938,terrier,5,11,5
23603-23603,236035150241938,terrier,5,12,4
23603-23603,236035150241938,terrier,5,13,5
23603-23603,236035150241938,terrier,5,14,5
23603-23603,236035150241938,terrier,5,15,5
23603-23603,236035150241938,terrier,5,16,5
23603-23603,236035150241938,terrier,5,17,5
23603-23603,236035150241938,terrier,5,18,5
23603-23603,236035150241938,terrier,5,19,5
23603-23603,236035150241938,terrier,5,20,5
23603-23603,236035150241938,terrier,5,21,5
23603-23603,236035150241938,terrier,5,22,5
23603-23603,236035150241938,terrier,5,23,5
23603-23603,236035150241938,terrier,5,24,5
23603-23603,236035150241938,terrier,5,25,4
23603-23603,236035150241938,terrier,6,1,4
23603-23603,236035150241938,terrier,6,2,5
23603-23603,236035150241938,terrier,6,3,5
23603-23603,236035150241938,terrier,6,4,5
23603-23603,236035150241938,terrier,6,5,5
23603-23603,236035150241938,terrier,6,6,5
23603-23603,236035150241938,terrier,6,7,5
23603-23603,236035150241938,terrier,6,8,5
23603-23603,236035150241938,terrier,6,9,5
23603-23603,236035150241938,terrier,6,10,5
23603-23603,236035150241938,terrier,6,11,5
23603-23603,236035150241938,terrier,6,12,5
23603-23603,236035150241938,terrier,6,13,5
23603-23603,236035150241938,terrier,6,14,5
23603-23603,236035150241938,terrier,6,15,5
23603-23603,236035150241938,terrier,6,16,5
23603-23603,236035150241938,terrier,6,17,5
23603-23603,236035150241938,terrier,6,18,5
23603-23603,236035150241938,terrier,6,19,5
23603-23603,236035150241938,terrier,6,20,4
23603-23603,236035150241938,terrier,6,21,5
23603-23603,236035150241938,terrier,6,22,5
23603-23603,236035150241938,terrier,6,23,5
23603-23603,236035150241938,terrier,6,24,5
23603-23603,236035150241938,terrier,6,25,5
92526-92526,925264962484280,hound,5,2,1
92526-92526,925264962484280,hound,5,3,3
92526-92526,925264962484280,hound,5,4,4
92526-92526,925264962484280,hound,5,5,5
92526-92526,925264962484280,hound,5,6,5
92526-92526,925264962484280,hound,5,7,4
92526-92526,925264962484280,hound,5,8,5
92526-92526,925264962484280,hound,5,9,5
92526-92526,925264962484280,hound,5,10,5
92526-92526,925264962484280,hound,5,11,5
92526-92526,925264962484280,hound,5,12,5
92526-92526,925264962484280,hound,5,13,5
92526-92526,925264962484280,hound,5,14,5
92526-92526,925264962484280,hound,5,15,5
92526-92526,925264962484280,hound,5,16,5
92526-92526,925264962484280,hound,5,17,5
92526-92526,925264962484280,hound,5,18,5
92526-92526,925264962484280,hound,5,19,5
92526-92526,925264962484280,hound,5,20,5
92526-92526,925264962484280,hound,5,21,5
92526-92526,925264962484280,hound,5,22,5
92526-92526,925264962484280,hound,5,23,5
92526-92526,925264962484280,hound,5,24,5
92526-92526,925264962484280,hound,5,25,5
92526-92526,925264962484280,hound,6,1,5
92526-92526,925264962484280,hound,6,2,5
92526-92526,925264962484280,hound,6,3,4
92526-92526,925264962484280,hound,6,4,4
92526-92526,925264962484280,hound,6,5,4
92526-92526,925264962484280,hound,6,6,4
92526-92526,925264962484280,hound,6,7,5
92526-92526,925264962484280,hound,6,8,5
92526-92526,925264962484280,hound,6,9,5
92526-92526,925264962484280,hound,6,10,5
92526-92526,925264962484280,hound,6,11,4
92526-92526,925264962484280,hound,6,12,5
92526-92526,925264962484280,hound,6,13,4
92526-92526,925264962484280,hound,6,14,5
92526-92526,925264962484280,hound,6,15,5
92526-92526,925264962484280,hound,6,16,5
92526-92526,925264962484280,hound,6,17,5
92526-92526,925264962484280,hound,6,18,5
92526-92526,925264962484280,hound,6,19,5
92526-92526,925264962484280,hound,6,20,5
92526-92526,925264962484280,hound,6,21,5
92526-92526,925264962484280,hound,6,22,5
92526-92526,925264962484280,hound,6,23,5
92526-92526,925264962484280,hound,6,24,5
92526-92526,925264962484280,hound,6,25,5
12863-12863,128630732628557,terrier,5,1,4
12863-12863,128630732628557,terrier,5,2,3
12863-12863,128630732628557,terrier,5,3,5
12863-12863,128630732628557,terrier,5,4,4
12863-12863,128630732628557,terrier,5,5,5
12863-12863,128630732628557,terrier,5,6,5
12863-12863,128630732628557,terrier,5,7,4
12863-12863,128630732628557,terrier,5,8,5
12863-12863,128630732628557,terrier,5,9,5
12863-12863,128630732628557,terrier,5,10,5
12863-12863,128630732628557,terrier,5,11,5
12863-12863,128630732628557,terrier,5,12,5
12863-12863,128630732628557,terrier,5,13,5
12863-12863,128630732628557,terrier,5,14,5
12863-12863,128630732628557,terrier,5,15,5
12863-12863,128630732628557,terrier,5,16,5
12863-12863,128630732628557,terrier,5,17,5
12863-12863,128630732628557,terrier,5,18,5
12863-12863,128630732628557,terrier,5,19,5
12863-12863,128630732628557,terrier,5,20,5
12863-12863,128630732628557,terrier,5,21,5
12863-12863,128630732628557,terrier,5,22,5
12863-12863,128630732628557,terrier,5,23,5
12863-12863,128630732628557,terrier,5,24,5
12863-12863,128630732628557,terrier,5,25,5
12863-12863,128630732628557,terrier,6,1,4
12863-12863,128630732628557,terrier,6,2,5
12863-12863,128630732628557,terrier,6,3,5
12863-12863,128630732628557,terrier,6,4,5
12863-12863,128630732628557,terrier,6,5,5
12863-12863,128630732628557,terrier,6,6,5
12863-12863,128630732628557,terrier,6,7,5
12863-12863,128630732628557,terrier,6,8,5
12863-12863,128630732628557,terrier,6,9,5
12863-12863,128630732628557,terrier,6,10,4
12863-12863,128630732628557,terrier,6,11,4
12863-12863,128630732628557,terrier,6,12,5
12863-12863,128630732628557,terrier,6,13,3
12863-12863,128630732628557,terrier,6,14,5
12863-12863,128630732628557,terrier,6,15,5
12863-12863,128630732628557,terrier,6,16,3
12863-12863,128630732628557,terrier,6,17,5
12863-12863,128630732628557,terrier,6,18,5
12863-12863,128630732628557,terrier,6,19,5
12863-12863,128630732628557,terrier,6,20,5
12863-12863,128630732628557,terrier,6,21,5
12863-12863,128630732628557,terrier,6,22,3
12863-12863,128630732628557,terrier,6,23,5
12863-12863,128630732628557,terrier,6,24,5
12863-12863,128630732628557,terrier,6,25,5
17275-17275,172753820883770,terrier,5,1,4
17275-17275,172753820883770,terrier,5,2,5
17275-17275,172753820883770,terrier,5,3,3
17275-17275,172753820883770,terrier,5,4,4
17275-17275,172753820883770,terrier,5,5,3
17275-17275,172753820883770,terrier,5,6,4
17275-17275,172753820883770,terrier,5,7,4
17275-17275,172753820883770,terrier,5,8,3
17275-17275,172753820883770,terrier,5,9,4
17275-17275,172753820883770,terrier,5,10,5
17275-17275,172753820883770,terrier,5,11,5
17275-17275,172753820883770,terrier,5,12,4
17275-17275,172753820883770,terrier,5,13,4
17275-17275,172753820883770,terrier,5,14,5
17275-17275,172753820883770,terrier,5,15,5
17275-17275,172753820883770,terrier,5,16,4
17275-17275,172753820883770,terrier,5,17,5
17275-17275,172753820883770,terrier,5,18,4
17275-17275,172753820883770,terrier,5,19,4
17275-17275,172753820883770,terrier,5,20,4
17275-17275,172753820883770,terrier,5,21,5
17275-17275,172753820883770,terrier,5,22,3
17275-17275,172753820883770,terrier,5,23,5
17275-17275,172753820883770,terrier,5,24,4
17275-17275,172753820883770,terrier,5,25,5
17275-17275,172753820883770,terrier,6,1,3
17275-17275,172753820883770,terrier,6,2,2
17275-17275,172753820883770,terrier,6,3,5
17275-17275,172753820883770,terrier,6,4,5
17275-17275,172753820883770,terrier,6,5,4
17275-17275,172753820883770,terrier,6,6,5
17275-17275,172753820883770,terrier,6,7,5
17275-17275,172753820883770,terrier,6,8,5
17275-17275,172753820883770,terrier,6,9,5
17275-17275,172753820883770,terrier,6,10,5
17275-17275,172753820883770,terrier,6,11,5
17275-17275,172753820883770,terrier,6,12,4
17275-17275,172753820883770,terrier,6,13,5
17275-17275,172753820883770,terrier,6,14,5
17275-17275,172753820883770,terrier,6,15,5
17275-17275,172753820883770,terrier,6,16,5
17275-17275,172753820883770,terrier,6,17,5
17275-17275,172753820883770,terrier,6,18,4
17275-17275,172753820883770,terrier,6,19,5
17275-17275,172753820883770,terrier,6,20,5
17275-17275,172753820883770,terrier,6,21,5
17275-17275,172753820883770,terrier,6,22,5
17275-17275,172753820883770,terrier,6,23,4
17275-17275,172753820883770,terrier,6,24,4
17275-17275,172753820883770,terrier,6,25,5
92391-92391,923914769660089,terrier,5,2,4
92391-92391,923914769660089,terrier,5,3,5
92391-92391,923914769660089,terrier,5,4,5
92391-92391,923914769660089,terrier,5,5,4
92391-92391,923914769660089,terrier,5,6,4
92391-92391,923914769660089,terrier,5,7,5
92391-92391,923914769660089,terrier,5,8,5
92391-92391,923914769660089,terrier,5,9,5
92391-92391,923914769660089,terrier,5,10,4
92391-92391,923914769660089,terrier,5,11,5
92391-92391,923914769660089,terrier,5,12,4
92391-92391,923914769660089,terrier,5,13,4
92391-92391,923914769660089,terrier,5,14,5
92391-92391,923914769660089,terrier,5,15,4
92391-92391,923914769660089,terrier,5,16,5
92391-92391,923914769660089,terrier,5,17,5
92391-92391,923914769660089,terrier,5,18,5
92391-92391,923914769660089,terrier,5,19,5
92391-92391,923914769660089,terrier,5,20,5
92391-92391,923914769660089,terrier,5,21,5
92391-92391,923914769660089,terrier,5,22,5
92391-92391,923914769660089,terrier,5,23,5
92391-92391,923914769660089,terrier,5,24,5
92391-92391,923914769660089,terrier,5,25,5
92391-92391,923914769660089,terrier,6,1,1
92391-92391,923914769660089,terrier,6,2,2
92391-92391,923914769660089,terrier,6,3,5
92391-92391,923914769660089,terrier,6,4,5
92391-92391,923914769660089,terrier,6,5,5
92391-92391,923914769660089,terrier,6,6,4
92391-92391,923914769660089,terrier,6,7,5
92391-92391,923914769660089,terrier,6,8,5
92391-92391,923914769660089,terrier,6,9,4
92391-92391,923914769660089,terrier,6,10,3
92391-92391,923914769660089,terrier,6,11,5
92391-92391,923914769660089,terrier,6,12,5
92391-92391,923914769660089,terrier,6,13,5
92391-92391,923914769660089,terrier,6,14,2
92391-92391,923914769660089,terrier,6,15,3
92391-92391,923914769660089,terrier,6,16,5
92391-92391,923914769660089,terrier,6,17,5
92391-92391,923914769660089,terrier,6,18,5
92391-92391,923914769660089,terrier,6,19,4
92391-92391,923914769660089,terrier,6,20,5
92391-92391,923914769660089,terrier,6,21,5
92391-92391,923914769660089,terrier,6,22,5
92391-92391,923914769660089,terrier,6,23,5
92391-92391,923914769660089,terrier,6,24,5
92391-92391,923914769660089,terrier,6,25,5
71372-71372,713722383964551,terrier,5,1,4
71372-71372,713722383964551,terrier,5,2,4
71372-71372,713722383964551,terrier,5,3,4
71372-71372,713722383964551,terrier,5,4,5
71372-71372,713722383964551,terrier,5,5,4
71372-71372,713722383964551,terrier,5,6,3
71372-71372,713722383964551,terrier,5,7,5
71372-71372,713722383964551,terrier,5,8,4
71372-71372,713722383964551,terrier,5,9,4
71372-71372,713722383964551,terrier,5,10,5
71372-71372,713722383964551,terrier,5,11,5
71372-71372,713722383964551,terrier,5,12,4
71372-71372,713722383964551,terrier,5,13,4
71372-71372,713722383964551,terrier,5,14,5
71372-71372,713722383964551,terrier,5,15,5
71372-71372,713722383964551,terrier,5,16,5
71372-71372,713722383964551,terrier,5,17,5
71372-71372,713722383964551,terrier,5,18,5
71372-71372,713722383964551,terrier,5,19,5
71372-71372,713722383964551,terrier,5,20,3
71372-71372,713722383964551,terrier,5,21,5
71372-71372,713722383964551,terrier,5,22,5
71372-71372,713722383964551,terrier,5,23,5
71372-71372,713722383964551,terrier,5,24,5
71372-71372,713722383964551,terrier,5,25,5
71372-71372,713722383964551,terrier,6,1,4
71372-71372,713722383964551,terrier,6,2,2
71372-71372,713722383964551,terrier,6,3,4
71372-71372,713722383964551,terrier,6,4,4
71372-71372,713722383964551,terrier,6,5,3
71372-71372,713722383964551,terrier,6,6,4
71372-71372,713722383964551,terrier,6,7,3
71372-71372,713722383964551,terrier,6,8,2
71372-71372,713722383964551,terrier,6,9,4
71372-71372,713722383964551,terrier,6,10,4
71372-71372,713722383964551,terrier,6,11,4
71372-71372,713722383964551,terrier,6,12,4
71372-71372,713722383964551,terrier,6,13,4
71372-71372,713722383964551,terrier,6,14,5
71372-71372,713722383964551,terrier,6,15,5
71372-71372,713722383964551,terrier,6,16,3
71372-71372,713722383964551,terrier,6,17,3
71372-71372,713722383964551,terrier,6,18,4
71372-71372,713722383964551,terrier,6,19,5
71372-71372,713722383964551,terrier,6,20,3
71372-71372,713722383964551,terrier,6,21,5
71372-71372,713722383964551,terrier,6,22,5
71372-71372,713722383964551,terrier,6,23,5
71372-71372,713722383964551,terrier,6,24,4
71372-71372,713722383964551,terrier,6,25,4
22361-22361,223618059750286,hound,5,1,0
22361-22361,223618059750286,hound,5,2,5
22361-22361,223618059750286,hound,5,3,5
22361-22361,223618059750286,hound,5,4,3
22361-22361,223618059750286,hound,5,5,5
22361-22361,223618059750286,hound,5,6,5
22361-22361,223618059750286,hound,5,7,3
22361-22361,223618059750286,hound,5,8,5
22361-22361,223618059750286,hound,5,9,5
22361-22361,223618059750286,hound,5,10,5
22361-22361,223618059750286,hound,5,11,5
22361-22361,223618059750286,hound,5,12,5
22361-22361,223618059750286,hound,5,13,5
22361-22361,223618059750286,hound,5,14,5
22361-22361,223618059750286,hound,5,15,5
22361-22361,223618059750286,hound,5,16,5
22361-22361,223618059750286,hound,5,17,5
22361-22361,223618059750286,hound,5,18,5
22361-22361,223618059750286,hound,5,19,5
22361-22361,223618059750286,hound,5,20,5
22361-22361,223618059750286,hound,5,21,5
22361-22361,223618059750286,hound,5,22,5
22361-22361,223618059750286,hound,5,23,5
22361-22361,223618059750286,hound,5,24,5
22361-22361,223618059750286,hound,5,25,5
22361-22361,223618059750286,hound,6,1,4
22361-22361,223618059750286,hound,6,2,1
22361-22361,223618059750286,hound,6,3,3
22361-22361,223618059750286,hound,6,4,4
22361-22361,223618059750286,hound,6,5,3
22361-22361,223618059750286,hound,6,6,4
22361-22361,223618059750286,hound,6,7,5
22361-22361,223618059750286,hound,6,8,5
22361-22361,223618059750286,hound,6,9,5
22361-22361,223618059750286,hound,6,10,5
22361-22361,223618059750286,hound,6,11,5
22361-22361,223618059750286,hound,6,12,5
22361-22361,223618059750286,hound,6,13,5
22361-22361,223618059750286,hound,6,14,5
22361-22361,223618059750286,hound,6,15,5
22361-22361,223618059750286,hound,6,16,5
22361-22361,223618059750286,hound,6,17,5
22361-22361,223618059750286,hound,6,18,5
22361-22361,223618059750286,hound,6,19,5
22361-22361,223618059750286,hound,6,20,5
22361-22361,223618059750286,hound,6,21,5
22361-22361,223618059750286,hound,6,22,5
22361-22361,223618059750286,hound,6,23,5
22361-22361,223618059750286,hound,6,24,4
22361-22361,223618059750286,hound,6,25,5
65057-65057,650576790518133,terrier,5,1,3
65057-65057,650576790518133,terrier,5,2,5
65057-65057,650576790518133,terrier,5,3,5
65057-65057,650576790518133,terrier,5,4,5
65057-65057,650576790518133,terrier,5,5,5
65057-65057,650576790518133,terrier,5,6,5
65057-65057,650576790518133,terrier,5,7,5
65057-65057,650576790518133,terrier,5,8,5
65057-65057,650576790518133,terrier,5,9,5
65057-65057,650576790518133,terrier,5,10,5
65057-65057,650576790518133,terrier,5,11,5
65057-65057,650576790518133,terrier,5,12,4
65057-65057,650576790518133,terrier,5,13,4
65057-65057,650576790518133,terrier,5,14,5
65057-65057,650576790518133,terrier,5,15,5
65057-65057,650576790518133,terrier,5,16,5
65057-65057,650576790518133,terrier,5,17,5
65057-65057,650576790518133,terrier,5,18,5
65057-65057,650576790518133,terrier,5,19,5
65057-65057,650576790518133,terrier,5,20,5
65057-65057,650576790518133,terrier,5,21,5
65057-65057,650576790518133,terrier,5,22,5
65057-65057,650576790518133,terrier,5,23,5
65057-65057,650576790518133,terrier,5,24,5
65057-65057,650576790518133,terrier,5,25,5
65057-65057,650576790518133,terrier,6,1,4
65057-65057,650576790518133,terrier,6,2,5
65057-65057,650576790518133,terrier,6,3,5
65057-65057,650576790518133,terrier,6,4,3
65057-65057,650576790518133,terrier,6,5,4
65057-65057,650576790518133,terrier,6,6,4
65057-65057,650576790518133,terrier,6,7,5
65057-65057,650576790518133,terrier,6,8,5
65057-65057,650576790518133,terrier,6,9,5
65057-65057,650576790518133,terrier,6,10,5
65057-65057,650576790518133,terrier,6,11,4
65057-65057,650576790518133,terrier,6,12,5
65057-65057,650576790518133,terrier,6,13,3
65057-65057,650576790518133,terrier,6,14,5
65057-65057,650576790518133,terrier,6,15,5
65057-65057,650576790518133,terrier,6,16,4
65057-65057,650576790518133,terrier,6,17,5
65057-65057,650576790518133,terrier,6,18,5
65057-65057,650576790518133,terrier,6,19,5
65057-65057,650576790518133,terrier,6,20,5
65057-65057,650576790518133,terrier,6,21,5
65057-65057,650576790518133,terrier,6,22,5
65057-65057,650576790518133,terrier,6,23,5
65057-65057,650576790518133,terrier,6,24,5
65057-65057,650576790518133,terrier,6,25,5
33658-33658,336585928845339,terrier,5,1,5
33658-33658,336585928845339,terrier,5,2,5
33658-33658,336585928845339,terrier,5,3,5
33658-33658,336585928845339,terrier,5,4,5
33658-33658,336585928845339,terrier,5,5,4
33658-33658,336585928845339,terrier,5,6,5
33658-33658,336585928845339,terrier,5,7,5
33658-33658,336585928845339,terrier,5,8,5
33658-33658,336585928845339,terrier,5,9,5
33658-33658,336585928845339,terrier,5,10,5
33658-33658,336585928845339,terrier,5,11,3
33658-33658,336585928845339,terrier,5,12,4
33658-33658,336585928845339,terrier,5,13,5
33658-33658,336585928845339,terrier,5,14,5
33658-33658,336585928845339,terrier,5,15,5
33658-33658,336585928845339,terrier,5,16,5
33658-33658,336585928845339,terrier,5,17,5
33658-33658,336585928845339,terrier,5,18,4
33658-33658,336585928845339,terrier,5,19,5
33658-33658,336585928845339,terrier,5,20,5
33658-33658,336585928845339,terrier,5,21,5
33658-33658,336585928845339,terrier,5,22,5
33658-33658,336585928845339,terrier,5,23,4
33658-33658,336585928845339,terrier,5,24,5
33658-33658,336585928845339,terrier,5,25,5
33658-33658,336585928845339,terrier,6,1,5
33658-33658,336585928845339,terrier,6,2,2
33658-33658,336585928845339,terrier,6,3,4
33658-33658,336585928845339,terrier,6,4,4
33658-33658,336585928845339,terrier,6,5,5
33658-33658,336585928845339,terrier,6,6,5
33658-33658,336585928845339,terrier,6,7,2
33658-33658,336585928845339,terrier,6,8,3
33658-33658,336585928845339,terrier,6,9,5
33658-33658,336585928845339,terrier,6,10,3
33658-33658,336585928845339,terrier,6,11,4
33658-33658,336585928845339,terrier,6,12,3
33658-33658,336585928845339,terrier,6,13,4
33658-33658,336585928845339,terrier,6,14,4
33658-33658,336585928845339,terrier,6,15,3
33658-33658,336585928845339,terrier,6,16,5
33658-33658,336585928845339,terrier,6,17,3
33658-33658,336585928845339,terrier,6,18,3
33658-33658,336585928845339,terrier,6,19,3
33658-33658,336585928845339,terrier,6,20,3
33658-33658,336585928845339,terrier,6,21,1
33658-33658,336585928845339,terrier,6,22,5
33658-33658,336585928845339,terrier,6,23,0
33658-33658,336585928845339,terrier,6,24,4
33658-33658,336585928845339,terrier,6,25,4
82418-82418,824186877087142,hound,5,4,4
82418-82418,824186877087142,hound,5,5,4
82418-82418,824186877087142,hound,5,6,5
82418-82418,824186877087142,hound,5,7,5
82418-82418,824186877087142,hound,5,8,5
82418-82418,824186877087142,hound,5,9,5
82418-82418,824186877087142,hound,5,10,4
82418-82418,824186877087142,hound,5,11,5
82418-82418,824186877087142,hound,5,12,5
82418-82418,824186877087142,hound,5,13,5
82418-82418,824186877087142,hound,5,14,5
82418-82418,824186877087142,hound,5,15,4
82418-82418,824186877087142,hound,5,16,4
82418-82418,824186877087142,hound,5,17,5
82418-82418,824186877087142,hound,5,18,5
82418-82418,824186877087142,hound,5,19,5
82418-82418,824186877087142,hound,5,20,5
82418-82418,824186877087142,hound,5,21,4
82418-82418,824186877087142,hound,5,22,5
82418-82418,824186877087142,hound,5,23,4
82418-82418,824186877087142,hound,5,24,5
82418-82418,824186877087142,hound,5,25,5
82418-82418,824186877087142,hound,6,1,2
82418-82418,824186877087142,hound,6,2,4
82418-82418,824186877087142,hound,6,3,4
82418-82418,824186877087142,hound,6,4,5
82418-82418,824186877087142,hound,6,5,4
82418-82418,824186877087142,hound,6,6,5
82418-82418,824186877087142,hound,6,7,5
82418-82418,824186877087142,hound,6,8,5
82418-82418,824186877087142,hound,6,9,5
82418-82418,824186877087142,hound,6,10,5
82418-82418,824186877087142,hound,6,11,4
82418-82418,824186877087142,hound,6,12,4
82418-82418,824186877087142,hound,6,13,5
82418-82418,824186877087142,hound,6,14,5
82418-82418,824186877087142,hound,6,15,5
82418-82418,824186877087142,hound,6,16,5
82418-82418,824186877087142,hound,6,17,5
82418-82418,824186877087142,hound,6,18,5
82418-82418,824186877087142,hound,6,19,4
82418-82418,824186877087142,hound,6,20,5
82418-82418,824186877087142,hound,6,21,5
82418-82418,824186877087142,hound,6,22,5
82418-82418,824186877087142,hound,6,23,5
82418-82418,824186877087142,hound,6,24,5
82418-82418,824186877087142,hound,6,25,4
35239-35239,352394607586804,terrier,5,1,3
35239-35239,352394607586804,terrier,5,2,4
35239-35239,352394607586804,terrier,5,3,4
35239-35239,352394607586804,terrier,5,4,4
35239-35239,352394607586804,terrier,5,5,4
35239-35239,352394607586804,terrier,5,6,5
35239-35239,352394607586804,terrier,5,7,5
35239-35239,352394607586804,terrier,5,8,5
35239-35239,352394607586804,terrier,5,9,5
35239-35239,352394607586804,terrier,5,10,5
35239-35239,352394607586804,terrier,5,11,5
35239-35239,352394607586804,terrier,5,12,5
35239-35239,352394607586804,terrier,5,13,5
35239-35239,352394607586804,terrier,5,14,5
35239-35239,352394607586804,terrier,5,15,5
35239-35239,352394607586804,terrier,5,16,5
35239-35239,352394607586804,terrier,5,17,5
35239-35239,352394607586804,terrier,5,18,5
35239-35239,352394607586804,terrier,5,19,5
35239-35239,352394607586804,terrier,5,20,5
35239-35239,352394607586804,terrier,5,21,5
35239-35239,352394607586804,terrier,5,22,5
35239-35239,352394607586804,terrier,5,23,5
35239-35239,352394607586804,terrier,5,24,5
35239-35239,352394607586804,terrier,5,25,5
35239-35239,352394607586804,terrier,6,1,3
35239-35239,352394607586804,terrier,6,2,4
35239-35239,352394607586804,terrier,6,3,4
35239-35239,352394607586804,terrier,6,4,3
35239-35239,352394607586804,terrier,6,5,5
35239-35239,352394607586804,terrier,6,6,4
35239-35239,352394607586804,terrier,6,7,5
35239-35239,352394607586804,terrier,6,8,5
35239-35239,352394607586804,terrier,6,9,5
35239-35239,352394607586804,terrier,6,10,5
35239-35239,352394607586804,terrier,6,11,5
35239-35239,352394607586804,terrier,6,12,5
35239-35239,352394607586804,terrier,6,13,5
35239-35239,352394607586804,terrier,6,14,5
35239-35239,352394607586804,terrier,6,15,5
35239-35239,352394607586804,terrier,6,16,5
35239-35239,352394607586804,terrier,6,17,5
35239-35239,352394607586804,terrier,6,18,5
35239-35239,352394607586804,terrier,6,19,5
35239-35239,352394607586804,terrier,6,20,5
35239-35239,352394607586804,terrier,6,21,5
35239-35239,352394607586804,terrier,6,22,5
35239-35239,352394607586804,terrier,6,23,5
35239-35239,352394607586804,terrier,6,24,5
35239-35239,352394607586804,terrier,6,25,5
88243-88243,88243563579925,terrier,5,1,4
88243-88243,88243563579925,terrier,5,2,3
88243-88243,88243563579925,terrier,5,3,1
88243-88243,88243563579925,terrier,5,4,3
88243-88243,88243563579925,terrier,5,5,3
88243-88243,88243563579925,terrier,5,6,2
88243-88243,88243563579925,terrier,5,7,3
88243-88243,88243563579925,terrier,5,8,2
88243-88243,88243563579925,terrier,5,9,4
88243-88243,88243563579925,terrier,5,10,2
88243-88243,88243563579925,terrier,5,11,4
88243-88243,88243563579925,terrier,5,12,1
88243-88243,88243563579925,terrier,5,13,2
88243-88243,88243563579925,terrier,5,14,3
88243-88243,88243563579925,terrier,5,15,4
88243-88243,88243563579925,terrier,5,16,3
88243-88243,88243563579925,terrier,5,17,2
88243-88243,88243563579925,terrier,5,18,3
88243-88243,88243563579925,terrier,5,19,4
88243-88243,88243563579925,terrier,5,20,4
88243-88243,88243563579925,terrier,5,21,5
88243-88243,88243563579925,terrier,5,22,2
88243-88243,88243563579925,terrier,5,23,4
88243-88243,88243563579925,terrier,5,24,3
88243-88243,88243563579925,terrier,5,25,3
88243-88243,88243563579925,terrier,6,1,5
88243-88243,88243563579925,terrier,6,2,4
88243-88243,88243563579925,terrier,6,3,5
88243-88243,88243563579925,terrier,6,4,4
88243-88243,88243563579925,terrier,6,5,5
88243-88243,88243563579925,terrier,6,6,5
88243-88243,88243563579925,terrier,6,7,3
88243-88243,88243563579925,terrier,6,8,3
88243-88243,88243563579925,terrier,6,9,5
88243-88243,88243563579925,terrier,6,10,4
88243-88243,88243563579925,terrier,6,11,3
88243-88243,88243563579925,terrier,6,12,4
88243-88243,88243563579925,terrier,6,13,4
88243-88243,88243563579925,terrier,6,14,3
88243-88243,88243563579925,terrier,6,15,3
88243-88243,88243563579925,terrier,6,16,5
88243-88243,88243563579925,terrier,6,17,5
88243-88243,88243563579925,terrier,6,18,5
88243-88243,88243563579925,terrier,6,19,4
88243-88243,88243563579925,terrier,6,20,5
88243-88243,88243563579925,terrier,6,21,4
88243-88243,88243563579925,terrier,6,22,4
88243-88243,88243563579925,terrier,6,23,5
88243-88243,88243563579925,terrier,6,24,4
88243-88243,88243563579925,terrier,6,25,5
60271-60271,602716852975102,hound,5,1,1
60271-60271,602716852975102,hound,5,2,4
60271-60271,602716852975102,hound,5,3,5
60271-60271,602716852975102,hound,5,4,3
60271-60271,602716852975102,hound,5,5,5
60271-60271,602716852975102,hound,5,6,5
60271-60271,602716852975102,hound,5,7,3
60271-60271,602716852975102,hound,5,8,5
60271-60271,602716852975102,hound,5,9,5
60271-60271,602716852975102,hound,5,10,5
60271-60271,602716852975102,hound,5,11,5
60271-60271,602716852975102,hound,5,12,5
60271-60271,602716852975102,hound,5,13,4
60271-60271,602716852975102,hound,5,14,5
60271-60271,602716852975102,hound,5,15,5
60271-60271,602716852975102,hound,5,16,4
60271-60271,602716852975102,hound,5,17,5
60271-60271,602716852975102,hound,5,18,5
60271-60271,602716852975102,hound,5,19,5
60271-60271,602716852975102,hound,5,20,4
60271-60271,602716852975102,hound,5,21,5
60271-60271,602716852975102,hound,5,22,5
60271-60271,602716852975102,hound,5,23,5
60271-60271,602716852975102,hound,5,24,5
60271-60271,602716852975102,hound,5,25,5
60271-60271,602716852975102,hound,6,1,5
60271-60271,602716852975102,hound,6,2,5
60271-60271,602716852975102,hound,6,3,5
60271-60271,602716852975102,hound,6,4,5
60271-60271,602716852975102,hound,6,5,5
60271-60271,602716852975102,hound,6,6,4
60271-60271,602716852975102,hound,6,7,4
60271-60271,602716852975102,hound,6,8,3
60271-60271,602716852975102,hound,6,9,5
60271-60271,602716852975102,hound,6,10,4
60271-60271,602716852975102,hound,6,11,5
60271-60271,602716852975102,hound,6,12,5
60271-60271,602716852975102,hound,6,13,2
60271-60271,602716852975102,hound,6,14,5
60271-60271,602716852975102,hound,6,15,5
60271-60271,602716852975102,hound,6,16,5
60271-60271,602716852975102,hound,6,17,4
60271-60271,602716852975102,hound,6,18,4
60271-60271,602716852975102,hound,6,19,5
60271-60271,602716852975102,hound,6,20,5
60271-60271,602716852975102,hound,6,21,5
60271-60271,602716852975102,hound,6,22,4
60271-60271,602716852975102,hound,6,23,4
60271-60271,602716852975102,hound,6,24,4
60271-60271,602716852975102,hound,6,25,4
84256-84256,842567761966192,terrier,5,1,0
84256-84256,842567761966192,terrier,5,2,3
84256-84256,842567761966192,terrier,5,3,3
84256-84256,842567761966192,terrier,5,4,4
84256-84256,842567761966192,terrier,5,5,4
84256-84256,842567761966192,terrier,5,6,4
84256-84256,842567761966192,terrier,5,7,4
84256-84256,842567761966192,terrier,5,8,5
84256-84256,842567761966192,terrier,5,9,5
84256-84256,842567761966192,terrier,5,10,4
84256-84256,842567761966192,terrier,5,11,4
84256-84256,842567761966192,terrier,5,12,5
84256-84256,842567761966192,terrier,5,13,4
84256-84256,842567761966192,terrier,5,14,5
84256-84256,842567761966192,terrier,5,15,5
84256-84256,842567761966192,terrier,5,16,5
84256-84256,842567761966192,terrier,5,17,5
84256-84256,842567761966192,terrier,5,18,4
84256-84256,842567761966192,terrier,5,19,5
84256-84256,842567761966192,terrier,5,20,5
84256-84256,842567761966192,terrier,5,21,4
84256-84256,842567761966192,terrier,5,22,5
84256-84256,842567761966192,terrier,5,23,5
84256-84256,842567761966192,terrier,5,24,5
84256-84256,842567761966192,terrier,5,25,5
84256-84256,842567761966192,terrier,6,1,5
84256-84256,842567761966192,terrier,6,2,5
84256-84256,842567761966192,terrier,6,3,4
84256-84256,842567761966192,terrier,6,4,5
84256-84256,842567761966192,terrier,6,5,5
84256-84256,842567761966192,terrier,6,6,5
84256-84256,842567761966192,terrier,6,7,4
84256-84256,842567761966192,terrier,6,8,5
84256-84256,842567761966192,terrier,6,9,4
84256-84256,842567761966192,terrier,6,10,5
84256-84256,842567761966192,terrier,6,11,5
84256-84256,842567761966192,terrier,6,12,5
84256-84256,842567761966192,terrier,6,13,5
84256-84256,842567761966192,terrier,6,14,5
84256-84256,842567761966192,terrier,6,15,5
84256-84256,842567761966192,terrier,6,16,5
84256-84256,842567761966192,terrier,6,17,4
84256-84256,842567761966192,terrier,6,18,4
84256-84256,842567761966192,terrier,6,19,4
84256-84256,842567761966192,terrier,6,20,5
84256-84256,842567761966192,terrier,6,21,5
84256-84256,842567761966192,terrier,6,22,5
84256-84256,842567761966192,terrier,6,23,5
84256-84256,842567761966192,terrier,6,24,5
84256-84256,842567761966192,terrier,6,25,5
94895-94895,948958320489333,terrier,5,1,3
94895-94895,948958320489333,terrier,5,2,5
94895-94895,948958320489333,terrier,5,3,4
94895-94895,948958320489333,terrier,5,4,3
94895-94895,948958320489333,terrier,5,5,3
94895-94895,948958320489333,terrier,5,6,2
94895-94895,948958320489333,terrier,5,7,2
94895-94895,948958320489333,terrier,5,8,5
94895-94895,948958320489333,terrier,5,9,5
94895-94895,948958320489333,terrier,5,10,4
94895-94895,948958320489333,terrier,5,11,5
94895-94895,948958320489333,terrier,5,12,4
94895-94895,948958320489333,terrier,5,13,4
94895-94895,948958320489333,terrier,5,14,4
94895-94895,948958320489333,terrier,5,15,2
94895-94895,948958320489333,terrier,5,16,5
94895-94895,948958320489333,terrier,5,17,3
94895-94895,948958320489333,terrier,5,18,3
94895-94895,948958320489333,terrier,5,19,4
94895-94895,948958320489333,terrier,5,20,3
94895-94895,948958320489333,terrier,5,21,4
94895-94895,948958320489333,terrier,5,22,5
94895-94895,948958320489333,terrier,5,23,3
94895-94895,948958320489333,terrier,5,24,4
94895-94895,948958320489333,terrier,5,25,5
94895-94895,948958320489333,terrier,6,1,0
94895-94895,948958320489333,terrier,6,2,5
94895-94895,948958320489333,terrier,6,3,3
94895-94895,948958320489333,terrier,6,4,3
94895-94895,948958320489333,terrier,6,5,1
94895-94895,948958320489333,terrier,6,6,2
94895-94895,948958320489333,terrier,6,7,3
94895-94895,948958320489333,terrier,6,8,4
94895-94895,948958320489333,terrier,6,9,3
94895-94895,948958320489333,terrier,6,10,3
94895-94895,948958320489333,terrier,6,11,3
94895-94895,948958320489333,terrier,6,12,4
94895-94895,948958320489333,terrier,6,13,3
94895-94895,948958320489333,terrier,6,14,4
94895-94895,948958320489333,terrier,6,15,5
94895-94895,948958320489333,terrier,6,16,4
94895-94895,948958320489333,terrier,6,17,5
94895-94895,948958320489333,terrier,6,18,3
94895-94895,948958320489333,terrier,6,19,4
94895-94895,948958320489333,terrier,6,20,5
94895-94895,948958320489333,terrier,6,21,5
94895-94895,948958320489333,terrier,6,22,4
94895-94895,948958320489333,terrier,6,23,5
94895-94895,948958320489333,terrier,6,24,5
94895-94895,948958320489333,terrier,6,25,4
51800-51800,518006412062467,hound,5,1,3
51800-51800,518006412062467,hound,5,2,3
51800-51800,518006412062467,hound,5,4,3
51800-51800,518006412062467,hound,5,5,1
51800-51800,518006412062467,hound,5,6,2
51800-51800,518006412062467,hound,5,7,4
51800-51800,518006412062467,hound,5,8,4
51800-51800,518006412062467,hound,5,9,5
51800-51800,518006412062467,hound,5,10,5
51800-51800,518006412062467,hound,5,11,4
51800-51800,518006412062467,hound,5,12,5
51800-51800,518006412062467,hound,5,13,5
51800-51800,518006412062467,hound,5,14,4
51800-51800,518006412062467,hound,5,15,5
51800-51800,518006412062467,hound,5,16,5
51800-51800,518006412062467,hound,5,17,5
51800-51800,518006412062467,hound,5,18,5
51800-51800,518006412062467,hound,5,19,5
51800-51800,518006412062467,hound,5,20,5
51800-51800,518006412062467,hound,5,21,5
51800-51800,518006412062467,hound,5,22,5
51800-51800,518006412062467,hound,5,23,5
51800-51800,518006412062467,hound,5,24,5
51800-51800,518006412062467,hound,5,25,5
51800-51800,518006412062467,hound,6,1,2
51800-51800,518006412062467,hound,6,2,2
51800-51800,518006412062467,hound,6,3,5
51800-51800,518006412062467,hound,6,4,5
51800-51800,518006412062467,hound,6,5,5
51800-51800,518006412062467,hound,6,6,5
51800-51800,518006412062467,hound,6,7,5
51800-51800,518006412062467,hound,6,8,5
51800-51800,518006412062467,hound,6,9,5
51800-51800,518006412062467,hound,6,10,4
51800-51800,518006412062467,hound,6,11,5
51800-51800,518006412062467,hound,6,12,4
51800-51800,518006412062467,hound,6,13,4
51800-51800,518006412062467,hound,6,14,5
51800-51800,518006412062467,hound,6,15,5
51800-51800,518006412062467,hound,6,16,4
51800-51800,518006412062467,hound,6,17,5
51800-51800,518006412062467,hound,6,18,5
51800-51800,518006412062467,hound,6,19,5
51800-51800,518006412062467,hound,6,20,5
51800-51800,518006412062467,hound,6,21,5
51800-51800,518006412062467,hound,6,22,5
51800-51800,518006412062467,hound,6,23,5
51800-51800,518006412062467,hound,6,24,5
51800-51800,518006412062467,hound,6,25,5
