Dyad,Player,Round,Score,objectLeft,objectRight
79317-47777,793179846249445,1,0,Otro-A-B-VP-HI,Otro-R-G-VP-HI
79317-47777,793179846249445,1,0,Otro-R-B-VP-HI,Dup
79317-47777,477779844461679,1,0,Xol,Otro-R-G-VP-HI
79317-47777,793179846249445,1,1,Dup,Dup
79317-47777,477779844461679,1,0,Otro-A-B-VP-HI,Xol
79317-47777,793179846249445,1,0,Otro-A-G-VP-HI,Dup
79317-47777,477779844461679,1,0,Xol,Otro-A-G-VP-HI
79317-47777,793179846249445,1,1,Dup,Dup
79317-47777,477779844461679,1,1,Xol,Xol
79317-47777,477779844461679,1,0,Otro-R-B-VP-HI,Xol
79317-47777,793179846249445,2,0,Dup,Otro-A-G-VP-HI
79317-47777,793179846249445,2,0,Otro-R-G-VP-HI,Dup
79317-47777,477779844461679,2,0,Xol,Otro-A-B-VP-HI
79317-47777,793179846249445,2,0,Dup,Otro-R-B-VP-HI
79317-47777,793179846249445,2,1,Dup,Dup
79317-47777,793179846249445,2,0,Otro-A-B-VP-HI,Dup
79317-47777,477779844461679,2,0,Otro-R-G-VP-HI,Xol
79317-47777,477779844461679,2,0,Otro-A-G-VP-HI,Xol
79317-47777,477779844461679,2,0,Otro-R-B-VP-HI,Xol
79317-47777,477779844461679,2,1,Xol,Xol
79317-47777,793179846249445,3,1,Dup,Dup
79317-47777,793179846249445,3,0,Dup,Otro-A-G-VP-HI
79317-47777,793179846249445,3,0,Otro-A-B-VP-HI,Otro-R-G-VP-HI
79317-47777,477779844461679,3,1,Xol,Xol
79317-47777,477779844461679,3,0,Xol,Otro-A-B-VP-HI
79317-47777,477779844461679,3,0,Xol,Otro-R-B-VP-HI
79317-47777,793179846249445,3,0,Dup,Otro-R-B-VP-HI
79317-47777,477779844461679,3,0,Otro-A-G-VP-HI,Otro-R-G-VP-HI
79317-47777,793179846249445,3,1,Dup,Dup
79317-47777,477779844461679,3,1,Xol,Xol
79317-47777,477779844461679,4,5,Xol,Dup-Recibido
79317-47777,477779844461679,4,0,Otro-R-G-VP-HI-Recibido,Xol
79317-47777,793179846249445,4,0,Dup,Otro-A-G-VP-HI
79317-47777,793179846249445,4,1,Dup,Dup
79317-47777,477779844461679,4,1,Xol,Xol
79317-47777,793179846249445,4,0,Dup,Otro-A-B-VP-HI
79317-47777,793179846249445,4,0,Dup,Otro-R-B-VP-HI
79317-47777,477779844461679,4,0,Otro-R-B-VP-HI,Xol
79317-47777,477779844461679,4,0,Otro-A-G-VP-HI,Otro-R-G-VP-HI
79317-47777,793179846249445,5,0,Otro-R-G-VP-HI,Otro-R-B-VP-HI
79317-47777,793179846249445,5,0,Otro-A-G-VP-HI,Dup
79317-47777,793179846249445,5,1,Dup,Dup
79317-47777,793179846249445,5,0,Otro-A-B-VP-HI,Dup
79317-47777,793179846249445,5,1,Dup,Dup
79317-47777,477779844461679,5,0,Xol,Otro-R-G-VP-HI
79317-47777,477779844461679,5,0,Xol,Otro-A-B-VP-HI
79317-47777,477779844461679,5,0,Xol,Otro-R-B-VP-HI
79317-47777,477779844461679,5,0,Xol,Otro-A-G-VP-HI
79317-47777,477779844461679,5,1,Xol,Xol
79317-47777,477779844461679,6,1,Xol,Xol
79317-47777,477779844461679,6,0,Otro-A-B-VP-HI,Otro-R-B-VP-HI
79317-47777,793179846249445,6,0,Otro-A-B-VP-HI,Otro-A-G-VP-HI
79317-47777,477779844461679,6,0,Otro-R-G-VP-HI,Xol
79317-47777,477779844461679,6,1,Xol,Xol
79317-47777,477779844461679,6,0,Otro-A-G-VP-HI,Xol
79317-47777,793179846249445,6,0,Otro-R-G-VP-HI,Dup
79317-47777,793179846249445,6,1,Dup,Dup
79317-47777,793179846249445,6,1,Dup,Dup
79317-47777,793179846249445,6,0,Otro-R-B-VP-HI,Dup
79317-47777,793179846249445,7,0,Dup,Otro-A-G-VP-HI
79317-47777,793179846249445,7,1,Dup,Dup
79317-47777,477779844461679,7,5,Dup-Recibido,Xol
79317-47777,793179846249445,7,1,Dup,Dup
79317-47777,477779844461679,7,0,Xol,Otro-R-G-VP-HI-Recibido
79317-47777,793179846249445,7,0,Dup,Otro-A-B-VP-HI
79317-47777,793179846249445,7,0,Xol-Recibido,Otro-R-B-VP-HI
79317-47777,477779844461679,7,0,Otro-R-G-VP-HI,Xol
79317-47777,477779844461679,7,0,Otro-R-B-VP-HI,Xol
79317-47777,477779844461679,7,0,Xol,Otro-A-B-VP-HI
79317-47777,793179846249445,8,0,Dup,Otro-R-G-VP-HI
79317-47777,477779844461679,8,0,Otro-A-B-VP-HI-Recibido,Xol
79317-47777,793179846249445,8,1,Dup,Dup
79317-47777,793179846249445,8,0,Otro-A-G-VP-HI,Otro-R-B-VP-HI
79317-47777,477779844461679,8,0,Otro-R-G-VP-HI-Recibido,Xol
79317-47777,793179846249445,8,1,Dup,Dup
79317-47777,793179846249445,8,1,Xol-Recibido,Xol-Recibido
79317-47777,477779844461679,8,5,Dup-Recibido,Xol
79317-47777,477779844461679,8,0,Otro-R-B-VP-HI,Otro-R-G-VP-HI
79317-47777,477779844461679,8,0,Otro-A-B-VP-HI,Xol
79317-47777,793179846249445,8,5,Dup,Xol-Recibido
79317-47777,477779844461679,8,0,Otro-R-B-VP-HI-Recibido,Otro-A-G-VP-HI
79317-47777,793179846249445,9,0,Dup,Otro-A-G-VP-HI
79317-47777,793179846249445,9,0,Otro-R-G-VP-HI,Otro-R-G-VP-HI-Recibido
79317-47777,477779844461679,9,5,Dup-Recibido,Xol
79317-47777,793179846249445,9,5,Xol-Recibido,Dup
79317-47777,793179846249445,9,1,Dup,Dup
79317-47777,477779844461679,9,5,Dup-Recibido,Xol
79317-47777,477779844461679,9,5,Dup-Recibido,Xol
79317-47777,793179846249445,9,0,Otro-R-B-VP-HI,Xol-Recibido
79317-47777,793179846249445,9,0,Xol-Recibido,Otro-A-B-VP-HI
79317-47777,477779844461679,9,0,Otro-R-B-VP-HI,Otro-A-B-VP-HI
79317-47777,477779844461679,9,0,Xol,Otro-A-G-VP-HI
79317-47777,477779844461679,10,0,Otro-A-B-VP-HI-Recibido,Xol
79317-47777,793179846249445,10,1,Dup,Dup
79317-47777,477779844461679,10,0,Otro-R-B-VP-HI-Recibido,Xol
79317-47777,477779844461679,10,0,Xol,Otro-A-G-VP-HI
79317-47777,477779844461679,10,0,Xol,Otro-R-G-VP-HI
79317-47777,793179846249445,10,0,Otro-A-G-VP-HI,Dup
79317-47777,793179846249445,10,0,Xol-Recibido,Otro-R-G-VP-HI
79317-47777,793179846249445,10,0,Dup,Otro-A-G-VP-HI-Recibido
79317-47777,477779844461679,10,0,Otro-A-B-VP-HI,Dup-Recibido
79317-47777,477779844461679,10,0,Otro-R-G-VP-HI-Recibido,Dup-Recibido
79317-47777,793179846249445,10,0,Otro-R-B-VP-HI-Recibido,Xol-Recibido
79317-47777,793179846249445,10,1,Xol-Recibido,Xol-Recibido
79317-47777,793179846249445,10,5,Xol-Recibido,Dup
79317-47777,793179846249445,11,1,Dup,Dup
79317-47777,793179846249445,11,1,Dup,Dup
79317-47777,477779844461679,11,0,Otro-A-G-VP-HI-Recibido,Xol
79317-47777,793179846249445,11,0,Otro-R-G-VP-HI-Recibido,Otro-R-G-VP-HI
79317-47777,477779844461679,11,5,Dup-Recibido,Xol
79317-47777,793179846249445,11,1,Dup,Dup
79317-47777,477779844461679,11,5,Dup-Recibido,Xol
79317-47777,477779844461679,11,5,Dup-Recibido,Xol
79317-47777,477779844461679,11,0,Otro-R-B-VP-HI-Recibido,Xol
79317-47777,793179846249445,11,0,Otro-A-G-VP-HI-Recibido,Otro-A-B-VP-HI
79317-47777,793179846249445,11,0,Xol-Recibido,Otro-A-B-VP-HI-Recibido
79317-47777,793179846249445,12,0,Otro-A-G-VP-HI,Dup
79317-47777,793179846249445,12,1,Dup,Dup
79317-47777,793179846249445,12,0,Otro-R-B-VP-HI,Otro-R-G-VP-HI-Recibido
79317-47777,477779844461679,12,0,Otro-R-G-VP-HI-Recibido,Xol
79317-47777,477779844461679,12,0,Otro-A-G-VP-HI-Recibido,Xol
79317-47777,793179846249445,12,0,Otro-A-G-VP-HI-Recibido,Dup
79317-47777,477779844461679,12,0,Otro-A-B-VP-HI-Recibido,Xol
79317-47777,477779844461679,12,5,Dup-Recibido,Xol
79317-47777,793179846249445,12,0,Otro-R-B-VP-HI-Recibido,Dup
79317-47777,477779844461679,12,0,Otro-R-B-VP-HI-Recibido,Xol
79317-47777,793179846249445,12,0,Xol-Recibido,Otro-A-B-VP-HI-Recibido
79317-47777,477779844461679,13,0,Otro-R-B-VP-HI-Recibido,Xol
79317-47777,793179846249445,13,1,Dup,Dup
79317-47777,477779844461679,13,5,Xol,Dup-Recibido
79317-47777,477779844461679,13,0,Xol,Otro-A-B-VP-HI-Recibido
79317-47777,793179846249445,13,0,Xol-Recibido,Otro-R-G-VP-HI
79317-47777,477779844461679,13,0,Xol,Otro-A-G-VP-HI
79317-47777,477779844461679,13,0,Xol,Otro-R-B-VP-HI
79317-47777,793179846249445,13,0,Dup,Otro-A-B-VP-HI-Recibido
79317-47777,477779844461679,13,0,Otro-R-G-VP-HI,Xol
79317-47777,793179846249445,13,5,Xol-Recibido,Dup
79317-47777,477779844461679,13,0,Otro-R-G-VP-HI-Recibido,Dup-Recibido
79317-47777,793179846249445,13,0,Dup,Otro-A-G-VP-HI
79317-47777,477779844461679,14,0,Otro-R-B-VP-HI-Recibido,Xol
79317-47777,477779844461679,14,0,Xol,Otro-R-B-VP-HI
79317-47777,793179846249445,14,1,Dup,Dup
79317-47777,477779844461679,14,0,Otro-A-B-VP-HI,Xol
79317-47777,477779844461679,14,0,Xol,Otro-R-G-VP-HI
79317-47777,793179846249445,14,0,Dup,Otro-A-G-VP-HI
79317-47777,477779844461679,14,1,Xol,Xol
79317-47777,793179846249445,14,0,Xol-Recibido,Otro-A-B-VP-HI
79317-47777,793179846249445,14,5,Xol-Recibido,Dup
79317-47777,477779844461679,14,1,Dup-Recibido,Dup-Recibido
79317-47777,477779844461679,14,0,Otro-A-G-VP-HI,Dup-Recibido
79317-47777,793179846249445,14,0,Xol-Recibido,Otro-R-G-VP-HI
79317-47777,793179846249445,14,5,Dup,Xol-Recibido
79317-47777,793179846249445,15,0,Dup,Otro-R-B-VP-HI
79317-47777,477779844461679,15,5,Dup-Recibido,Xol
79317-47777,793179846249445,15,1,Dup,Dup
79317-47777,477779844461679,15,0,Otro-R-G-VP-HI-Recibido,Xol
79317-47777,793179846249445,15,0,Xol-Recibido,Otro-A-B-VP-HI
79317-47777,793179846249445,15,5,Xol-Recibido,Dup
79317-47777,477779844461679,15,0,Otro-A-B-VP-HI-Recibido,Xol
79317-47777,793179846249445,15,0,Xol-Recibido,Otro-A-G-VP-HI
79317-47777,477779844461679,15,5,Dup-Recibido,Xol
79317-47777,793179846249445,15,5,Xol-Recibido,Dup
79317-47777,477779844461679,15,5,Dup-Recibido,Xol
79317-47777,477779844461679,15,0,Otro-A-B-VP-HI,Otro-R-G-VP-HI
79317-47777,477779844461679,15,0,Xol,Otro-A-G-VP-HI
77849-13016,778491975418362,1,0,Xol,Otro-R-B-VP-HI
77849-13016,130164602795595,1,0,Dup,Otro-A-G-VP-HI
77849-13016,130164602795595,1,0,Dup,Otro-R-B-VP-HI
77849-13016,130164602795595,1,1,Dup,Dup
77849-13016,130164602795595,1,0,Otro-R-G-VP-HI,Otro-A-B-VP-HI
77849-13016,130164602795595,1,1,Dup,Dup
77849-13016,778491975418362,1,0,Xol,Otro-A-B-VP-HI
77849-13016,130164602795595,2,0,Dup,Otro-A-B-VP-HI
77849-13016,778491975418362,2,0,Xol,Otro-A-G-VP-HI
77849-13016,130164602795595,2,0,Otro-A-B-VP-HI-Recibido,Otro-R-G-VP-HI-Recibido
77849-13016,130164602795595,2,0,Otro-R-G-VP-HI,Dup
77849-13016,130164602795595,2,0,Otro-A-G-VP-HI,Dup
77849-13016,778491975418362,2,1,Xol,Xol
77849-13016,130164602795595,2,1,Dup,Dup
77849-13016,130164602795595,2,0,Otro-R-B-VP-HI,Dup
77849-13016,778491975418362,2,0,Otro-R-B-VP-HI,Xol
77849-13016,778491975418362,2,1,Xol,Xol
77849-13016,778491975418362,3,0,Otro-R-G-VP-HI,Otro-A-B-VP-HI
77849-13016,778491975418362,3,1,Xol,Xol
77849-13016,130164602795595,3,1,Dup,Dup
77849-13016,778491975418362,3,1,Xol,Xol
77849-13016,130164602795595,3,1,Dup,Dup
77849-13016,778491975418362,3,0,Xol,Otro-R-B-VP-HI
77849-13016,778491975418362,3,0,Xol,Otro-A-G-VP-HI
77849-13016,130164602795595,3,0,Dup,Otro-A-G-VP-HI-Recibido
77849-13016,130164602795595,3,0,Otro-A-B-VP-HI,Dup
77849-13016,778491975418362,3,0,Dup-Recibido,Otro-A-G-VP-HI-Recibido
77849-13016,130164602795595,3,0,Otro-R-G-VP-HI,Otro-R-B-VP-HI
77849-13016,778491975418362,4,1,Xol,Xol
77849-13016,130164602795595,4,0,Otro-R-G-VP-HI,Xol-Recibido
77849-13016,778491975418362,4,5,Xol,Dup-Recibido
77849-13016,130164602795595,4,0,Otro-A-G-VP-HI,Xol-Recibido
77849-13016,778491975418362,4,0,Xol,Otro-A-B-VP-HI-Recibido
77849-13016,130164602795595,4,0,Otro-R-B-VP-HI,Dup
77849-13016,130164602795595,4,1,Dup,Dup
77849-13016,130164602795595,4,1,Dup,Dup
77849-13016,778491975418362,5,1,Xol,Xol
77849-13016,778491975418362,5,1,Xol,Xol
77849-13016,130164602795595,5,5,Dup,Xol-Recibido
77849-13016,778491975418362,5,0,Otro-A-G-VP-HI,Otro-R-B-VP-HI
77849-13016,130164602795595,5,5,Dup,Xol-Recibido
77849-13016,778491975418362,5,0,Otro-R-G-VP-HI,Otro-A-B-VP-HI
77849-13016,130164602795595,5,0,Otro-A-G-VP-HI,Otro-R-G-VP-HI
77849-13016,778491975418362,5,5,Dup-Recibido,Xol
77849-13016,130164602795595,5,1,Dup,Dup
77849-13016,130164602795595,5,0,Dup,Otro-R-B-VP-HI
77849-13016,778491975418362,6,1,Xol,Xol
77849-13016,778491975418362,6,0,Xol,Otro-A-G-VP-HI
77849-13016,778491975418362,6,1,Xol,Xol
77849-13016,130164602795595,6,5,Dup,Xol-Recibido
77849-13016,130164602795595,6,5,Dup,Xol-Recibido
77849-13016,130164602795595,6,5,Dup,Xol-Recibido
77849-13016,778491975418362,6,1,Dup-Recibido,Dup-Recibido
77849-13016,778491975418362,6,0,Otro-R-B-VP-HI-Recibido,Otro-A-B-VP-HI
77849-13016,778491975418362,6,0,Otro-R-B-VP-HI,Otro-R-G-VP-HI
77849-13016,778491975418362,7,0,Xol,Otro-A-B-VP-HI
77849-13016,778491975418362,7,0,Xol,Otro-R-B-VP-HI
77849-13016,778491975418362,7,1,Xol,Xol
77849-13016,130164602795595,7,5,Dup,Xol-Recibido
77849-13016,130164602795595,7,5,Dup,Xol-Recibido
77849-13016,130164602795595,7,5,Dup,Xol-Recibido
77849-13016,130164602795595,7,5,Dup,Xol-Recibido
77849-13016,778491975418362,7,0,Xol,Otro-R-G-VP-HI
77849-13016,778491975418362,7,0,Xol,Otro-A-G-VP-HI
77849-13016,778491975418362,8,1,Xol,Xol
77849-13016,778491975418362,8,1,Xol,Xol
77849-13016,778491975418362,8,1,Xol,Xol
77849-13016,778491975418362,8,0,Otro-A-B-VP-HI,Otro-R-G-VP-HI
77849-13016,778491975418362,8,0,Otro-R-B-VP-HI,Otro-A-G-VP-HI
77849-13016,130164602795595,8,5,Dup,Xol-Recibido
77849-13016,130164602795595,8,5,Dup,Xol-Recibido
77849-13016,130164602795595,8,5,Dup,Xol-Recibido
77849-13016,130164602795595,8,5,Dup,Xol-Recibido
77849-13016,778491975418362,8,1,Dup-Recibido,Dup-Recibido
77849-13016,130164602795595,8,5,Dup,Xol-Recibido
77849-13016,778491975418362,9,1,Xol,Xol
77849-13016,778491975418362,9,0,Otro-R-G-VP-HI,Xol
77849-13016,778491975418362,9,0,Otro-R-B-VP-HI,Xol
77849-13016,778491975418362,9,1,Xol,Xol
77849-13016,778491975418362,9,0,Otro-A-B-VP-HI,Otro-A-G-VP-HI
77849-13016,130164602795595,9,5,Dup,Xol-Recibido
77849-13016,130164602795595,9,5,Dup,Xol-Recibido
77849-13016,130164602795595,9,5,Dup,Xol-Recibido
77849-13016,130164602795595,9,0,Dup,Otro-R-B-VP-HI-Recibido
77849-13016,130164602795595,9,0,Dup,Otro-A-G-VP-HI-Recibido
77849-13016,130164602795595,9,0,Otro-A-B-VP-HI-Recibido,Xol-Recibido
77849-13016,130164602795595,9,0,Otro-A-G-VP-HI,Xol-Recibido
77849-13016,778491975418362,9,1,Dup-Recibido,Dup-Recibido
77849-13016,778491975418362,10,1,Xol,Xol
77849-13016,130164602795595,10,5,Dup,Xol-Recibido
77849-13016,130164602795595,10,0,Dup,Otro-A-G-VP-HI-Recibido
77849-13016,130164602795595,10,5,Dup,Xol-Recibido
77849-13016,130164602795595,10,0,Dup,Otro-R-B-VP-HI-Recibido
77849-13016,778491975418362,10,5,Xol,Dup-Recibido
77849-13016,778491975418362,10,5,Dup-Recibido,Xol
77849-13016,778491975418362,10,0,Dup-Recibido,Otro-A-B-VP-HI
77849-13016,778491975418362,10,5,Xol,Dup-Recibido
77849-13016,130164602795595,10,5,Dup,Xol-Recibido
77849-13016,778491975418362,11,0,Xol,Otro-R-B-VP-HI
77849-13016,778491975418362,11,1,Xol,Xol
77849-13016,778491975418362,11,1,Xol,Xol
77849-13016,130164602795595,11,0,Dup,Otro-R-B-VP-HI-Recibido
77849-13016,130164602795595,11,5,Dup,Xol-Recibido
77849-13016,130164602795595,11,5,Dup,Xol-Recibido
77849-13016,130164602795595,11,5,Dup,Xol-Recibido
77849-13016,130164602795595,11,5,Dup,Xol-Recibido
77849-13016,130164602795595,11,0,Dup,Otro-A-B-VP-HI-Recibido
77849-13016,778491975418362,11,0,Dup-Recibido,Otro-R-B-VP-HI-Recibido
77849-13016,778491975418362,11,0,Otro-R-G-VP-HI,Dup-Recibido
77849-13016,778491975418362,11,0,Otro-A-B-VP-HI-Recibido,Otro-A-G-VP-HI
77849-13016,778491975418362,12,1,Xol,Xol
77849-13016,778491975418362,12,0,Otro-A-G-VP-HI,Xol
77849-13016,778491975418362,12,0,Otro-R-B-VP-HI,Xol
77849-13016,778491975418362,12,1,Xol,Xol
77849-13016,130164602795595,12,0,Dup,Otro-R-B-VP-HI-Recibido
77849-13016,130164602795595,12,5,Dup,Xol-Recibido
77849-13016,130164602795595,12,5,Dup,Xol-Recibido
77849-13016,130164602795595,12,5,Dup,Xol-Recibido
77849-13016,778491975418362,12,0,Otro-R-G-VP-HI,Otro-R-B-VP-HI-Recibido
77849-13016,778491975418362,12,1,Dup-Recibido,Dup-Recibido
77849-13016,130164602795595,12,0,Otro-R-G-VP-HI,Otro-A-B-VP-HI
77849-13016,130164602795595,12,0,Otro-A-G-VP-HI,Dup
77849-13016,778491975418362,12,1,Dup-Recibido,Dup-Recibido
77849-13016,778491975418362,13,1,Xol,Xol
77849-13016,778491975418362,13,0,Xol,Otro-A-B-VP-HI
77849-13016,778491975418362,13,0,Otro-A-G-VP-HI,Otro-R-G-VP-HI
77849-13016,778491975418362,13,1,Xol,Xol
77849-13016,778491975418362,13,0,Xol,Otro-R-B-VP-HI
77849-13016,130164602795595,13,5,Dup,Xol-Recibido
77849-13016,130164602795595,13,5,Dup,Xol-Recibido
77849-13016,130164602795595,13,0,Dup,Otro-R-B-VP-HI-Recibido
77849-13016,130164602795595,13,5,Dup,Xol-Recibido
77849-13016,130164602795595,13,0,Otro-R-G-VP-HI,Dup
77849-13016,130164602795595,13,0,Otro-R-G-VP-HI-Recibido,Xol-Recibido
77849-13016,130164602795595,13,0,Otro-A-G-VP-HI,Otro-R-B-VP-HI
77849-13016,778491975418362,13,1,Dup-Recibido,Dup-Recibido
77849-13016,778491975418362,14,1,Dup-Recibido,Dup-Recibido
77849-13016,778491975418362,14,1,Xol,Xol
77849-13016,778491975418362,14,1,Xol,Xol
77849-13016,778491975418362,14,0,Xol,Otro-R-B-VP-HI
77849-13016,778491975418362,14,0,Xol,Otro-A-G-VP-HI
77849-13016,778491975418362,14,0,Otro-R-G-VP-HI,Otro-A-B-VP-HI
77849-13016,130164602795595,14,5,Dup,Xol-Recibido
77849-13016,130164602795595,14,5,Dup,Xol-Recibido
77849-13016,130164602795595,14,0,Dup,Otro-R-B-VP-HI-Recibido
77849-13016,130164602795595,14,0,Xol-Recibido,Otro-R-G-VP-HI-Recibido
77849-13016,130164602795595,14,0,Xol-Recibido,Otro-A-G-VP-HI-Recibido
77849-13016,130164602795595,14,0,Otro-R-G-VP-HI,Xol-Recibido
77849-13016,130164602795595,14,0,Otro-A-B-VP-HI,Dup
77849-13016,130164602795595,14,0,Otro-A-G-VP-HI,Otro-R-B-VP-HI
77849-13016,778491975418362,15,0,Otro-R-B-VP-HI,Otro-R-G-VP-HI
77849-13016,778491975418362,15,1,Xol,Xol
77849-13016,778491975418362,15,1,Xol,Xol
77849-13016,778491975418362,15,1,Xol,Xol
77849-13016,778491975418362,15,0,Otro-A-B-VP-HI,Otro-A-G-VP-HI
77849-13016,130164602795595,15,1,Dup,Dup
77849-13016,130164602795595,15,5,Dup,Xol-Recibido
77849-13016,130164602795595,15,0,Dup,Otro-A-G-VP-HI-Recibido
77849-13016,130164602795595,15,0,Dup,Otro-A-B-VP-HI-Recibido
77849-13016,130164602795595,15,5,Dup,Xol-Recibido
77849-13016,130164602795595,15,0,Xol-Recibido,Otro-R-B-VP-HI-Recibido
77849-13016,130164602795595,15,1,Xol-Recibido,Xol-Recibido
77849-13016,130164602795595,15,0,Otro-R-G-VP-HI,Otro-R-B-VP-HI
93498-57924,934989713159287,1,0,Otro-R-G-VP-HI,Dup
93498-57924,579246711735224,1,0,Xol,Otro-A-B-VP-HI
93498-57924,934989713159287,1,0,Otro-A-B-VP-HI,Dup
93498-57924,934989713159287,1,1,Dup,Dup
93498-57924,934989713159287,1,0,Otro-A-G-VP-HI,Dup
93498-57924,934989713159287,1,0,Dup,Otro-R-B-VP-HI
93498-57924,579246711735224,2,0,Xol,Otro-A-B-VP-HI
93498-57924,934989713159287,2,0,Otro-A-B-VP-HI,Dup
93498-57924,579246711735224,2,0,Otro-A-G-VP-HI,Otro-R-B-VP-HI
93498-57924,934989713159287,2,1,Dup,Dup
93498-57924,579246711735224,2,0,Xol,Otro-R-G-VP-HI
93498-57924,579246711735224,2,1,Xol,Xol
93498-57924,934989713159287,2,0,Dup,Otro-R-G-VP-HI
93498-57924,934989713159287,2,1,Dup,Dup
93498-57924,579246711735224,3,0,Xol,Otro-A-B-VP-HI
93498-57924,934989713159287,3,1,Dup,Dup
93498-57924,579246711735224,3,0,Otro-R-G-VP-HI,Xol
93498-57924,934989713159287,3,1,Dup,Dup
93498-57924,579246711735224,3,0,Xol,Otro-A-G-VP-HI
93498-57924,934989713159287,3,0,Otro-A-G-VP-HI,Otro-A-B-VP-HI
93498-57924,934989713159287,3,0,Otro-R-B-VP-HI,Dup
93498-57924,579246711735224,3,0,Otro-R-B-VP-HI,Xol
93498-57924,934989713159287,3,0,Dup,Otro-A-B-VP-HI-Recibido
93498-57924,579246711735224,4,1,Xol,Xol
93498-57924,579246711735224,4,0,Otro-A-G-VP-HI,Xol
93498-57924,934989713159287,4,1,Dup,Dup
93498-57924,934989713159287,4,5,Dup,Xol-Recibido
93498-57924,934989713159287,4,0,Dup,Otro-A-B-VP-HI-Recibido
93498-57924,934989713159287,4,0,Dup,Otro-A-G-VP-HI-Recibido
93498-57924,934989713159287,4,0,Otro-R-G-VP-HI,Xol-Recibido
93498-57924,934989713159287,4,0,Dup,Otro-R-B-VP-HI
93498-57924,934989713159287,4,0,Otro-A-B-VP-HI,Otro-R-B-VP-HI-Recibido
93498-57924,934989713159287,4,0,Otro-A-G-VP-HI,Xol-Recibido
93498-57924,579246711735224,4,0,Otro-R-G-VP-HI,Xol
93498-57924,934989713159287,4,1,Xol-Recibido,Xol-Recibido
93498-57924,579246711735224,5,1,Xol,Xol
93498-57924,579246711735224,5,0,Otro-A-G-VP-HI,Xol
93498-57924,934989713159287,5,1,Dup,Dup
93498-57924,934989713159287,5,0,Otro-R-G-VP-HI,Dup
93498-57924,934989713159287,5,0,Otro-A-B-VP-HI,Dup
93498-57924,934989713159287,5,0,Otro-R-B-VP-HI,Dup
93498-57924,934989713159287,5,0,Otro-A-G-VP-HI,Otro-R-G-VP-HI-Recibido
93498-57924,579246711735224,5,0,Xol,Otro-A-B-VP-HI
93498-57924,934989713159287,5,0,Dup,Otro-A-B-VP-HI-Recibido
93498-57924,579246711735224,5,0,Otro-R-B-VP-HI,Otro-R-B-VP-HI-Recibido
93498-57924,934989713159287,5,1,Xol-Recibido,Xol-Recibido
93498-57924,934989713159287,6,0,Dup,Otro-A-B-VP-HI
93498-57924,934989713159287,6,0,Otro-R-G-VP-HI,Dup
93498-57924,579246711735224,6,0,Otro-A-B-VP-HI,Xol
93498-57924,579246711735224,6,1,Xol,Xol
93498-57924,579246711735224,6,0,Otro-R-G-VP-HI,Otro-A-G-VP-HI
93498-57924,579246711735224,6,1,Xol,Xol
93498-57924,934989713159287,6,0,Otro-A-G-VP-HI,Dup
93498-57924,579246711735224,6,0,Otro-R-B-VP-HI,Xol
93498-57924,579246711735224,6,1,Dup-Recibido,Dup-Recibido
93498-57924,934989713159287,6,0,Otro-R-G-VP-HI-Recibido,Dup
93498-57924,934989713159287,6,0,Xol-Recibido,Otro-R-B-VP-HI
93498-57924,579246711735224,6,0,Otro-A-G-VP-HI-Recibido,Dup-Recibido
93498-57924,934989713159287,6,0,Otro-R-B-VP-HI-Recibido,Otro-A-G-VP-HI-Recibido
93498-57924,579246711735224,6,1,Dup-Recibido,Dup-Recibido
93498-57924,579246711735224,7,1,Xol,Xol
93498-57924,579246711735224,7,0,Otro-R-G-VP-HI,Otro-A-G-VP-HI
93498-57924,579246711735224,7,0,Xol,Otro-A-B-VP-HI
93498-57924,934989713159287,7,0,Otro-A-G-VP-HI,Dup
93498-57924,934989713159287,7,0,Otro-R-G-VP-HI,Otro-A-B-VP-HI
93498-57924,579246711735224,7,0,Xol,Otro-R-B-VP-HI
93498-57924,934989713159287,7,1,Dup,Dup
93498-57924,934989713159287,7,1,Dup,Dup
93498-57924,579246711735224,7,0,Otro-R-G-VP-HI-Recibido,Otro-A-B-VP-HI-Recibido
93498-57924,934989713159287,7,0,Otro-R-B-VP-HI,Xol-Recibido
93498-57924,934989713159287,7,0,Otro-A-G-VP-HI-Recibido,Xol-Recibido
93498-57924,579246711735224,8,1,Xol,Xol
93498-57924,579246711735224,8,0,Otro-A-B-VP-HI,Xol
93498-57924,579246711735224,8,0,Otro-R-G-VP-HI,Xol
93498-57924,579246711735224,8,1,Xol,Xol
93498-57924,579246711735224,8,0,Otro-A-B-VP-HI-Recibido,Otro-A-G-VP-HI
93498-57924,934989713159287,8,0,Otro-R-G-VP-HI,Otro-R-B-VP-HI-Recibido
93498-57924,934989713159287,8,5,Xol-Recibido,Dup
93498-57924,579246711735224,8,0,Dup-Recibido,Otro-R-B-VP-HI-Recibido
93498-57924,579246711735224,9,0,Otro-A-G-VP-HI,Xol
93498-57924,579246711735224,9,0,Xol,Otro-R-G-VP-HI
93498-57924,579246711735224,9,1,Xol,Xol
93498-57924,934989713159287,9,0,Otro-R-G-VP-HI,Dup
93498-57924,579246711735224,9,0,Otro-A-B-VP-HI,Otro-A-B-VP-HI-Recibido
93498-57924,934989713159287,9,0,Dup,Otro-R-B-VP-HI
93498-57924,934989713159287,9,0,Dup,Otro-A-G-VP-HI
93498-57924,934989713159287,9,1,Dup,Dup
93498-57924,579246711735224,9,0,Xol,Otro-R-G-VP-HI-Recibido
93498-57924,579246711735224,9,0,Otro-R-B-VP-HI,Dup-Recibido
93498-57924,579246711735224,9,5,Xol,Dup-Recibido
93498-57924,579246711735224,9,0,Dup-Recibido,Otro-A-G-VP-HI-Recibido
93498-57924,579246711735224,10,0,Otro-A-G-VP-HI,Xol
93498-57924,579246711735224,10,0,Xol,Otro-R-G-VP-HI
93498-57924,579246711735224,10,1,Xol,Xol
93498-57924,579246711735224,10,0,Otro-A-B-VP-HI-Recibido,Otro-A-B-VP-HI
93498-57924,934989713159287,10,1,Dup,Dup
93498-57924,934989713159287,10,1,Dup,Dup
93498-57924,934989713159287,10,0,Otro-R-G-VP-HI,Otro-A-G-VP-HI
93498-57924,934989713159287,10,0,Dup,Otro-R-B-VP-HI
93498-57924,934989713159287,10,1,Xol-Recibido,Xol-Recibido
93498-57924,934989713159287,10,0,Otro-R-B-VP-HI-Recibido,Xol-Recibido
93498-57924,579246711735224,10,0,Otro-R-B-VP-HI-Recibido,Dup-Recibido
93498-57924,579246711735224,10,0,Dup-Recibido,Otro-R-G-VP-HI-Recibido
93498-57924,934989713159287,11,0,Dup,Otro-A-B-VP-HI
93498-57924,934989713159287,11,0,Dup,Otro-R-B-VP-HI
93498-57924,934989713159287,11,0,Otro-A-G-VP-HI,Dup
93498-57924,934989713159287,11,1,Dup,Dup
93498-57924,579246711735224,11,0,Otro-A-B-VP-HI,Xol
93498-57924,579246711735224,11,1,Xol,Xol
93498-57924,579246711735224,11,0,Xol,Otro-A-G-VP-HI
93498-57924,579246711735224,11,0,Otro-R-G-VP-HI-Recibido,Otro-R-G-VP-HI
93498-57924,934989713159287,11,5,Dup,Xol-Recibido
93498-57924,934989713159287,11,1,Xol-Recibido,Xol-Recibido
93498-57924,579246711735224,11,0,Xol,Otro-A-G-VP-HI-Recibido
93498-57924,579246711735224,11,0,Otro-R-B-VP-HI,Dup-Recibido
93498-57924,579246711735224,11,5,Dup-Recibido,Xol
93498-57924,579246711735224,12,0,Xol,Otro-A-G-VP-HI
93498-57924,579246711735224,12,1,Xol,Xol
93498-57924,934989713159287,12,0,Otro-A-B-VP-HI,Otro-R-B-VP-HI
93498-57924,579246711735224,12,1,Xol,Xol
93498-57924,934989713159287,12,1,Dup,Dup
93498-57924,934989713159287,12,1,Dup,Dup
93498-57924,579246711735224,12,0,Otro-A-B-VP-HI,Otro-R-G-VP-HI
93498-57924,934989713159287,12,0,Otro-R-G-VP-HI,Dup
93498-57924,934989713159287,12,0,Dup,Otro-R-G-VP-HI-Recibido
93498-57924,934989713159287,12,1,Xol-Recibido,Xol-Recibido
93498-57924,579246711735224,12,0,Otro-A-B-VP-HI-Recibido,Dup-Recibido
93498-57924,579246711735224,12,0,Xol,Otro-A-G-VP-HI-Recibido
93498-57924,579246711735224,12,0,Otro-R-B-VP-HI-Recibido,Dup-Recibido
93498-57924,934989713159287,12,0,Otro-R-B-VP-HI-Recibido,Otro-A-G-VP-HI-Recibido
93498-57924,579246711735224,13,1,Xol,Xol
93498-57924,934989713159287,13,0,Otro-R-G-VP-HI,Otro-A-G-VP-HI
93498-57924,934989713159287,13,1,Dup,Dup
93498-57924,934989713159287,13,0,Otro-R-B-VP-HI,Dup
93498-57924,579246711735224,13,0,Otro-A-B-VP-HI,Xol
93498-57924,579246711735224,13,0,Xol,Otro-A-G-VP-HI
93498-57924,934989713159287,13,1,Dup,Dup
93498-57924,934989713159287,13,0,Otro-A-B-VP-HI,Dup
93498-57924,934989713159287,13,0,Xol-Recibido,Otro-A-G-VP-HI-Recibido
93498-57924,934989713159287,13,0,Xol-Recibido,Otro-R-G-VP-HI-Recibido
93498-57924,579246711735224,13,0,Otro-R-G-VP-HI,Dup-Recibido
93498-57924,579246711735224,13,0,Xol,Otro-A-B-VP-HI-Recibido
93498-57924,579246711735224,13,0,Otro-R-B-VP-HI,Otro-R-B-VP-HI-Recibido
93498-57924,579246711735224,13,1,Dup-Recibido,Dup-Recibido
93498-57924,934989713159287,13,1,Xol-Recibido,Xol-Recibido
93498-57924,579246711735224,13,1,Dup-Recibido,Dup-Recibido
93498-57924,579246711735224,14,0,Otro-A-G-VP-HI,Otro-R-G-VP-HI
93498-57924,579246711735224,14,0,Otro-A-B-VP-HI,Xol
93498-57924,579246711735224,14,1,Xol,Xol
93498-57924,579246711735224,14,0,Xol,Otro-R-B-VP-HI
93498-57924,579246711735224,14,1,Xol,Xol
93498-57924,934989713159287,14,1,Dup,Dup
93498-57924,934989713159287,14,0,Otro-R-B-VP-HI,Dup
93498-57924,934989713159287,14,0,Otro-A-B-VP-HI,Dup
93498-57924,934989713159287,14,0,Otro-R-G-VP-HI,Otro-A-G-VP-HI
93498-57924,934989713159287,14,1,Dup,Dup
93498-57924,579246711735224,14,0,Dup-Recibido,Otro-A-G-VP-HI-Recibido
93498-57924,579246711735224,14,1,Dup-Recibido,Dup-Recibido
93498-57924,579246711735224,14,0,Dup-Recibido,Otro-A-B-VP-HI-Recibido
93498-57924,579246711735224,14,0,Otro-R-B-VP-HI-Recibido,Dup-Recibido
93498-57924,934989713159287,14,1,Xol-Recibido,Xol-Recibido
93498-57924,579246711735224,14,0,Otro-R-G-VP-HI-Recibido,Dup-Recibido
93498-57924,934989713159287,14,0,Xol-Recibido,Otro-A-B-VP-HI-Recibido
93498-57924,934989713159287,14,0,Otro-R-B-VP-HI-Recibido,Xol-Recibido
93498-57924,579246711735224,15,1,Xol,Xol
93498-57924,579246711735224,15,0,Xol,Otro-A-G-VP-HI
93498-57924,934989713159287,15,0,Otro-A-G-VP-HI,Dup
93498-57924,934989713159287,15,1,Dup,Dup
93498-57924,579246711735224,15,1,Xol,Xol
93498-57924,934989713159287,15,0,Otro-R-G-VP-HI,Dup
93498-57924,579246711735224,15,0,Otro-R-G-VP-HI,Otro-A-B-VP-HI
93498-57924,934989713159287,15,0,Otro-R-B-VP-HI,Dup
93498-57924,934989713159287,15,0,Otro-A-B-VP-HI,Dup
93498-57924,579246711735224,15,0,Otro-R-B-VP-HI,Dup-Recibido
93498-57924,579246711735224,15,0,Otro-R-B-VP-HI-Recibido,Dup-Recibido
93498-57924,579246711735224,15,5,Xol,Dup-Recibido
93498-57924,579246711735224,15,1,Dup-Recibido,Dup-Recibido
93498-57924,934989713159287,15,1,Xol-Recibido,Xol-Recibido
93498-57924,579246711735224,15,0,Dup-Recibido,Otro-A-G-VP-HI-Recibido
93498-57924,579246711735224,15,0,Otro-R-G-VP-HI-Recibido,Otro-A-B-VP-HI-Recibido
93498-57924,934989713159287,15,0,Otro-A-G-VP-HI-Recibido,Otro-A-B-VP-HI-Recibido
93498-57924,934989713159287,15,1,Xol-Recibido,Xol-Recibido
24333-14307,243335730149512,1,0,Dup,Otro-R-B-VP-HI
24333-14307,243335730149512,1,0,Dup,Otro-R-G-VP-HI
24333-14307,243335730149512,1,0,Otro-A-G-VP-HI,Dup
24333-14307,243335730149512,1,0,Dup,Otro-A-B-VP-HI
24333-14307,243335730149512,1,1,Dup,Dup
24333-14307,143073090680852,2,0,Otro-A-B-VP-HI,Dup-Recibido
24333-14307,243335730149512,2,1,Dup,Dup
24333-14307,143073090680852,2,5,Dup-Recibido,Xol
24333-14307,243335730149512,2,0,Otro-R-B-VP-HI,Dup
24333-14307,243335730149512,2,0,Otro-A-B-VP-HI,Otro-A-G-VP-HI
24333-14307,143073090680852,2,0,Xol,Otro-R-G-VP-HI-Recibido
24333-14307,243335730149512,2,0,Dup,Otro-A-G-VP-HI-Recibido
24333-14307,143073090680852,2,5,Xol,Dup-Recibido
24333-14307,143073090680852,3,5,Xol,Dup-Recibido
24333-14307,243335730149512,3,1,Dup,Dup
24333-14307,243335730149512,3,0,Dup,Otro-R-B-VP-HI
24333-14307,243335730149512,3,1,Dup,Dup
24333-14307,243335730149512,3,0,Otro-A-B-VP-HI,Otro-R-G-VP-HI
24333-14307,143073090680852,3,0,Xol,Otro-A-G-VP-HI-Recibido
24333-14307,143073090680852,3,0,Otro-R-G-VP-HI,Otro-A-B-VP-HI
24333-14307,143073090680852,3,0,Xol,Otro-A-G-VP-HI
24333-14307,143073090680852,3,0,Otro-R-B-VP-HI,Xol
24333-14307,143073090680852,3,1,Xol,Xol
24333-14307,243335730149512,4,1,Dup,Dup
24333-14307,243335730149512,4,1,Dup,Dup
24333-14307,243335730149512,4,0,Dup,Otro-R-B-VP-HI
24333-14307,243335730149512,4,0,Dup,Otro-A-B-VP-HI
24333-14307,243335730149512,4,0,Otro-R-G-VP-HI,Otro-A-G-VP-HI
24333-14307,143073090680852,4,5,Xol,Dup-Recibido
24333-14307,143073090680852,4,0,Xol,Otro-A-B-VP-HI
24333-14307,143073090680852,4,0,Otro-R-B-VP-HI,Xol
24333-14307,143073090680852,4,1,Xol,Xol
24333-14307,143073090680852,4,0,Otro-R-G-VP-HI,Otro-A-G-VP-HI
24333-14307,243335730149512,5,0,Otro-R-B-VP-HI,Otro-R-G-VP-HI
24333-14307,243335730149512,5,1,Dup,Dup
24333-14307,243335730149512,5,1,Dup,Dup
24333-14307,243335730149512,5,0,Dup,Otro-A-G-VP-HI
24333-14307,243335730149512,5,0,Dup,Otro-A-B-VP-HI
24333-14307,143073090680852,5,5,Xol,Dup-Recibido
24333-14307,243335730149512,5,1,Xol-Recibido,Xol-Recibido
24333-14307,143073090680852,5,0,Otro-R-B-VP-HI,Dup-Recibido
24333-14307,143073090680852,5,0,Otro-A-B-VP-HI,Xol
24333-14307,143073090680852,5,1,Xol,Xol
24333-14307,143073090680852,5,0,Otro-A-G-VP-HI,Xol
24333-14307,243335730149512,6,0,Dup,Otro-R-B-VP-HI
24333-14307,243335730149512,6,0,Dup,Otro-A-G-VP-HI
24333-14307,243335730149512,6,0,Dup,Otro-A-B-VP-HI
24333-14307,243335730149512,6,1,Dup,Dup
24333-14307,243335730149512,6,5,Dup,Xol-Recibido
24333-14307,143073090680852,6,0,Xol,Otro-A-G-VP-HI
24333-14307,243335730149512,6,0,Otro-R-G-VP-HI,Otro-R-B-VP-HI-Recibido
24333-14307,143073090680852,6,0,Otro-A-B-VP-HI,Xol
24333-14307,143073090680852,6,0,Xol,Otro-R-G-VP-HI
24333-14307,143073090680852,6,5,Xol,Dup-Recibido
24333-14307,143073090680852,6,0,Otro-A-B-VP-HI-Recibido,Xol
24333-14307,243335730149512,7,5,Dup,Xol-Recibido
24333-14307,143073090680852,7,0,Otro-R-B-VP-HI-Recibido,Xol
24333-14307,243335730149512,7,0,Dup,Otro-A-B-VP-HI
24333-14307,243335730149512,7,0,Otro-A-G-VP-HI,Xol-Recibido
24333-14307,143073090680852,7,0,Otro-R-B-VP-HI,Dup-Recibido
24333-14307,143073090680852,7,0,Otro-A-B-VP-HI,Xol
24333-14307,143073090680852,7,1,Xol,Xol
24333-14307,243335730149512,7,5,Dup,Xol-Recibido
24333-14307,143073090680852,7,0,Otro-A-G-VP-HI,Xol
24333-14307,243335730149512,7,0,Otro-R-G-VP-HI,Dup
24333-14307,243335730149512,8,0,Dup,Otro-R-B-VP-HI
24333-14307,243335730149512,8,0,Dup,Otro-R-B-VP-HI-Recibido
24333-14307,143073090680852,8,0,Otro-A-B-VP-HI,Otro-R-B-VP-HI-Recibido
24333-14307,243335730149512,8,0,Otro-A-B-VP-HI,Dup
24333-14307,143073090680852,8,0,Xol,Otro-R-G-VP-HI
24333-14307,243335730149512,8,5,Dup,Xol-Recibido
24333-14307,143073090680852,8,5,Xol,Dup-Recibido
24333-14307,143073090680852,8,0,Otro-A-G-VP-HI,Xol
24333-14307,243335730149512,8,0,Otro-A-G-VP-HI,Otro-A-B-VP-HI-Recibido
24333-14307,143073090680852,8,1,Xol,Xol
24333-14307,243335730149512,8,0,Dup,Otro-R-G-VP-HI
24333-14307,243335730149512,9,0,Dup,Otro-R-B-VP-HI
24333-14307,143073090680852,9,0,Otro-A-G-VP-HI,Otro-R-B-VP-HI
24333-14307,243335730149512,9,0,Dup,Otro-A-B-VP-HI
24333-14307,243335730149512,9,0,Otro-R-B-VP-HI-Recibido,Dup
24333-14307,143073090680852,9,5,Xol,Dup-Recibido
24333-14307,243335730149512,9,0,Otro-A-G-VP-HI,Dup
24333-14307,143073090680852,9,1,Xol,Xol
24333-14307,143073090680852,9,0,Otro-R-G-VP-HI-Recibido,Otro-A-B-VP-HI-Recibido
24333-14307,243335730149512,9,0,Dup,Otro-A-G-VP-HI-Recibido
24333-14307,143073090680852,9,0,Otro-R-B-VP-HI-Recibido,Otro-A-B-VP-HI
24333-14307,243335730149512,9,5,Dup,Xol-Recibido
24333-14307,143073090680852,9,1,Xol,Xol
24333-14307,143073090680852,9,0,Dup-Recibido,Otro-R-G-VP-HI
24333-14307,143073090680852,10,0,Otro-A-G-VP-HI,Xol
24333-14307,243335730149512,10,0,Otro-A-B-VP-HI,Dup
24333-14307,243335730149512,10,0,Otro-A-G-VP-HI,Otro-R-B-VP-HI-Recibido
24333-14307,143073090680852,10,0,Dup-Recibido,Otro-A-B-VP-HI
24333-14307,243335730149512,10,5,Dup,Xol-Recibido
24333-14307,243335730149512,10,5,Dup,Xol-Recibido
24333-14307,143073090680852,10,0,Xol,Otro-A-B-VP-HI-Recibido
24333-14307,143073090680852,10,0,Otro-R-B-VP-HI-Recibido,Xol
24333-14307,243335730149512,10,0,Dup,Otro-A-B-VP-HI-Recibido
24333-14307,243335730149512,10,0,Otro-R-G-VP-HI,Xol-Recibido
24333-14307,243335730149512,10,0,Dup,Otro-A-G-VP-HI-Recibido
24333-14307,143073090680852,10,0,Otro-R-G-VP-HI,Xol
24333-14307,243335730149512,11,1,Dup,Dup
24333-14307,143073090680852,11,0,Otro-R-B-VP-HI,Otro-A-B-VP-HI
24333-14307,243335730149512,11,1,Dup,Dup
24333-14307,243335730149512,11,0,Otro-A-G-VP-HI,Dup
24333-14307,243335730149512,11,0,Otro-A-B-VP-HI,Otro-R-G-VP-HI
24333-14307,143073090680852,11,5,Xol,Dup-Recibido
24333-14307,243335730149512,11,0,Dup,Otro-A-G-VP-HI-Recibido
24333-14307,143073090680852,11,5,Xol,Dup-Recibido
24333-14307,243335730149512,11,0,Xol-Recibido,Otro-R-G-VP-HI-Recibido
24333-14307,143073090680852,11,5,Xol,Dup-Recibido
24333-14307,243335730149512,11,0,Otro-R-B-VP-HI-Recibido,Otro-A-B-VP-HI-Recibido
24333-14307,143073090680852,11,5,Xol,Dup-Recibido
24333-14307,143073090680852,11,0,Dup-Recibido,Otro-R-B-VP-HI-Recibido
24333-14307,243335730149512,11,1,Xol-Recibido,Xol-Recibido
24333-14307,243335730149512,12,0,Dup,Otro-R-G-VP-HI
24333-14307,243335730149512,12,0,Dup,Otro-A-G-VP-HI
24333-14307,243335730149512,12,0,Otro-R-B-VP-HI,Otro-A-B-VP-HI
24333-14307,243335730149512,12,0,Otro-R-G-VP-HI-Recibido,Dup
24333-14307,143073090680852,12,5,Xol,Dup-Recibido
24333-14307,243335730149512,12,5,Xol-Recibido,Dup
24333-14307,143073090680852,12,0,Xol,Otro-A-B-VP-HI-Recibido
24333-14307,143073090680852,12,0,Dup-Recibido,Otro-R-G-VP-HI-Recibido
24333-14307,243335730149512,12,5,Dup,Xol-Recibido
24333-14307,143073090680852,12,1,Dup-Recibido,Dup-Recibido
24333-14307,243335730149512,12,0,Xol-Recibido,Otro-A-B-VP-HI-Recibido
24333-14307,243335730149512,12,0,Xol-Recibido,Otro-R-B-VP-HI-Recibido
24333-14307,143073090680852,12,0,Dup-Recibido,Otro-A-B-VP-HI
24333-14307,143073090680852,12,0,Dup-Recibido,Otro-R-B-VP-HI-Recibido
24333-14307,243335730149512,13,1,Dup,Dup
24333-14307,243335730149512,13,0,Dup,Otro-A-B-VP-HI-Recibido
24333-14307,143073090680852,13,5,Xol,Dup-Recibido
24333-14307,243335730149512,13,0,Dup,Otro-R-B-VP-HI-Recibido
24333-14307,143073090680852,13,0,Xol,Otro-A-B-VP-HI-Recibido
24333-14307,143073090680852,13,0,Xol,Otro-A-G-VP-HI
24333-14307,243335730149512,13,0,Otro-R-G-VP-HI,Otro-A-G-VP-HI
24333-14307,243335730149512,13,5,Dup,Xol-Recibido
24333-14307,143073090680852,13,0,Xol,Otro-R-G-VP-HI-Recibido
24333-14307,143073090680852,13,0,Otro-R-G-VP-HI,Otro-R-B-VP-HI-Recibido
24333-14307,243335730149512,14,0,Dup,Otro-A-G-VP-HI
24333-14307,243335730149512,14,1,Dup,Dup
24333-14307,243335730149512,14,0,Otro-A-B-VP-HI,Dup
24333-14307,143073090680852,14,1,Xol,Xol
24333-14307,243335730149512,14,0,Otro-R-B-VP-HI,Dup
24333-14307,143073090680852,14,0,Xol,Otro-A-B-VP-HI-Recibido
24333-14307,243335730149512,14,0,Otro-R-G-VP-HI-Recibido,Otro-R-G-VP-HI
24333-14307,243335730149512,14,0,Dup,Otro-R-B-VP-HI-Recibido
24333-14307,143073090680852,14,1,Xol,Xol
24333-14307,143073090680852,14,0,Otro-A-B-VP-HI,Xol
24333-14307,143073090680852,14,1,Dup-Recibido,Dup-Recibido
24333-14307,243335730149512,14,1,Xol-Recibido,Xol-Recibido
24333-14307,243335730149512,15,0,Otro-A-B-VP-HI,Otro-R-B-VP-HI
24333-14307,243335730149512,15,1,Dup,Dup
24333-14307,243335730149512,15,0,Otro-A-G-VP-HI,Otro-R-G-VP-HI
24333-14307,243335730149512,15,1,Dup,Dup
24333-14307,243335730149512,15,5,Dup,Xol-Recibido
24333-14307,143073090680852,15,0,Otro-R-B-VP-HI,Dup-Recibido
24333-14307,243335730149512,15,0,Dup,Otro-A-B-VP-HI-Recibido
24333-14307,143073090680852,15,5,Xol,Dup-Recibido
24333-14307,143073090680852,15,0,Xol,Otro-A-B-VP-HI-Recibido
24333-14307,243335730149512,15,0,Otro-A-G-VP-HI-Recibido,Xol-Recibido
24333-14307,143073090680852,15,5,Dup-Recibido,Xol
24333-14307,143073090680852,15,0,Otro-R-G-VP-HI,Xol
24333-14307,243335730149512,15,1,Xol-Recibido,Xol-Recibido
58645-94940,58645334229734,1,0,Otro-R-B-VP-HI,Otro-R-G-VP-HI
58645-94940,58645334229734,1,0,Otro-A-B-VP-HI,Xol
58645-94940,949408972082315,1,0,Dup,Otro-R-B-VP-HI
58645-94940,58645334229734,1,1,Xol,Xol
58645-94940,949408972082315,1,0,Dup,Otro-A-B-VP-HI
58645-94940,58645334229734,1,0,Xol,Otro-A-G-VP-HI
58645-94940,58645334229734,1,1,Xol,Xol
58645-94940,58645334229734,2,0,Otro-A-G-VP-HI,Otro-R-B-VP-HI
58645-94940,58645334229734,2,0,Xol,Otro-A-B-VP-HI
58645-94940,58645334229734,2,1,Xol,Xol
58645-94940,58645334229734,2,0,Xol,Otro-R-G-VP-HI
58645-94940,58645334229734,2,1,Xol,Xol
58645-94940,949408972082315,2,5,Xol-Recibido,Dup
58645-94940,949408972082315,2,0,Otro-A-B-VP-HI-Recibido,Dup
58645-94940,58645334229734,3,0,Xol,Otro-R-B-VP-HI
58645-94940,949408972082315,3,0,Dup,Otro-R-B-VP-HI
58645-94940,949408972082315,3,0,Otro-A-B-VP-HI-Recibido,Dup
58645-94940,58645334229734,3,0,Xol,Otro-A-G-VP-HI
58645-94940,58645334229734,3,1,Xol,Xol
58645-94940,58645334229734,3,0,Otro-R-G-VP-HI,Xol
58645-94940,949408972082315,3,0,Otro-A-G-VP-HI,Dup
58645-94940,949408972082315,3,5,Xol-Recibido,Dup
58645-94940,58645334229734,3,0,Xol,Otro-R-B-VP-HI-Recibido
58645-94940,58645334229734,4,1,Xol,Xol
58645-94940,58645334229734,4,1,Xol,Xol
58645-94940,949408972082315,4,0,Otro-R-G-VP-HI,Dup
58645-94940,58645334229734,4,0,Otro-A-G-VP-HI,Otro-A-B-VP-HI
58645-94940,58645334229734,4,0,Otro-R-G-VP-HI,Xol
58645-94940,949408972082315,4,5,Xol-Recibido,Dup
58645-94940,949408972082315,4,5,Xol-Recibido,Dup
58645-94940,949408972082315,4,0,Otro-R-B-VP-HI-Recibido,Dup
58645-94940,949408972082315,4,0,Otro-A-G-VP-HI-Recibido,Dup
58645-94940,949408972082315,5,5,Xol-Recibido,Dup
58645-94940,949408972082315,5,5,Xol-Recibido,Dup
58645-94940,949408972082315,5,5,Xol-Recibido,Dup
58645-94940,58645334229734,5,1,Xol,Xol
58645-94940,58645334229734,5,0,Otro-A-B-VP-HI,Otro-A-G-VP-HI
58645-94940,949408972082315,5,0,Otro-R-B-VP-HI,Dup
58645-94940,58645334229734,5,0,Otro-R-B-VP-HI-Recibido,Otro-R-B-VP-HI
58645-94940,58645334229734,5,0,Otro-R-G-VP-HI,Xol
58645-94940,949408972082315,5,0,Otro-A-B-VP-HI-Recibido,Dup
58645-94940,949408972082315,5,5,Xol-Recibido,Dup
58645-94940,949408972082315,6,5,Xol-Recibido,Dup
58645-94940,949408972082315,6,5,Xol-Recibido,Dup
58645-94940,949408972082315,6,5,Xol-Recibido,Dup
58645-94940,949408972082315,6,5,Xol-Recibido,Dup
58645-94940,58645334229734,6,1,Xol,Xol
58645-94940,949408972082315,6,0,Otro-R-B-VP-HI,Dup
58645-94940,58645334229734,6,0,Otro-A-G-VP-HI,Otro-R-B-VP-HI
58645-94940,58645334229734,6,0,Otro-A-B-VP-HI,Otro-R-G-VP-HI
58645-94940,949408972082315,6,0,Otro-R-B-VP-HI-Recibido,Dup
58645-94940,949408972082315,6,0,Otro-R-G-VP-HI,Otro-A-G-VP-HI
58645-94940,58645334229734,7,1,Xol,Xol
58645-94940,949408972082315,7,5,Xol-Recibido,Dup
58645-94940,949408972082315,7,5,Xol-Recibido,Dup
58645-94940,949408972082315,7,5,Xol-Recibido,Dup
58645-94940,949408972082315,7,5,Xol-Recibido,Dup
58645-94940,58645334229734,7,0,Otro-A-B-VP-HI-Recibido,Otro-A-B-VP-HI
58645-94940,58645334229734,7,0,Otro-R-B-VP-HI,Otro-R-G-VP-HI
58645-94940,58645334229734,7,0,Otro-A-G-VP-HI,Xol
58645-94940,58645334229734,7,0,Otro-R-G-VP-HI-Recibido,Otro-R-B-VP-HI-Recibido
58645-94940,949408972082315,7,5,Xol-Recibido,Dup
58645-94940,949408972082315,8,5,Xol-Recibido,Dup
58645-94940,949408972082315,8,0,Otro-A-B-VP-HI-Recibido,Dup
58645-94940,58645334229734,8,1,Xol,Xol
58645-94940,949408972082315,8,0,Xol-Recibido,Otro-A-B-VP-HI
58645-94940,58645334229734,8,0,Otro-R-B-VP-HI,Xol
58645-94940,58645334229734,8,0,Otro-R-G-VP-HI,Xol
58645-94940,949408972082315,8,0,Dup,Otro-A-G-VP-HI-Recibido
58645-94940,949408972082315,8,0,Otro-R-B-VP-HI,Dup
58645-94940,58645334229734,9,1,Xol,Xol
58645-94940,58645334229734,9,1,Xol,Xol
58645-94940,58645334229734,9,1,Xol,Xol
58645-94940,949408972082315,9,0,Otro-A-B-VP-HI,Dup
58645-94940,58645334229734,9,0,Otro-R-B-VP-HI,Otro-A-G-VP-HI
58645-94940,58645334229734,9,0,Otro-R-G-VP-HI,Otro-A-B-VP-HI
58645-94940,949408972082315,9,5,Xol-Recibido,Dup
58645-94940,949408972082315,9,5,Xol-Recibido,Dup
58645-94940,949408972082315,9,5,Xol-Recibido,Dup
58645-94940,949408972082315,9,0,Xol-Recibido,Otro-A-G-VP-HI
58645-94940,949408972082315,9,1,Dup,Dup
58645-94940,58645334229734,10,1,Xol,Xol
58645-94940,949408972082315,10,0,Otro-R-B-VP-HI,Dup
58645-94940,58645334229734,10,1,Xol,Xol
58645-94940,58645334229734,10,1,Xol,Xol
58645-94940,58645334229734,10,0,Otro-A-G-VP-HI,Otro-A-B-VP-HI
58645-94940,58645334229734,10,0,Otro-R-G-VP-HI,Otro-R-B-VP-HI
58645-94940,949408972082315,10,5,Xol-Recibido,Dup
58645-94940,949408972082315,10,5,Xol-Recibido,Dup
58645-94940,949408972082315,10,5,Xol-Recibido,Dup
58645-94940,58645334229734,10,0,Dup-Recibido,Otro-R-B-VP-HI-Recibido
58645-94940,58645334229734,10,0,Otro-R-G-VP-HI-Recibido,Otro-A-B-VP-HI-Recibido
58645-94940,58645334229734,10,1,Dup-Recibido,Dup-Recibido
58645-94940,58645334229734,10,0,Otro-A-G-VP-HI-Recibido,Dup-Recibido
58645-94940,58645334229734,10,1,Dup-Recibido,Dup-Recibido
58645-94940,58645334229734,11,1,Xol,Xol
58645-94940,58645334229734,11,1,Xol,Xol
58645-94940,58645334229734,11,0,Dup-Recibido,Otro-R-B-VP-HI-Recibido
58645-94940,58645334229734,11,0,Otro-R-G-VP-HI-Recibido,Otro-R-G-VP-HI
58645-94940,58645334229734,11,5,Xol,Dup-Recibido
58645-94940,58645334229734,11,0,Otro-A-G-VP-HI,Otro-A-G-VP-HI-Recibido
58645-94940,58645334229734,11,0,Otro-A-B-VP-HI,Xol
58645-94940,949408972082315,11,5,Xol-Recibido,Dup
58645-94940,949408972082315,11,5,Xol-Recibido,Dup
58645-94940,949408972082315,11,5,Xol-Recibido,Dup
58645-94940,949408972082315,11,5,Xol-Recibido,Dup
58645-94940,949408972082315,11,0,Otro-A-B-VP-HI-Recibido,Otro-A-B-VP-HI
58645-94940,58645334229734,11,0,Otro-A-B-VP-HI-Recibido,Otro-R-B-VP-HI
58645-94940,58645334229734,12,0,Otro-R-B-VP-HI,Xol
58645-94940,58645334229734,12,1,Xol,Xol
58645-94940,949408972082315,12,5,Xol-Recibido,Dup
58645-94940,58645334229734,12,0,Otro-A-B-VP-HI-Recibido,Dup-Recibido
58645-94940,58645334229734,12,0,Xol,Otro-R-G-VP-HI
58645-94940,58645334229734,12,0,Xol,Otro-A-G-VP-HI
58645-94940,58645334229734,12,0,Otro-A-B-VP-HI,Otro-A-G-VP-HI-Recibido
58645-94940,949408972082315,12,0,Otro-R-B-VP-HI-Recibido,Dup
58645-94940,949408972082315,12,0,Otro-R-B-VP-HI,Dup
58645-94940,58645334229734,12,0,Dup-Recibido,Otro-R-B-VP-HI-Recibido
58645-94940,949408972082315,12,5,Xol-Recibido,Dup
58645-94940,949408972082315,12,5,Xol-Recibido,Dup
58645-94940,949408972082315,12,0,Otro-R-G-VP-HI-Recibido,Otro-A-G-VP-HI-Recibido
58645-94940,949408972082315,12,0,Otro-R-G-VP-HI,Otro-A-B-VP-HI-Recibido
58645-94940,58645334229734,13,1,Xol,Xol
58645-94940,58645334229734,13,1,Xol,Xol
58645-94940,949408972082315,13,5,Xol-Recibido,Dup
58645-94940,949408972082315,13,5,Xol-Recibido,Dup
58645-94940,949408972082315,13,5,Xol-Recibido,Dup
58645-94940,58645334229734,13,5,Xol,Dup-Recibido
58645-94940,949408972082315,13,0,Otro-R-B-VP-HI,Dup
58645-94940,58645334229734,13,0,Otro-R-G-VP-HI-Recibido,Otro-A-B-VP-HI
58645-94940,949408972082315,13,5,Xol-Recibido,Dup
58645-94940,949408972082315,13,0,Xol-Recibido,Otro-A-B-VP-HI
58645-94940,58645334229734,13,0,Otro-R-B-VP-HI,Otro-A-G-VP-HI-Recibido
58645-94940,949408972082315,13,0,Xol-Recibido,Otro-R-G-VP-HI-Recibido
58645-94940,58645334229734,14,1,Xol,Xol
58645-94940,58645334229734,14,0,Xol,Otro-R-G-VP-HI-Recibido
58645-94940,58645334229734,14,0,Otro-A-G-VP-HI-Recibido,Xol
58645-94940,58645334229734,14,0,Otro-A-G-VP-HI,Xol
58645-94940,58645334229734,14,0,Otro-R-B-VP-HI,Otro-R-G-VP-HI
58645-94940,949408972082315,14,5,Xol-Recibido,Dup
58645-94940,949408972082315,14,5,Xol-Recibido,Dup
58645-94940,949408972082315,14,0,Xol-Recibido,Otro-R-B-VP-HI
58645-94940,58645334229734,15,1,Xol,Xol
58645-94940,58645334229734,15,0,Otro-R-B-VP-HI-Recibido,Otro-R-B-VP-HI
58645-94940,949408972082315,15,0,Otro-A-B-VP-HI-Recibido,Dup
58645-94940,949408972082315,15,5,Xol-Recibido,Dup
58645-94940,58645334229734,15,0,Otro-A-B-VP-HI-Recibido,Otro-R-G-VP-HI
58645-94940,949408972082315,15,5,Xol-Recibido,Dup
58645-94940,58645334229734,15,1,Xol,Xol
58645-94940,949408972082315,15,5,Dup,Xol-Recibido
58645-94940,58645334229734,15,0,Otro-A-G-VP-HI-Recibido,Dup-Recibido
58645-94940,58645334229734,15,0,Dup-Recibido,Otro-A-G-VP-HI
58645-94940,58645334229734,15,0,Otro-R-G-VP-HI-Recibido,Dup-Recibido
58645-94940,58645334229734,15,1,Dup-Recibido,Dup-Recibido
58645-94940,949408972082315,15,0,Otro-R-B-VP-HI-Recibido,Otro-R-G-VP-HI-Recibido
67650-83225,832258063687708,1,1,Dup,Dup
67650-83225,832258063687708,1,1,Dup,Dup
67650-83225,832258063687708,2,1,Dup,Dup
67650-83225,676509723803711,2,0,Otro-R-G-VP-HI,Xol
67650-83225,832258063687708,2,0,Dup,Otro-R-B-VP-HI
67650-83225,832258063687708,2,1,Dup,Dup
67650-83225,832258063687708,2,0,Dup,Otro-A-B-VP-HI
67650-83225,832258063687708,2,0,Otro-A-G-VP-HI,Otro-R-G-VP-HI
67650-83225,676509723803711,3,0,Xol,Otro-A-G-VP-HI
67650-83225,832258063687708,3,0,Otro-A-B-VP-HI-Recibido,Dup
67650-83225,832258063687708,3,0,Xol-Recibido,Otro-R-B-VP-HI
67650-83225,832258063687708,3,0,Otro-A-G-VP-HI,Otro-R-G-VP-HI
67650-83225,832258063687708,3,1,Dup,Dup
67650-83225,832258063687708,3,1,Dup,Dup
67650-83225,832258063687708,3,0,Otro-A-B-VP-HI,Dup
67650-83225,676509723803711,4,0,Otro-A-G-VP-HI,Xol
67650-83225,676509723803711,4,0,Otro-R-G-VP-HI,Xol
67650-83225,832258063687708,4,5,Xol-Recibido,Dup
67650-83225,832258063687708,4,0,Otro-R-G-VP-HI,Dup
67650-83225,832258063687708,4,1,Dup,Dup
67650-83225,832258063687708,4,0,Otro-A-B-VP-HI,Dup
67650-83225,832258063687708,4,0,Dup,Otro-A-G-VP-HI
67650-83225,676509723803711,5,0,Otro-R-G-VP-HI,Otro-A-G-VP-HI
67650-83225,832258063687708,5,5,Xol-Recibido,Dup
67650-83225,676509723803711,5,5,Xol,Dup-Recibido
67650-83225,676509723803711,5,0,Otro-A-B-VP-HI,Otro-A-B-VP-HI-Recibido
67650-83225,832258063687708,5,5,Dup,Xol-Recibido
67650-83225,832258063687708,5,0,Dup,Otro-R-B-VP-HI
67650-83225,676509723803711,5,0,Otro-R-B-VP-HI,Xol
67650-83225,676509723803711,6,1,Xol,Xol
67650-83225,676509723803711,6,0,Xol,Otro-A-B-VP-HI
67650-83225,676509723803711,6,0,Xol,Otro-R-B-VP-HI
67650-83225,832258063687708,6,0,Otro-R-B-VP-HI,Dup
67650-83225,676509723803711,6,0,Xol,Otro-R-B-VP-HI-Recibido
67650-83225,676509723803711,6,0,Otro-R-G-VP-HI,Xol
67650-83225,832258063687708,6,0,Otro-A-B-VP-HI-Recibido,Dup
67650-83225,832258063687708,6,1,Dup,Dup
67650-83225,676509723803711,6,0,Otro-A-G-VP-HI,Otro-A-B-VP-HI-Recibido
67650-83225,832258063687708,6,1,Dup,Dup
67650-83225,832258063687708,6,0,Otro-R-G-VP-HI,Otro-A-G-VP-HI
67650-83225,676509723803711,7,1,Xol,Xol
67650-83225,676509723803711,7,0,Xol,Otro-A-B-VP-HI
67650-83225,832258063687708,7,0,Dup,Otro-R-B-VP-HI
67650-83225,676509723803711,7,5,Dup-Recibido,Xol
67650-83225,832258063687708,7,0,Dup,Otro-R-G-VP-HI
67650-83225,832258063687708,7,1,Dup,Dup
67650-83225,676509723803711,7,0,Otro-R-B-VP-HI,Otro-A-G-VP-HI
67650-83225,832258063687708,7,0,Otro-A-B-VP-HI,Dup
67650-83225,676509723803711,7,0,Otro-R-G-VP-HI-Recibido,Otro-R-G-VP-HI
67650-83225,676509723803711,7,0,Otro-A-B-VP-HI-Recibido,Xol
67650-83225,832258063687708,7,1,Xol-Recibido,Xol-Recibido
67650-83225,676509723803711,8,1,Xol,Xol
67650-83225,832258063687708,8,0,Otro-R-B-VP-HI,Dup
67650-83225,676509723803711,8,1,Xol,Xol
67650-83225,676509723803711,8,0,Xol,Otro-A-B-VP-HI
67650-83225,832258063687708,8,1,Dup,Dup
67650-83225,676509723803711,8,0,Otro-R-G-VP-HI-Recibido,Xol
67650-83225,676509723803711,8,0,Otro-R-G-VP-HI,Otro-A-G-VP-HI
67650-83225,676509723803711,8,0,Otro-R-B-VP-HI-Recibido,Otro-R-B-VP-HI
67650-83225,832258063687708,8,1,Dup,Dup
67650-83225,832258063687708,8,5,Dup,Xol-Recibido
67650-83225,832258063687708,9,0,Otro-R-B-VP-HI,Dup
67650-83225,676509723803711,9,1,Xol,Xol
67650-83225,832258063687708,9,0,Otro-A-B-VP-HI,Dup
67650-83225,676509723803711,9,1,Xol,Xol
67650-83225,832258063687708,9,5,Xol-Recibido,Dup
67650-83225,676509723803711,9,0,Otro-A-G-VP-HI-Recibido,Xol
67650-83225,676509723803711,9,0,Otro-R-G-VP-HI-Recibido,Otro-R-B-VP-HI
67650-83225,676509723803711,9,0,Dup-Recibido,Otro-A-B-VP-HI
67650-83225,832258063687708,9,5,Dup,Xol-Recibido
67650-83225,676509723803711,10,0,Otro-A-B-VP-HI,Xol
67650-83225,676509723803711,10,1,Xol,Xol
67650-83225,832258063687708,10,0,Otro-R-B-VP-HI,Dup
67650-83225,832258063687708,10,0,Dup,Otro-A-B-VP-HI
67650-83225,676509723803711,10,5,Dup-Recibido,Xol
67650-83225,832258063687708,10,5,Xol-Recibido,Dup
67650-83225,676509723803711,10,0,Otro-A-G-VP-HI,Xol
67650-83225,676509723803711,10,0,Otro-R-B-VP-HI,Otro-R-G-VP-HI
67650-83225,832258063687708,10,0,Otro-A-B-VP-HI-Recibido,Dup
67650-83225,676509723803711,10,0,Dup-Recibido,Otro-R-B-VP-HI-Recibido
67650-83225,832258063687708,10,1,Dup,Dup
67650-83225,676509723803711,11,0,Xol,Otro-A-G-VP-HI
67650-83225,676509723803711,11,0,Otro-R-G-VP-HI,Xol
67650-83225,676509723803711,11,0,Otro-A-B-VP-HI,Otro-R-B-VP-HI
67650-83225,676509723803711,11,1,Xol,Xol
67650-83225,676509723803711,11,1,Xol,Xol
67650-83225,832258063687708,11,0,Dup,Otro-R-B-VP-HI
67650-83225,832258063687708,11,5,Xol-Recibido,Dup
67650-83225,832258063687708,11,5,Dup,Xol-Recibido
67650-83225,832258063687708,11,0,Otro-A-B-VP-HI,Dup
67650-83225,832258063687708,11,0,Dup,Otro-A-G-VP-HI
67650-83225,832258063687708,11,0,Dup,Otro-R-G-VP-HI
67650-83225,676509723803711,12,0,Xol,Otro-R-G-VP-HI
67650-83225,676509723803711,12,1,Xol,Xol
67650-83225,676509723803711,12,0,Xol,Otro-R-B-VP-HI
67650-83225,676509723803711,12,0,Otro-A-B-VP-HI,Otro-A-G-VP-HI
67650-83225,676509723803711,12,1,Xol,Xol
67650-83225,832258063687708,12,0,Dup,Otro-A-B-VP-HI
67650-83225,832258063687708,12,5,Xol-Recibido,Dup
67650-83225,676509723803711,12,0,Otro-A-B-VP-HI-Recibido,Dup-Recibido
67650-83225,832258063687708,12,0,Otro-R-B-VP-HI,Dup
67650-83225,832258063687708,12,5,Xol-Recibido,Dup
67650-83225,832258063687708,12,0,Otro-R-B-VP-HI-Recibido,Otro-A-B-VP-HI-Recibido
67650-83225,676509723803711,12,0,Otro-A-G-VP-HI-Recibido,Otro-R-B-VP-HI-Recibido
67650-83225,832258063687708,12,0,Otro-R-G-VP-HI-Recibido,Otro-A-G-VP-HI-Recibido
67650-83225,832258063687708,12,0,Otro-R-G-VP-HI,Xol-Recibido
67650-83225,676509723803711,13,0,Otro-R-G-VP-HI,Xol
67650-83225,676509723803711,13,0,Otro-A-G-VP-HI,Otro-A-B-VP-HI
67650-83225,832258063687708,13,0,Otro-A-B-VP-HI,Otro-R-B-VP-HI
67650-83225,676509723803711,13,1,Xol,Xol
67650-83225,832258063687708,13,5,Dup,Xol-Recibido
67650-83225,832258063687708,13,5,Xol-Recibido,Dup
67650-83225,832258063687708,13,0,Otro-A-B-VP-HI-Recibido,Dup
67650-83225,676509723803711,13,0,Otro-R-B-VP-HI,Xol
67650-83225,676509723803711,13,1,Xol,Xol
67650-83225,676509723803711,13,0,Otro-A-B-VP-HI-Recibido,Otro-R-B-VP-HI-Recibido
67650-83225,832258063687708,13,0,Dup,Otro-R-B-VP-HI-Recibido
67650-83225,676509723803711,13,1,Dup-Recibido,Dup-Recibido
67650-83225,832258063687708,13,0,Otro-A-G-VP-HI-Recibido,Xol-Recibido
67650-83225,832258063687708,13,0,Dup,Otro-R-G-VP-HI
67650-83225,676509723803711,14,1,Xol,Xol
67650-83225,676509723803711,14,0,Otro-A-B-VP-HI,Xol
67650-83225,676509723803711,14,1,Xol,Xol
67650-83225,832258063687708,14,0,Otro-R-B-VP-HI,Dup
67650-83225,676509723803711,14,0,Otro-R-G-VP-HI,Xol
67650-83225,676509723803711,14,0,Otro-A-G-VP-HI,Otro-R-B-VP-HI
67650-83225,832258063687708,14,0,Dup,Otro-A-B-VP-HI
67650-83225,832258063687708,14,5,Xol-Recibido,Dup
67650-83225,832258063687708,14,5,Xol-Recibido,Dup
67650-83225,832258063687708,14,0,Dup,Otro-R-B-VP-HI-Recibido
67650-83225,832258063687708,14,0,Xol-Recibido,Otro-R-G-VP-HI
67650-83225,832258063687708,14,0,Dup,Otro-A-G-VP-HI
67650-83225,832258063687708,14,0,Otro-A-B-VP-HI-Recibido,Otro-R-G-VP-HI-Recibido
67650-83225,676509723803711,15,1,Xol,Xol
67650-83225,676509723803711,15,1,Xol,Xol
67650-83225,676509723803711,15,0,Otro-R-B-VP-HI,Otro-A-G-VP-HI
67650-83225,676509723803711,15,0,Xol,Otro-A-B-VP-HI
67650-83225,676509723803711,15,0,Otro-R-G-VP-HI,Xol
67650-83225,832258063687708,15,0,Otro-R-B-VP-HI,Dup
67650-83225,676509723803711,15,0,Otro-A-B-VP-HI-Recibido,Dup-Recibido
67650-83225,832258063687708,15,0,Otro-A-B-VP-HI-Recibido,Dup
67650-83225,832258063687708,15,0,Otro-A-G-VP-HI,Dup
67650-83225,832258063687708,15,0,Otro-R-G-VP-HI,Dup
97905-95537,955374253452026,1,0,Xol,Otro-A-B-VP-HI
97905-95537,955374253452026,1,0,Xol,Otro-R-B-VP-HI
97905-95537,955374253452026,1,0,Otro-A-G-VP-HI,Xol
97905-95537,979055358104963,1,1,Dup,Dup
97905-95537,955374253452026,1,1,Xol,Xol
97905-95537,955374253452026,1,0,Xol,Otro-R-G-VP-HI
97905-95537,955374253452026,2,0,Otro-A-B-VP-HI,Xol
97905-95537,955374253452026,2,1,Xol,Xol
97905-95537,955374253452026,2,0,Xol,Otro-R-G-VP-HI
97905-95537,955374253452026,2,0,Otro-R-B-VP-HI,Xol
97905-95537,955374253452026,2,0,Otro-A-G-VP-HI,Xol
97905-95537,979055358104963,2,0,Otro-R-B-VP-HI,Dup
97905-95537,979055358104963,3,1,Dup,Dup
97905-95537,955374253452026,3,0,Xol,Otro-A-G-VP-HI
97905-95537,979055358104963,3,0,Dup,Otro-A-G-VP-HI
97905-95537,955374253452026,3,5,Dup-Recibido,Xol
97905-95537,979055358104963,3,0,Otro-A-G-VP-HI-Recibido,Dup
97905-95537,979055358104963,3,0,Otro-R-B-VP-HI,Dup
97905-95537,979055358104963,3,0,Otro-A-B-VP-HI,Otro-R-G-VP-HI
97905-95537,955374253452026,3,1,Xol,Xol
97905-95537,955374253452026,4,1,Xol,Xol
97905-95537,979055358104963,4,0,Otro-R-B-VP-HI,Dup
97905-95537,979055358104963,4,0,Dup,Otro-A-G-VP-HI
97905-95537,955374253452026,4,0,Xol,Otro-A-G-VP-HI
97905-95537,979055358104963,4,0,Dup,Otro-A-B-VP-HI
97905-95537,979055358104963,4,0,Dup,Otro-R-G-VP-HI
97905-95537,955374253452026,4,0,Xol,Otro-R-B-VP-HI-Recibido
97905-95537,979055358104963,4,5,Dup,Xol-Recibido
97905-95537,979055358104963,4,5,Xol-Recibido,Dup
97905-95537,955374253452026,5,1,Xol,Xol
97905-95537,979055358104963,5,0,Dup,Otro-R-B-VP-HI
97905-95537,955374253452026,5,1,Xol,Xol
97905-95537,979055358104963,5,0,Dup,Otro-R-G-VP-HI
97905-95537,979055358104963,5,0,Otro-A-G-VP-HI,Dup
97905-95537,955374253452026,5,0,Xol,Otro-R-B-VP-HI-Recibido
97905-95537,979055358104963,5,1,Dup,Dup
97905-95537,955374253452026,5,5,Dup-Recibido,Xol
97905-95537,979055358104963,5,0,Otro-A-B-VP-HI,Dup
97905-95537,955374253452026,5,0,Otro-R-B-VP-HI,Otro-A-G-VP-HI
97905-95537,979055358104963,5,0,Otro-A-B-VP-HI-Recibido,Xol-Recibido
97905-95537,955374253452026,5,0,Otro-A-G-VP-HI-Recibido,Otro-R-G-VP-HI
97905-95537,955374253452026,6,1,Xol,Xol
97905-95537,979055358104963,6,1,Dup,Dup
97905-95537,955374253452026,6,1,Xol,Xol
97905-95537,955374253452026,6,0,Otro-R-B-VP-HI,Xol
97905-95537,979055358104963,6,0,Otro-R-B-VP-HI,Dup
97905-95537,955374253452026,6,0,Xol,Otro-A-B-VP-HI
97905-95537,979055358104963,6,0,Dup,Otro-A-G-VP-HI
97905-95537,979055358104963,6,0,Dup,Otro-A-B-VP-HI
97905-95537,955374253452026,6,0,Otro-R-G-VP-HI,Otro-A-G-VP-HI
97905-95537,979055358104963,6,0,Otro-R-G-VP-HI,Dup
97905-95537,955374253452026,6,0,Otro-A-B-VP-HI-Recibido,Dup-Recibido
97905-95537,979055358104963,7,0,Otro-A-G-VP-HI,Dup
97905-95537,955374253452026,7,0,Xol,Otro-R-B-VP-HI
97905-95537,955374253452026,7,5,Xol,Dup-Recibido
97905-95537,979055358104963,7,1,Dup,Dup
97905-95537,955374253452026,7,1,Xol,Xol
97905-95537,979055358104963,7,0,Otro-A-B-VP-HI,Dup
97905-95537,979055358104963,7,0,Otro-R-G-VP-HI-Recibido,Dup
97905-95537,955374253452026,7,1,Xol,Xol
97905-95537,955374253452026,7,0,Otro-A-B-VP-HI,Otro-A-G-VP-HI
97905-95537,955374253452026,8,0,Xol,Otro-R-B-VP-HI
97905-95537,979055358104963,8,0,Otro-A-B-VP-HI,Otro-R-B-VP-HI
97905-95537,955374253452026,8,1,Xol,Xol
97905-95537,979055358104963,8,0,Otro-R-G-VP-HI,Dup
97905-95537,979055358104963,8,0,Otro-A-G-VP-HI,Dup
97905-95537,955374253452026,8,1,Xol,Xol
97905-95537,955374253452026,8,0,Otro-A-G-VP-HI,Otro-A-B-VP-HI
97905-95537,979055358104963,8,1,Dup,Dup
97905-95537,955374253452026,8,0,Otro-R-G-VP-HI,Xol
97905-95537,979055358104963,8,1,Dup,Dup
97905-95537,955374253452026,9,1,Xol,Xol
97905-95537,955374253452026,9,1,Xol,Xol
97905-95537,979055358104963,9,0,Otro-A-B-VP-HI,Dup
97905-95537,955374253452026,9,0,Otro-R-B-VP-HI,Otro-R-G-VP-HI
97905-95537,979055358104963,9,0,Otro-A-G-VP-HI,Dup
97905-95537,955374253452026,9,0,Otro-A-G-VP-HI,Xol
97905-95537,979055358104963,9,1,Dup,Dup
97905-95537,955374253452026,9,0,Xol,Otro-A-B-VP-HI
97905-95537,955374253452026,10,1,Xol,Xol
97905-95537,979055358104963,10,0,Otro-R-G-VP-HI,Dup
97905-95537,955374253452026,10,0,Otro-A-G-VP-HI,Dup-Recibido
97905-95537,979055358104963,10,0,Otro-A-B-VP-HI,Otro-A-G-VP-HI
97905-95537,955374253452026,10,0,Dup-Recibido,Otro-R-B-VP-HI
97905-95537,979055358104963,10,0,Dup,Otro-R-B-VP-HI
97905-95537,979055358104963,10,1,Dup,Dup
97905-95537,955374253452026,10,0,Otro-A-B-VP-HI,Xol
97905-95537,979055358104963,10,0,Otro-A-B-VP-HI-Recibido,Otro-R-B-VP-HI-Recibido
97905-95537,955374253452026,10,5,Dup-Recibido,Xol
97905-95537,955374253452026,10,0,Xol,Otro-R-G-VP-HI
97905-95537,979055358104963,11,1,Dup,Dup
97905-95537,979055358104963,11,0,Otro-A-G-VP-HI,Dup
97905-95537,979055358104963,11,0,Otro-A-B-VP-HI,Otro-R-G-VP-HI
97905-95537,955374253452026,11,1,Xol,Xol
97905-95537,979055358104963,11,0,Dup,Otro-R-B-VP-HI
97905-95537,955374253452026,11,0,Xol,Otro-R-G-VP-HI
97905-95537,979055358104963,11,1,Dup,Dup
97905-95537,955374253452026,11,1,Xol,Xol
97905-95537,955374253452026,11,0,Otro-A-B-VP-HI,Otro-R-B-VP-HI
97905-95537,955374253452026,11,0,Otro-A-G-VP-HI,Otro-A-B-VP-HI-Recibido
97905-95537,955374253452026,11,0,Dup-Recibido,Otro-R-B-VP-HI-Recibido
97905-95537,955374253452026,12,1,Xol,Xol
97905-95537,979055358104963,12,0,Dup,Otro-R-B-VP-HI
97905-95537,979055358104963,12,0,Otro-A-G-VP-HI,Dup
97905-95537,955374253452026,12,0,Otro-R-B-VP-HI,Xol
97905-95537,955374253452026,12,0,Otro-R-G-VP-HI,Xol
97905-95537,955374253452026,12,0,Xol,Otro-A-B-VP-HI
97905-95537,979055358104963,12,1,Dup,Dup
97905-95537,955374253452026,12,0,Xol,Otro-A-G-VP-HI
97905-95537,979055358104963,12,0,Otro-R-G-VP-HI,Otro-A-B-VP-HI
97905-95537,979055358104963,12,0,Otro-A-G-VP-HI-Recibido,Dup
97905-95537,979055358104963,13,0,Otro-A-G-VP-HI,Dup
97905-95537,979055358104963,13,1,Dup,Dup
97905-95537,979055358104963,13,0,Otro-R-B-VP-HI,Dup
97905-95537,979055358104963,13,0,Otro-R-G-VP-HI,Dup
97905-95537,955374253452026,13,0,Otro-R-B-VP-HI,Otro-R-G-VP-HI
97905-95537,979055358104963,13,0,Otro-A-B-VP-HI,Dup
97905-95537,955374253452026,13,1,Xol,Xol
97905-95537,955374253452026,13,0,Otro-A-B-VP-HI,Xol
97905-95537,955374253452026,13,0,Otro-A-G-VP-HI,Xol
97905-95537,955374253452026,13,1,Xol,Xol
97905-95537,955374253452026,14,1,Xol,Xol
97905-95537,979055358104963,14,0,Dup,Otro-R-G-VP-HI
97905-95537,955374253452026,14,1,Xol,Xol
97905-95537,955374253452026,14,0,Otro-R-G-VP-HI,Otro-R-B-VP-HI
97905-95537,955374253452026,14,0,Otro-A-G-VP-HI,Xol
97905-95537,955374253452026,14,0,Xol,Otro-A-B-VP-HI
97905-95537,979055358104963,14,0,Dup,Otro-A-G-VP-HI
97905-95537,979055358104963,14,0,Dup,Otro-A-B-VP-HI
97905-95537,979055358104963,14,0,Otro-R-B-VP-HI,Dup
97905-95537,955374253452026,14,0,Dup-Recibido,Otro-A-G-VP-HI-Recibido
97905-95537,955374253452026,14,0,Dup-Recibido,Otro-A-B-VP-HI-Recibido
97905-95537,955374253452026,15,1,Xol,Xol
97905-95537,955374253452026,15,0,Otro-R-B-VP-HI,Xol
97905-95537,979055358104963,15,0,Otro-A-G-VP-HI,Otro-R-B-VP-HI
97905-95537,955374253452026,15,1,Xol,Xol
97905-95537,955374253452026,15,0,Otro-A-B-VP-HI,Otro-R-G-VP-HI
97905-95537,979055358104963,15,1,Dup,Dup
97905-95537,979055358104963,15,1,Dup,Dup
97905-95537,955374253452026,15,0,Otro-A-G-VP-HI,Xol
97905-95537,979055358104963,15,1,Dup,Dup
97905-95537,979055358104963,15,0,Otro-A-B-VP-HI,Otro-R-G-VP-HI
92032-38384,920326173199755,1,1,Xol,Xol
92032-38384,920326173199755,1,0,Otro-A-G-VP-HI,Xol
92032-38384,920326173199755,1,1,Xol,Xol
92032-38384,920326173199755,2,1,Xol,Xol
92032-38384,383846014384365,2,1,Dup,Dup
92032-38384,920326173199755,2,1,Xol,Xol
92032-38384,383846014384365,2,1,Dup,Dup
92032-38384,383846014384365,2,0,Dup,Otro-A-G-VP-HI
92032-38384,920326173199755,2,0,Xol,Otro-A-B-VP-HI
92032-38384,920326173199755,2,0,Otro-A-G-VP-HI,Xol
92032-38384,920326173199755,2,0,Otro-R-G-VP-HI,Otro-R-B-VP-HI
92032-38384,383846014384365,3,1,Dup,Dup
92032-38384,383846014384365,3,1,Dup,Dup
92032-38384,920326173199755,3,1,Xol,Xol
92032-38384,383846014384365,3,1,Dup,Dup
92032-38384,920326173199755,3,1,Xol,Xol
92032-38384,920326173199755,3,0,Otro-R-B-VP-HI-Recibido,Otro-R-B-VP-HI
92032-38384,920326173199755,3,5,Xol,Dup-Recibido
92032-38384,920326173199755,3,0,Xol,Otro-A-B-VP-HI
92032-38384,383846014384365,3,1,Xol-Recibido,Xol-Recibido
92032-38384,920326173199755,4,1,Xol,Xol
92032-38384,920326173199755,4,1,Xol,Xol
92032-38384,383846014384365,4,1,Dup,Dup
92032-38384,920326173199755,4,0,Xol,Otro-R-B-VP-HI
92032-38384,920326173199755,4,0,Otro-R-G-VP-HI,Otro-A-B-VP-HI
92032-38384,383846014384365,4,1,Dup,Dup
92032-38384,920326173199755,4,0,Otro-A-G-VP-HI,Xol
92032-38384,383846014384365,4,1,Dup,Dup
92032-38384,920326173199755,4,0,Otro-R-B-VP-HI-Recibido,Dup-Recibido
92032-38384,383846014384365,4,0,Xol-Recibido,Otro-A-B-VP-HI-Recibido
92032-38384,383846014384365,5,0,Dup,Otro-A-G-VP-HI-Recibido
92032-38384,920326173199755,5,1,Xol,Xol
92032-38384,920326173199755,5,0,Otro-R-G-VP-HI,Otro-A-B-VP-HI
92032-38384,920326173199755,5,1,Xol,Xol
92032-38384,383846014384365,5,1,Dup,Dup
92032-38384,383846014384365,5,1,Dup,Dup
92032-38384,920326173199755,5,0,Xol,Otro-R-B-VP-HI
92032-38384,383846014384365,5,5,Dup,Xol-Recibido
92032-38384,383846014384365,5,0,Otro-R-G-VP-HI-Recibido,Xol-Recibido
92032-38384,920326173199755,5,0,Dup-Recibido,Otro-A-B-VP-HI-Recibido
92032-38384,920326173199755,6,1,Xol,Xol
92032-38384,383846014384365,6,0,Dup,Otro-R-B-VP-HI
92032-38384,920326173199755,6,1,Xol,Xol
92032-38384,383846014384365,6,5,Dup,Xol-Recibido
92032-38384,920326173199755,6,0,Otro-R-B-VP-HI-Recibido,Otro-R-B-VP-HI
92032-38384,383846014384365,6,5,Dup,Xol-Recibido
92032-38384,920326173199755,6,0,Xol,Otro-R-G-VP-HI
92032-38384,920326173199755,6,0,Otro-R-G-VP-HI-Recibido,Dup-Recibido
92032-38384,920326173199755,7,1,Xol,Xol
92032-38384,920326173199755,7,1,Xol,Xol
92032-38384,920326173199755,7,5,Dup-Recibido,Xol
92032-38384,920326173199755,7,0,Otro-R-G-VP-HI,Otro-A-B-VP-HI
92032-38384,920326173199755,7,0,Otro-R-B-VP-HI,Otro-A-G-VP-HI
92032-38384,383846014384365,7,0,Dup,Otro-R-G-VP-HI
92032-38384,383846014384365,7,5,Dup,Xol-Recibido
92032-38384,383846014384365,7,0,Dup,Otro-R-B-VP-HI-Recibido
92032-38384,383846014384365,8,1,Dup,Dup
92032-38384,920326173199755,8,0,Otro-A-G-VP-HI,Xol
92032-38384,383846014384365,8,0,Dup,Otro-R-G-VP-HI
92032-38384,920326173199755,8,0,Otro-A-B-VP-HI,Otro-R-G-VP-HI
92032-38384,920326173199755,8,1,Xol,Xol
92032-38384,920326173199755,8,1,Xol,Xol
92032-38384,383846014384365,8,1,Dup,Dup
92032-38384,920326173199755,8,5,Dup-Recibido,Xol
92032-38384,920326173199755,8,0,Otro-R-B-VP-HI,Otro-A-G-VP-HI-Recibido
92032-38384,383846014384365,8,0,Otro-R-G-VP-HI-Recibido,Xol-Recibido
92032-38384,920326173199755,8,0,Dup-Recibido,Otro-A-B-VP-HI-Recibido
92032-38384,383846014384365,8,1,Xol-Recibido,Xol-Recibido
92032-38384,920326173199755,9,0,Otro-A-G-VP-HI,Xol
92032-38384,920326173199755,9,1,Xol,Xol
92032-38384,920326173199755,9,1,Xol,Xol
92032-38384,920326173199755,9,0,Xol,Otro-R-B-VP-HI
92032-38384,920326173199755,9,0,Otro-R-G-VP-HI,Otro-A-B-VP-HI
92032-38384,383846014384365,9,0,Otro-A-B-VP-HI,Otro-R-B-VP-HI
92032-38384,383846014384365,9,0,Otro-R-G-VP-HI,Dup
92032-38384,383846014384365,9,5,Dup,Xol-Recibido
92032-38384,383846014384365,9,0,Dup,Otro-R-G-VP-HI-Recibido
92032-38384,383846014384365,9,5,Dup,Xol-Recibido
92032-38384,383846014384365,9,0,Dup,Otro-A-G-VP-HI-Recibido
92032-38384,920326173199755,10,1,Xol,Xol
92032-38384,920326173199755,10,1,Xol,Xol
92032-38384,920326173199755,10,5,Dup-Recibido,Xol
92032-38384,920326173199755,10,0,Dup-Recibido,Otro-A-G-VP-HI
92032-38384,920326173199755,10,0,Otro-R-G-VP-HI,Otro-A-B-VP-HI
92032-38384,920326173199755,10,0,Dup-Recibido,Otro-R-B-VP-HI
92032-38384,920326173199755,10,0,Xol,Otro-A-B-VP-HI-Recibido
92032-38384,383846014384365,10,5,Dup,Xol-Recibido
92032-38384,383846014384365,10,5,Dup,Xol-Recibido
92032-38384,383846014384365,11,5,Dup,Xol-Recibido
92032-38384,920326173199755,11,1,Xol,Xol
92032-38384,920326173199755,11,0,Dup-Recibido,Otro-R-B-VP-HI
92032-38384,920326173199755,11,0,Xol,Otro-A-G-VP-HI
92032-38384,920326173199755,11,0,Dup-Recibido,Otro-A-G-VP-HI-Recibido
92032-38384,383846014384365,11,0,Dup,Otro-A-G-VP-HI-Recibido
92032-38384,383846014384365,11,1,Xol-Recibido,Xol-Recibido
92032-38384,920326173199755,12,1,Xol,Xol
92032-38384,920326173199755,12,1,Xol,Xol
92032-38384,920326173199755,12,0,Xol,Otro-R-G-VP-HI
92032-38384,920326173199755,12,0,Otro-A-G-VP-HI,Xol
92032-38384,920326173199755,12,0,Otro-A-B-VP-HI,Otro-A-B-VP-HI-Recibido
92032-38384,920326173199755,12,0,Otro-A-G-VP-HI-Recibido,Otro-R-B-VP-HI
92032-38384,383846014384365,12,0,Dup,Otro-R-B-VP-HI-Recibido
92032-38384,383846014384365,12,0,Otro-A-G-VP-HI-Recibido,Otro-R-B-VP-HI
92032-38384,383846014384365,12,5,Xol-Recibido,Dup
92032-38384,383846014384365,12,5,Dup,Xol-Recibido
92032-38384,920326173199755,13,1,Xol,Xol
92032-38384,383846014384365,13,0,Otro-A-B-VP-HI,Dup
92032-38384,920326173199755,13,1,Xol,Xol
92032-38384,920326173199755,13,1,Xol,Xol
92032-38384,920326173199755,13,0,Otro-A-G-VP-HI,Otro-R-G-VP-HI
92032-38384,920326173199755,13,0,Otro-R-B-VP-HI,Otro-R-B-VP-HI-Recibido
92032-38384,920326173199755,13,0,Otro-A-B-VP-HI,Dup-Recibido
92032-38384,920326173199755,13,0,Dup-Recibido,Otro-A-G-VP-HI-Recibido
92032-38384,383846014384365,13,0,Dup,Otro-A-B-VP-HI-Recibido
92032-38384,920326173199755,14,1,Xol,Xol
92032-38384,920326173199755,14,1,Xol,Xol
92032-38384,920326173199755,14,1,Xol,Xol
92032-38384,920326173199755,14,0,Otro-A-B-VP-HI,Otro-R-G-VP-HI
92032-38384,920326173199755,14,0,Dup-Recibido,Otro-A-G-VP-HI
92032-38384,920326173199755,14,0,Otro-R-B-VP-HI-Recibido,Otro-R-B-VP-HI
92032-38384,920326173199755,14,0,Otro-A-B-VP-HI-Recibido,Otro-A-G-VP-HI-Recibido
92032-38384,383846014384365,14,5,Dup,Xol-Recibido
92032-38384,383846014384365,14,0,Dup,Otro-R-B-VP-HI-Recibido
92032-38384,383846014384365,14,0,Xol-Recibido,Otro-A-G-VP-HI-Recibido
92032-38384,920326173199755,15,1,Xol,Xol
92032-38384,920326173199755,15,1,Xol,Xol
92032-38384,920326173199755,15,0,Otro-A-G-VP-HI,Otro-A-B-VP-HI
92032-38384,920326173199755,15,0,Otro-R-B-VP-HI-Recibido,Otro-R-B-VP-HI
92032-38384,920326173199755,15,0,Xol,Otro-A-G-VP-HI-Recibido
92032-38384,920326173199755,15,0,Xol,Otro-R-G-VP-HI
92032-38384,920326173199755,15,0,Dup-Recibido,Otro-A-B-VP-HI-Recibido
92032-38384,383846014384365,15,5,Dup,Xol-Recibido
92032-38384,383846014384365,15,5,Dup,Xol-Recibido
