Dyad,Player,Raza,Stage,Round,Contador,Perro,Rotulo,suposicion,Recibido,Time_sent,Time_received,Kind,Correctitud
45981-38174,38174543864515,terrier,2,2,1,Perro1,D,Nada,Si,1568830940132,1568830951051.0,D,1
45981-38174,38174543864515,terrier,2,2,2,Perro5,B,Nada,Si,1568830943667,1568830955954.0,B,1
45981-38174,459819203408978,hound,2,2,1,Perro4,C,Nada,Si,1568830946053,1568830961292.0,A,0
45981-38174,459819203408978,hound,2,3,1,Perro1,A,Nada,Si,1568831011210,1568831021767.0,A,1
45981-38174,459819203408978,hound,2,3,2,Perro2,C,Nada,Si,1568831021810,1568831028475.0,C,1
45981-38174,38174543864515,terrier,2,4,1,Perro3,D,Nada,No,1568831065703,1568831071732.0,B,1
45981-38174,459819203408978,hound,2,5,1,Perro2,A,Nada,No,1568831118805,1568831124428.0,C,1
45981-38174,459819203408978,hound,2,5,2,Perro4,A,A,No,1568831136530,1568831141964.0,C,1
45981-38174,38174543864515,terrier,2,5,1,Perro3,D,D,Si,1568831137556,1568831141730.0,D,1
45981-38174,38174543864515,terrier,2,5,2,Perro5,B,B,Si,1568831151787,1568831156515.0,B,1
45981-38174,38174543864515,terrier,2,6,1,Perro4,D,Nada,Si,1568831182048,1568831185466.0,D,1
45981-38174,459819203408978,hound,2,6,1,Perro3,A,Nada,Si,1568831188299,1568831193508.0,A,1
45981-38174,38174543864515,terrier,2,7,1,Perro3,B,Nada,Si,1568831242457,1568831245884.0,B,1
45981-38174,38174543864515,terrier,2,7,2,Perro5,A,Nada,No,1568831265420,1568831270127.0,D,1
45981-38174,459819203408978,hound,2,8,1,Perro5,C,Nada,Si,1568831309271,1568831318382.0,A,0
45981-38174,459819203408978,hound,2,8,2,Perro3,C,C,Si,1568831318091,1568831322156.0,C,1
45981-38174,38174543864515,terrier,2,8,1,Perro1,D,D,Si,1568831329436,1568831333587.0,D,1
45981-38174,38174543864515,terrier,2,8,2,Perro4,D,D,No,1568831338425,1568831343220.0,B,1
45981-38174,38174543864515,terrier,2,8,3,Perro2,D,D,Si,1568831349581,1568831352708.0,D,1
45981-38174,38174543864515,terrier,2,9,1,Perro2,B,Nada,Si,1568831378984,1568831382844.0,B,1
45981-38174,38174543864515,terrier,2,9,2,Perro1,B,Nada,Si,1568831381645,1568831388732.0,B,1
45981-38174,459819203408978,hound,2,9,1,Perro5,C,Nada,Si,1568831401412,1568831405590.0,C,1
45981-38174,38174543864515,terrier,2,10,1,Perro1,D,Nada,Si,1568831435956,1568831439861.0,D,1
45981-38174,38174543864515,terrier,2,10,2,Perro2,D,Nada,Si,1568831439341,1568831444652.0,D,1
45981-38174,38174543864515,terrier,2,10,3,Perro3,B,Nada,Si,1568831442213,1568831449615.0,B,1
45981-38174,38174543864515,terrier,2,10,4,Perro4,D,Nada,Si,1568831453893,1568831458780.0,D,1
45981-38174,38174543864515,terrier,2,10,5,Perro5,B,Nada,Si,1568831458588,1568831464661.0,D,0
45981-38174,38174543864515,terrier,2,11,1,Perro4,B,D,No,1568831503664,1568831507957.0,D,1
45981-38174,38174543864515,terrier,2,11,2,Perro3,D,D,Si,1568831508839,1568831514237.0,D,1
45981-38174,459819203408978,hound,2,11,1,Perro5,A,A,Si,1568831526837,1568831530774.0,A,1
45981-38174,459819203408978,hound,2,11,2,Perro1,A,A,Si,1568831538144,1568831542638.0,A,1
45981-38174,38174543864515,terrier,2,12,1,Perro3,B,B,Si,1568831575334,1568831579287.0,B,1
45981-38174,38174543864515,terrier,2,12,2,Perro4,B,Nada,Si,1568831577381,1568831585087.0,B,1
45981-38174,38174543864515,terrier,2,12,3,Perro5,D,Nada,Si,1568831581112,1568831587622.0,D,1
45981-38174,459819203408978,hound,2,12,1,Perro2,C,Nada,No,1568831582287,1568831599853.0,A,1
45981-38174,459819203408978,hound,2,12,2,Perro1,A,A,Si,1568831622846,1568831626823.0,A,1
45981-38174,38174543864515,terrier,2,13,1,Perro3,B,Nada,Si,1568831643470,1568831647034.0,B,1
45981-38174,38174543864515,terrier,2,13,2,Perro4,D,Nada,Si,1568831645614,1568831653367.0,D,1
45981-38174,459819203408978,hound,2,13,1,Perro1,A,A,Si,1568831659952,1568831666759.0,A,1
45981-38174,459819203408978,hound,2,13,2,Perro5,C,C,Si,1568831670839,1568831675534.0,C,1
45981-38174,38174543864515,terrier,2,14,1,Perro3,D,D,Si,1568831714743,1568831718271.0,D,1
45981-38174,459819203408978,hound,2,14,1,Perro1,A,A,Si,1568831723039,1568831733064.0,A,1
45981-38174,38174543864515,terrier,2,14,2,Perro5,B,B,Si,1568831724432,1568831727832.0,B,1
45981-38174,38174543864515,terrier,2,14,3,Perro4,D,D,Si,1568831726735,1568831733263.0,D,1
45981-38174,459819203408978,hound,2,14,2,Perro2,A,A,Si,1568831752174,1568831755886.0,A,1
45981-38174,459819203408978,hound,2,15,1,Perro4,A,Nada,No,1568831780680,1568831790510.0,C,1
45981-38174,38174543864515,terrier,2,15,1,Perro3,D,D,Si,1568831783905,1568831787382.0,D,1
45981-38174,38174543864515,terrier,2,15,2,Perro5,B,B,Si,1568831785991,1568831795039.0,B,1
45981-38174,459819203408978,hound,2,15,2,Perro2,A,A,No,1568831802904,1568831807463.0,C,1
45981-38174,459819203408978,hound,2,15,3,Perro1,A,A,Si,1568831818009,1568831821711.0,A,1
45981-38174,459819203408978,hound,2,16,1,Perro4,A,Nada,Si,1568831844208,1568831847792.0,A,1
45981-38174,459819203408978,hound,2,16,2,Perro5,C,Nada,No,1568831851793,1568831856969.0,A,1
45981-38174,38174543864515,terrier,2,16,1,Perro3,B,B,Si,1568831852575,1568831855616.0,B,1
45981-38174,459819203408978,hound,2,16,3,Perro1,A,Nada,No se,1568831869216,1568831872199.0,A,0
45981-38174,459819203408978,hound,2,16,4,Perro2,A,Nada,No,1568831886711,1568831891912.0,C,1
45981-38174,459819203408978,hound,2,17,1,Perro4,A,Nada,Si,1568831935258,1568831946792.0,A,1
45981-38174,38174543864515,terrier,2,17,1,Perro5,D,D,Si,1568831940367,1568831943977.0,D,1
45981-38174,38174543864515,terrier,2,17,2,Perro3,D,D,Si,1568831941727,1568831950409.0,D,1
45981-38174,38174543864515,terrier,2,17,3,Perro2,D,D,Si,1568831943120,1568831952401.0,D,1
45981-38174,459819203408978,hound,2,17,2,Perro1,A,Nada,No,1568831955553,1568831962808.0,C,1
45981-38174,459819203408978,hound,2,18,1,Perro2,A,Nada,Si,1568831988481,1568832004027.0,A,1
45981-38174,459819203408978,hound,2,18,2,Perro3,C,C,Si,1568832014657,1568832018864.0,C,1
45981-38174,38174543864515,terrier,2,18,1,Perro4,B,B,Si,1568832021817,1568832026219.0,B,1
45981-38174,38174543864515,terrier,2,18,2,Perro1,B,B,Si,1568832024159,1568832028442.0,B,1
45981-38174,459819203408978,hound,2,20,1,Perro2,C,C,Si,1568832105426,1568832110248.0,C,1
45981-38174,38174543864515,terrier,2,20,1,Perro4,D,D,Si,1568832113080,1568832116186.0,D,1
45981-38174,38174543864515,terrier,2,20,2,Perro1,B,B,Si,1568832117896,1568832124970.0,B,1
45981-38174,459819203408978,hound,2,20,2,Perro3,C,C,Si,1568832145594,1568832149784.0,C,1
45981-38174,459819203408978,hound,2,21,1,Perro4,C,Nada,Si,1568832176483,1568832185752.0,C,1
45981-38174,38174543864515,terrier,2,21,1,Perro5,B,B,Si,1568832188161,1568832191403.0,B,1
45981-38174,38174543864515,terrier,2,21,2,Perro2,D,D,Si,1568832191009,1568832194204.0,D,1
45981-38174,459819203408978,hound,2,22,1,Perro5,C,Nada,Si,1568832212243,1568832217025.0,C,1
45981-38174,38174543864515,terrier,2,22,1,Perro1,B,B,Si,1568832220771,1568832223451.0,B,1
45981-38174,459819203408978,hound,2,23,1,Perro4,A,Nada,Si,1568832258771,1568832262993.0,A,1
45981-38174,459819203408978,hound,2,23,2,Perro1,A,A,Si,1568832263876,1568832273137.0,A,1
45981-38174,38174543864515,terrier,2,23,1,Perro3,D,D,Si,1568832266801,1568832271715.0,D,1
45981-38174,459819203408978,hound,2,24,1,Perro5,A,Nada,Si,1568832303972,1568832307658.0,C,0
45981-38174,38174543864515,terrier,2,24,1,Perro1,B,B,Si,1568832311746,1568832315340.0,B,1
13761-83580,835804561913525,hound,2,1,1,Perro1,C,C,No,1568831123711,1568831135074.0,A,1
13761-83580,835804561913525,hound,2,1,2,Perro1,A,C,Si,1568831141312,1568831151240.0,A,1
13761-83580,137619579400459,terrier,2,1,1,Perro2,D,Nada,Si,1568831145344,1568831151579.0,D,1
13761-83580,137619579400459,terrier,2,2,1,Perro2,B,Nada,Si,1568831190319,1568831195541.0,B,1
13761-83580,137619579400459,terrier,2,2,2,Perro3,D,Nada,No,1568831197552,1568831209812.0,B,1
13761-83580,835804561913525,hound,2,2,1,Perro5,C,C,Si,1568831203299,1568831209288.0,C,1
13761-83580,835804561913525,hound,2,4,1,Perro2,A,A,No,1568831291439,1568831296915.0,C,1
13761-83580,137619579400459,terrier,2,4,1,Perro1,D,Nada,No,1568831306968,1568831314540.0,B,1
13761-83580,137619579400459,terrier,2,5,1,Perro2,D,D,No,1568831357131,1568831365127.0,B,1
13761-83580,835804561913525,hound,2,5,1,Perro1,C,C,Si,1568831372141,1568831379152.0,C,1
13761-83580,137619579400459,terrier,2,6,1,Perro1,B,B,Si,1568831410580,1568831418564.0,B,1
13761-83580,835804561913525,hound,2,7,1,Perro1,A,Nada,No,1568831457645,1568831462866.0,A,0
13761-83580,137619579400459,terrier,2,7,1,Perro4,D,D,Si,1568831458273,1568831467565.0,D,1
13761-83580,835804561913525,hound,2,8,1,Perro1,C,C,Si,1568831503310,1568831509696.0,C,1
13761-83580,137619579400459,terrier,2,8,1,Perro3,B,Nada,Si,1568831513320,1568831519632.0,B,1
13761-83580,137619579400459,terrier,2,9,1,Perro4,B,B,Si,1568831568449,1568831575374.0,B,1
13761-83580,137619579400459,terrier,2,9,2,Perro2,D,D,Si,1568831573705,1568831582102.0,D,1
13761-83580,137619579400459,terrier,2,10,1,Perro2,B,D,No,1568831613217,1568831619978.0,D,1
13761-83580,835804561913525,hound,2,10,1,Perro1,D,D,No se,1568831623661,1568831629800.0,D,0
13761-83580,137619579400459,terrier,2,10,2,Perro1,D,D,-,1568831633536,,D,0
13761-83580,137619579400459,terrier,2,11,1,Perro1,A,A,Si,1568831669057,1568831678983.0,A,1
13761-83580,137619579400459,terrier,2,13,1,Perro5,B,Nada,Si,1568831739522,1568831747503.0,B,1
13761-83580,835804561913525,hound,2,13,1,Perro4,C,C,No,1568831754455,1568831762426.0,A,1
13761-83580,137619579400459,terrier,2,14,1,Perro5,B,B,No,1568831796593,1568831805552.0,B,0
13761-83580,137619579400459,terrier,2,15,1,Perro5,D,D,Si,1568831849791,1568831858171.0,D,1
13761-83580,835804561913525,hound,2,16,1,Perro1,C,C,Si,1568831876000,1568831881090.0,C,1
13761-83580,137619579400459,terrier,2,17,1,Perro5,A,A,Si,1568831914589,1568831925728.0,A,1
13761-83580,835804561913525,hound,2,17,1,Perro2,A,C,Si,1568831921300,1568831927538.0,C,0
13761-83580,137619579400459,terrier,2,19,1,Perro3,B,B,Si,1568831979518,1568831989041.0,B,1
13761-83580,137619579400459,terrier,2,22,1,Perro2,A,A,-,1568832063790,,A,0
13761-83580,137619579400459,terrier,2,24,1,Perro5,D,D,Si,1568832127998,1568832135915.0,D,1
13761-83580,137619579400459,terrier,2,25,1,Perro5,A,A,-,1568832156314,,A,0
42404-27703,42404690668940,terrier,2,1,1,Perro4,B,Nada,Si,1568831197799,1568831211403.0,B,1
42404-27703,277030367725057,hound,2,1,1,Perro5,C,Nada,No,1568831215348,1568831222719.0,A,1
42404-27703,42404690668940,terrier,2,1,2,Perro3,B,Nada,No,1568831231180,1568831239675.0,D,1
42404-27703,42404690668940,terrier,2,1,3,Perro2,D,Nada,Si,1568831239444,1568831245275.0,D,1
42404-27703,277030367725057,hound,2,1,2,Perro5,A,A,Si,1568831250002,1568831253883.0,A,1
42404-27703,42404690668940,terrier,2,2,1,Perro5,D,Nada,Si,1568831280349,1568831285772.0,D,1
42404-27703,277030367725057,hound,2,2,1,Perro3,C,Nada,Si,1568831291028,1568831300454.0,C,1
42404-27703,42404690668940,terrier,2,2,2,Perro2,B,B,No,1568831303676,1568831310250.0,D,1
42404-27703,42404690668940,terrier,2,2,3,Perro1,D,B,No,1568831322954,1568831329076.0,B,1
42404-27703,42404690668940,terrier,2,3,1,Perro5,B,Nada,Si,1568831363550,1568831381395.0,B,1
42404-27703,277030367725057,hound,2,3,1,Perro2,A,Nada,Si,1568831367347,1568831372067.0,A,1
42404-27703,277030367725057,hound,2,3,2,Perro4,A,Nada,Si,1568831397323,1568831403564.0,A,1
42404-27703,277030367725057,hound,2,4,1,Perro2,A,Nada,No,1568831450101,1568831457939.0,C,1
42404-27703,42404690668940,terrier,2,4,1,Perro5,D,D,Si,1568831451614,1568831456178.0,D,1
42404-27703,277030367725057,hound,2,4,2,Perro3,C,Nada,No,1568831465563,1568831470067.0,A,1
42404-27703,42404690668940,terrier,2,4,2,Perro1,D,D,Si,1568831480326,1568831488226.0,D,1
42404-27703,277030367725057,hound,2,4,3,Perro4,C,Nada,Si,1568831483242,1568831487019.0,C,1
42404-27703,42404690668940,terrier,2,5,1,Perro5,D,D,No,1568831517049,1568831522755.0,B,1
42404-27703,277030367725057,hound,2,5,1,Perro4,A,Nada,No,1568831525530,1568831534124.0,C,1
42404-27703,277030367725057,hound,2,5,2,Perro2,C,Nada,Si,1568831549779,1568831553172.0,C,1
42404-27703,42404690668940,terrier,2,6,1,Perro4,D,D,No,1568831582396,1568831588315.0,B,1
42404-27703,277030367725057,hound,2,6,1,Perro2,A,Nada,Si,1568831595402,1568831602636.0,A,1
42404-27703,42404690668940,terrier,2,6,2,Perro4,B,D,Si,1568831595816,1568831605434.0,B,1
42404-27703,277030367725057,hound,2,6,2,Perro3,C,Nada,Si,1568831599907,1568831615732.0,C,1
42404-27703,42404690668940,terrier,2,7,1,Perro4,B,Nada,No,1568831655049,1568831666203.0,D,1
42404-27703,277030367725057,hound,2,7,1,Perro1,A,A,No,1568831660062,1568831665852.0,C,1
42404-27703,42404690668940,terrier,2,7,2,Perro2,B,B,No,1568831683925,1568831688971.0,D,1
42404-27703,42404690668940,terrier,2,8,1,Perro1,B,Nada,Si,1568831719125,1568831726339.0,B,1
42404-27703,277030367725057,hound,2,8,1,Perro4,A,Nada,Si,1568831731954,1568831744164.0,A,1
42404-27703,42404690668940,terrier,2,8,2,Perro3,B,B,Si,1568831737772,1568831744812.0,B,1
42404-27703,277030367725057,hound,2,8,2,Perro5,C,Nada,Si,1568831738626,1568831754565.0,A,0
42404-27703,42404690668940,terrier,2,8,3,Perro2,D,Nada,Si,1568831747372,1568831751442.0,D,1
42404-27703,42404690668940,terrier,2,9,1,Perro3,B,B,Si,1568831788720,1568831795518.0,B,1
42404-27703,277030367725057,hound,2,9,1,Perro1,A,A,Si,1568831799797,1568831804708.0,A,1
42404-27703,277030367725057,hound,2,9,2,Perro2,C,A,Si,1568831805306,1568831809324.0,C,1
42404-27703,277030367725057,hound,2,9,3,Perro4,A,A,No,1568831815690,1568831821197.0,C,1
42404-27703,42404690668940,terrier,2,10,1,Perro5,D,Nada,Si,1568831851709,1568831869299.0,B,0
42404-27703,42404690668940,terrier,2,10,2,Perro3,D,D,Si,1568831855437,1568831873035.0,D,1
42404-27703,277030367725057,hound,2,10,1,Perro1,A,Nada,Si,1568831858654,1568831863100.0,A,1
42404-27703,277030367725057,hound,2,10,2,Perro4,C,C,Si,1568831864659,1568831880412.0,C,1
42404-27703,277030367725057,hound,2,10,3,Perro4,C,C,Si,1568831876578,1568831883052.0,C,1
42404-27703,42404690668940,terrier,2,10,3,Perro2,B,D,-,1568831889229,,D,0
42404-27703,42404690668940,terrier,2,11,1,Perro4,D,Nada,Si,1568831908749,1568831921115.0,D,1
42404-27703,277030367725057,hound,2,11,1,Perro2,C,C,Si,1568831912491,1568831917084.0,C,1
42404-27703,277030367725057,hound,2,11,2,Perro3,A,A,Si,1568831917002,1568831943692.0,A,1
42404-27703,42404690668940,terrier,2,11,2,Perro5,D,Nada,Si,1568831922317,1568831926682.0,D,1
42404-27703,42404690668940,terrier,2,11,3,Perro1,D,Nada,Si,1568831930989,1568831935059.0,D,1
42404-27703,277030367725057,hound,2,11,3,Perro3,A,A,Si,1568831937562,1568831946373.0,A,1
42404-27703,42404690668940,terrier,2,12,1,Perro3,B,B,Si,1568831963269,1568831968410.0,B,1
42404-27703,277030367725057,hound,2,12,1,Perro1,A,Nada,Si,1568831963458,1568831972629.0,A,1
42404-27703,277030367725057,hound,2,12,2,Perro2,C,Nada,No,1568831973490,1568831980412.0,A,1
42404-27703,277030367725057,hound,2,12,3,Perro4,C,C,No se,1568831984770,1568831988709.0,A,0
42404-27703,277030367725057,hound,2,13,1,Perro4,A,Nada,No,1568832013868,1568832022084.0,C,1
42404-27703,42404690668940,terrier,2,13,1,Perro1,D,D,Si,1568832015533,1568832039299.0,D,1
42404-27703,277030367725057,hound,2,13,2,Perro3,A,A,No,1568832029599,1568832033932.0,C,1
42404-27703,42404690668940,terrier,2,13,2,Perro5,D,Nada,Si,1568832038109,1568832051611.0,D,1
42404-27703,277030367725057,hound,2,13,3,Perro2,C,C,Si,1568832046474,1568832049580.0,C,1
42404-27703,42404690668940,terrier,2,14,1,Perro2,D,Nada,Si,1568832062733,1568832083963.0,D,1
42404-27703,277030367725057,hound,2,14,1,Perro1,C,Nada,Si,1568832069675,1568832073286.0,C,1
42404-27703,277030367725057,hound,2,14,2,Perro3,C,Nada,Si,1568832074891,1568832086685.0,C,1
42404-27703,277030367725057,hound,2,14,3,Perro4,C,Nada,No,1568832077970,1568832095989.0,A,1
42404-27703,277030367725057,hound,2,14,4,Perro5,C,Nada,Si,1568832080282,1568832098461.0,C,1
42404-27703,277030367725057,hound,2,15,1,Perro1,A,Nada,Si,1568832119706,1568832128197.0,A,1
42404-27703,42404690668940,terrier,2,15,1,Perro3,D,Nada,Si,1568832121021,1568832142234.0,D,1
42404-27703,42404690668940,terrier,2,15,2,Perro4,D,Nada,Si,1568832122741,1568832147547.0,D,1
42404-27703,277030367725057,hound,2,15,2,Perro2,A,Nada,Si,1568832125411,1568832137093.0,A,1
42404-27703,277030367725057,hound,2,15,3,Perro5,C,C,Si,1568832132052,1568832145364.0,C,1
42404-27703,42404690668940,terrier,2,15,3,Perro3,D,Nada,-,1568832141844,,D,0
42404-27703,277030367725057,hound,2,16,1,Perro1,A,Nada,Si,1568832169898,1568832181294.0,A,1
42404-27703,277030367725057,hound,2,16,2,Perro2,C,Nada,Si,1568832172403,1568832188461.0,C,1
42404-27703,42404690668940,terrier,2,16,1,Perro4,D,Nada,Si,1568832175354,1568832185651.0,D,1
42404-27703,277030367725057,hound,2,16,3,Perro5,A,Nada,Si,1568832176130,1568832198165.0,A,1
42404-27703,42404690668940,terrier,2,16,2,Perro3,D,D,Si,1568832184198,1568832211646.0,D,1
42404-27703,277030367725057,hound,2,17,1,Perro2,C,Nada,No,1568832230427,1568832248375.0,A,1
42404-27703,277030367725057,hound,2,17,2,Perro3,C,Nada,Si,1568832234426,1568832254697.0,C,1
42404-27703,42404690668940,terrier,2,17,1,Perro5,D,Nada,Si,1568832237751,1568832244218.0,D,1
42404-27703,42404690668940,terrier,2,17,2,Perro4,D,Nada,Si,1568832239629,1568832247746.0,D,1
42404-27703,42404690668940,terrier,2,18,1,Perro4,B,Nada,Si,1568832274071,1568832291419.0,B,1
42404-27703,42404690668940,terrier,2,18,2,Perro3,B,Nada,Si,1568832276023,1568832296858.0,B,1
42404-27703,42404690668940,terrier,2,18,3,Perro5,D,Nada,Si,1568832277926,1568832300914.0,D,1
42404-27703,277030367725057,hound,2,18,1,Perro2,A,Nada,No,1568832281354,1568832286615.0,C,1
42404-27703,277030367725057,hound,2,18,2,Perro1,C,Nada,Si,1568832285163,1568832305621.0,C,1
42404-27703,277030367725057,hound,2,18,3,Perro1,C,Nada,Si,1568832305507,1568832316294.0,C,1
42404-27703,277030367725057,hound,2,19,1,Perro5,A,Nada,Si,1568832328275,1568832339910.0,A,1
42404-27703,277030367725057,hound,2,19,2,Perro3,A,Nada,Si,1568832331778,1568832346581.0,A,1
42404-27703,277030367725057,hound,2,19,3,Perro2,A,Nada,No,1568832334563,1568832349622.0,C,1
42404-27703,277030367725057,hound,2,19,4,Perro1,A,Nada,No,1568832337667,1568832352869.0,C,1
42404-27703,42404690668940,terrier,2,20,1,Perro5,B,Nada,Si,1568832376238,1568832400587.0,B,1
42404-27703,277030367725057,hound,2,20,1,Perro1,A,Nada,No,1568832384357,1568832388125.0,C,1
42404-27703,277030367725057,hound,2,20,2,Perro3,A,Nada,Si,1568832387395,1568832395934.0,A,1
42404-27703,277030367725057,hound,2,20,3,Perro4,C,Nada,Si,1568832390826,1568832403709.0,C,1
42404-27703,42404690668940,terrier,2,21,1,Perro3,B,B,Si,1568832427982,1568832438387.0,B,1
42404-27703,277030367725057,hound,2,21,1,Perro4,A,Nada,Si,1568832430282,1568832437469.0,A,1
42404-27703,277030367725057,hound,2,21,2,Perro5,C,Nada,Si,1568832433237,1568832444142.0,C,1
42404-27703,42404690668940,terrier,2,21,2,Perro1,B,Nada,Si,1568832433999,1568832443396.0,B,1
42404-27703,42404690668940,terrier,2,22,1,Perro3,B,Nada,No se,1568832467464,1568832491794.0,B,0
42404-27703,277030367725057,hound,2,22,1,Perro2,A,Nada,Si,1568832481311,1568832485462.0,A,1
42404-27703,277030367725057,hound,2,22,2,Perro5,A,Nada,No,1568832484859,1568832503662.0,C,1
42404-27703,42404690668940,terrier,2,23,1,Perro3,D,Nada,Si,1568832528351,1568832547867.0,D,1
42404-27703,277030367725057,hound,2,23,1,Perro1,A,Nada,Si,1568832532139,1568832539167.0,A,1
42404-27703,277030367725057,hound,2,23,2,Perro2,C,Nada,Si,1568832535955,1568832553799.0,C,1
42404-27703,277030367725057,hound,2,23,3,Perro4,A,Nada,No se,1568832539124,1568832559630.0,A,0
42404-27703,277030367725057,hound,2,23,4,Perro5,C,Nada,No,1568832542708,1568832564142.0,A,1
42404-27703,277030367725057,hound,2,24,1,Perro5,A,Nada,No,1568832593908,1568832608126.0,C,1
42404-27703,42404690668940,terrier,2,24,1,Perro1,D,Nada,Si,1568832595616,1568832605483.0,D,1
42404-27703,42404690668940,terrier,2,24,2,Perro4,D,Nada,Si,1568832598886,1568832608747.0,D,1
42404-27703,42404690668940,terrier,2,24,3,Perro3,D,Nada,Si,1568832600758,1568832611867.0,D,1
42404-27703,277030367725057,hound,2,25,1,Perro1,A,Nada,No,1568832635363,1568832640247.0,C,1
42404-27703,277030367725057,hound,2,25,2,Perro2,A,Nada,Si,1568832637620,1568832643174.0,A,1
42404-27703,277030367725057,hound,2,25,3,Perro3,C,Nada,No,1568832640435,1568832646695.0,A,1
42404-27703,277030367725057,hound,2,25,4,Perro5,C,Nada,Si,1568832643182,1568832649950.0,C,1
15349-95103,153498218008918,hound,2,1,1,Perro4,A,Nada,Si,1568831217935,1568831228893.0,A,1
15349-95103,951034904396380,terrier,2,1,1,Perro1,B,Nada,Si,1568831224444,1568831229826.0,B,1
15349-95103,951034904396380,terrier,2,2,1,Perro5,D,Nada,Si,1568831289771,1568831295837.0,D,1
15349-95103,153498218008918,hound,2,2,1,Perro2,C,Nada,No,1568831303924,1568831311944.0,A,1
15349-95103,153498218008918,hound,2,3,1,Perro1,A,Nada,Si,1568831352748,1568831358336.0,A,1
15349-95103,153498218008918,hound,2,3,2,Perro4,A,Nada,Si,1568831354556,1568831362864.0,A,1
15349-95103,951034904396380,terrier,2,3,1,Perro3,D,Nada,Si,1568831375104,1568831380924.0,D,1
15349-95103,153498218008918,hound,2,4,1,Perro1,A,Nada,Si,1568831403548,1568831411617.0,A,1
15349-95103,153498218008918,hound,2,4,2,Perro2,A,Nada,Si,1568831405556,1568831414593.0,A,1
15349-95103,153498218008918,hound,2,4,3,Perro4,A,Nada,No,1568831407308,1568831418049.0,C,1
15349-95103,153498218008918,hound,2,4,4,Perro5,A,Nada,Si,1568831409036,1568831422009.0,A,1
15349-95103,951034904396380,terrier,2,4,1,Perro3,B,Nada,Si,1568831428897,1568831432668.0,B,1
15349-95103,153498218008918,hound,2,5,1,Perro2,A,Nada,Si,1568831462564,1568831470090.0,C,0
15349-95103,153498218008918,hound,2,5,2,Perro1,A,Nada,Si,1568831464468,1568831471928.0,C,0
15349-95103,951034904396380,terrier,2,5,1,Perro4,D,Nada,No,1568831477457,1568831484396.0,B,1
15349-95103,951034904396380,terrier,2,5,2,Perro5,B,Nada,Si,1568831480497,1568831488156.0,B,1
15349-95103,951034904396380,terrier,2,5,3,Perro3,D,D,Si,1568831487457,1568831492940.0,D,1
15349-95103,153498218008918,hound,2,6,1,Perro2,A,Nada,No,1568831527892,1568831532121.0,C,1
15349-95103,153498218008918,hound,2,6,2,Perro3,A,Nada,No,1568831529516,1568831537058.0,C,1
15349-95103,153498218008918,hound,2,6,3,Perro4,A,Nada,Si,1568831530974,1568831539995.0,A,1
15349-95103,951034904396380,terrier,2,6,1,Perro5,D,D,Si,1568831552202,1568831557020.0,D,1
15349-95103,951034904396380,terrier,2,6,2,Perro1,B,B,Si,1568831561546,1568831565021.0,B,1
15349-95103,153498218008918,hound,2,8,1,Perro5,A,Nada,No,1568831661038,1568831666834.0,C,1
15349-95103,951034904396380,terrier,2,8,1,Perro4,B,Nada,Si,1568831661346,1568831665980.0,B,1
15349-95103,951034904396380,terrier,2,8,2,Perro3,D,B,No,1568831672345,1568831677061.0,B,1
15349-95103,951034904396380,terrier,2,8,3,Perro2,B,Nada,Si,1568831676810,1568831683462.0,B,1
15349-95103,951034904396380,terrier,2,8,4,Perro1,B,Nada,Si,1568831681226,1568831688348.0,B,1
15349-95103,153498218008918,hound,2,9,1,Perro5,C,C,No,1568831728512,1568831734010.0,A,1
15349-95103,951034904396380,terrier,2,9,1,Perro4,B,Nada,Si,1568831729701,1568831733308.0,B,1
15349-95103,153498218008918,hound,2,9,2,Perro1,C,C,Si,1568831730557,1568831748592.0,C,1
15349-95103,951034904396380,terrier,2,9,2,Perro3,B,Nada,Si,1568831742129,1568831745693.0,B,1
15349-95103,951034904396380,terrier,2,9,3,Perro2,D,Nada,No,1568831744602,1568831754557.0,B,1
15349-95103,951034904396380,terrier,2,10,1,Perro1,D,Nada,No,1568831780700,1568831787421.0,B,1
15349-95103,153498218008918,hound,2,10,1,Perro2,A,Nada,Si,1568831789700,1568831795363.0,A,1
15349-95103,153498218008918,hound,2,10,2,Perro4,A,Nada,No,1568831791551,1568831801715.0,A,0
15349-95103,951034904396380,terrier,2,10,2,Perro5,B,B,Si,1568831812251,1568831816165.0,B,1
15349-95103,153498218008918,hound,2,11,1,Perro5,C,Nada,Si,1568831849045,1568831853355.0,C,1
15349-95103,951034904396380,terrier,2,11,1,Perro2,D,Nada,No,1568831858891,1568831865845.0,B,1
15349-95103,951034904396380,terrier,2,11,2,Perro3,B,Nada,Si,1568831861411,1568831868253.0,B,1
15349-95103,153498218008918,hound,2,12,1,Perro2,A,A,Si,1568831908319,1568831912524.0,A,1
15349-95103,153498218008918,hound,2,13,1,Perro5,A,Nada,No,1568831936022,1568831950299.0,C,1
15349-95103,153498218008918,hound,2,13,2,Perro3,A,Nada,Si,1568831937581,1568831954027.0,A,1
15349-95103,153498218008918,hound,2,13,3,Perro2,A,Nada,No,1568831939584,1568831957707.0,C,1
15349-95103,153498218008918,hound,2,13,4,Perro1,A,Nada,Si,1568831941238,1568831961627.0,A,1
15349-95103,951034904396380,terrier,2,13,1,Perro4,D,D,Si,1568831945419,1568831949206.0,D,1
15349-95103,951034904396380,terrier,2,14,1,Perro4,B,Nada,Si,1568832016396,1568832020078.0,B,1
15349-95103,951034904396380,terrier,2,14,2,Perro3,B,Nada,Si,1568832018196,1568832022334.0,B,1
15349-95103,153498218008918,hound,2,14,1,Perro2,C,Nada,No,1568832036001,1568832042013.0,A,1
15349-95103,153498218008918,hound,2,14,2,Perro1,A,Nada,No,1568832037814,1568832047508.0,C,1
15349-95103,153498218008918,hound,2,15,1,Perro3,A,Nada,Si,1568832083654,1568832090621.0,A,1
15349-95103,951034904396380,terrier,2,15,1,Perro5,D,D,Si,1568832087093,1568832099967.0,D,1
15349-95103,153498218008918,hound,2,15,2,Perro2,C,Nada,Si,1568832088950,1568832095140.0,C,1
15349-95103,153498218008918,hound,2,15,3,Perro1,C,Nada,No,1568832090774,1568832100316.0,A,1
15349-95103,951034904396380,terrier,2,16,1,Perro1,D,D,Si,1568832151676,1568832164287.0,D,1
15349-95103,153498218008918,hound,2,16,1,Perro5,A,A,Si,1568832156862,1568832163564.0,A,1
15349-95103,153498218008918,hound,2,16,2,Perro4,A,A,Si,1568832158742,1568832168445.0,A,1
15349-95103,153498218008918,hound,2,16,3,Perro3,A,C,No,1568832160534,1568832171645.0,C,1
15349-95103,153498218008918,hound,2,16,4,Perro2,A,C,No,1568832161998,1568832175462.0,C,1
15349-95103,951034904396380,terrier,2,18,1,Perro1,B,Nada,Si,1568832216085,1568832223401.0,B,1
15349-95103,951034904396380,terrier,2,18,2,Perro3,D,Nada,Si,1568832219284,1568832226358.0,D,1
15349-95103,951034904396380,terrier,2,18,3,Perro5,D,Nada,Si,1568832222340,1568832229566.0,D,1
15349-95103,951034904396380,terrier,2,19,1,Perro2,B,Nada,Si,1568832254698,1568832265086.0,B,1
15349-95103,153498218008918,hound,2,19,1,Perro4,A,Nada,Si,1568832267110,1568832271405.0,A,1
15349-95103,951034904396380,terrier,2,20,1,Perro1,B,Nada,No,1568832294005,1568832306687.0,D,1
15349-95103,153498218008918,hound,2,20,1,Perro5,C,C,Si,1568832314343,1568832319535.0,C,1
15349-95103,153498218008918,hound,2,20,2,Perro3,C,C,No,1568832317815,1568832325063.0,A,1
15349-95103,153498218008918,hound,2,20,3,Perro4,C,C,Si,1568832321488,1568832331405.0,C,1
15349-95103,153498218008918,hound,2,20,4,Perro3,C,C,No,1568832334903,1568832340390.0,A,1
15349-95103,951034904396380,terrier,2,21,1,Perro3,D,Nada,Si,1568832363893,1568832377319.0,D,1
15349-95103,153498218008918,hound,2,21,1,Perro1,C,Nada,No,1568832371347,1568832377401.0,A,1
15349-95103,153498218008918,hound,2,21,2,Perro4,C,C,Si,1568832373168,1568832389757.0,C,1
15349-95103,153498218008918,hound,2,21,3,Perro5,C,C,Si,1568832374799,1568832392750.0,C,1
15349-95103,951034904396380,terrier,2,22,1,Perro1,B,Nada,No,1568832412383,1568832435456.0,D,1
15349-95103,153498218008918,hound,2,22,1,Perro3,C,Nada,Si,1568832416864,1568832423966.0,C,1
15349-95103,153498218008918,hound,2,22,2,Perro4,A,Nada,Si,1568832419102,1568832427982.0,A,1
15349-95103,153498218008918,hound,2,22,3,Perro5,C,Nada,Si,1568832420855,1568832430790.0,C,1
15349-95103,951034904396380,terrier,2,22,2,Perro2,B,B,-,1568832444014,,B,0
15349-95103,951034904396380,terrier,2,23,1,Perro1,D,Nada,No,1568832458263,1568832468151.0,B,1
15349-95103,951034904396380,terrier,2,23,2,Perro3,D,Nada,Si,1568832460822,1568832471445.0,D,1
15349-95103,951034904396380,terrier,2,23,3,Perro5,D,Nada,Si,1568832463126,1568832474591.0,D,1
15349-95103,153498218008918,hound,2,23,1,Perro4,C,C,Si,1568832477920,1568832486762.0,C,1
15349-95103,951034904396380,terrier,2,24,1,Perro5,B,Nada,Si,1568832503086,1568832516736.0,B,1
15349-95103,153498218008918,hound,2,24,1,Perro3,C,A,No,1568832513192,1568832518702.0,A,1
15349-95103,951034904396380,terrier,2,25,1,Perro5,D,D,Si,1568832546376,1568832555408.0,D,1
15349-95103,153498218008918,hound,2,25,1,Perro2,A,A,No,1568832548932,1568832555023.0,C,1
15349-95103,153498218008918,hound,2,25,2,Perro3,A,A,Si,1568832550539,1568832560471.0,A,1
15349-95103,153498218008918,hound,2,25,3,Perro4,C,C,Si,1568832552056,1568832563663.0,C,1
91665-36242,916659229295256,hound,2,1,1,Perro1,A,Nada,-,1568831088225,,C,0
91665-36242,916659229295256,hound,2,3,1,Perro1,C,C,Si,1568831203669,1568831220235.0,C,1
91665-36242,362421570668147,terrier,2,3,1,Perro4,B,Nada,Si,1568831212174,1568831226005.0,B,1
91665-36242,916659229295256,hound,2,6,1,Perro5,C,Nada,No,1568831341022,1568831350517.0,A,1
91665-36242,362421570668147,terrier,2,6,1,Perro1,D,D,No,1568831356114,1568831365629.0,B,1
91665-36242,916659229295256,hound,2,9,1,Perro3,C,Nada,-,1568831483061,,C,0
91665-36242,916659229295256,hound,2,10,1,Perro5,C,C,Si,1568831522846,1568831532858.0,C,1
91665-36242,362421570668147,terrier,2,10,1,Perro1,B,Nada,Si,1568831526989,1568831533045.0,B,1
91665-36242,362421570668147,terrier,2,14,1,Perro5,B,Nada,-,1568831685590,,B,0
91665-36242,916659229295256,hound,2,15,1,Perro2,A,A,Si,1568831754350,1568831761214.0,A,1
91665-36242,362421570668147,terrier,2,16,1,Perro1,D,Nada,Si,1568831799677,1568831807930.0,D,1
91665-36242,362421570668147,terrier,2,18,1,Perro3,B,B,Si,1568831880987,1568831885997.0,B,1
86423-32256,864237546831637,terrier,2,2,1,Perro3,D,Nada,-,1568831204811,,D,0
86423-32256,864237546831637,terrier,2,3,1,Perro4,B,Nada,No,1568831230745,1568831246466.0,D,1
86423-32256,864237546831637,terrier,2,3,2,Perro3,D,Nada,No,1568831235625,1568831251256.0,B,1
86423-32256,864237546831637,terrier,2,3,3,Perro2,C,Nada,No,1568831239388,1568831254610.0,B,1
86423-32256,864237546831637,terrier,2,3,4,Perro1,D,Nada,No,1568831242664,1568831258440.0,B,1
86423-32256,864237546831637,terrier,2,3,5,Perro4,D,Nada,Si,1568831255200,1568831262368.0,D,1
86423-32256,864237546831637,terrier,2,3,6,Perro3,B,Nada,-,1568831261208,,B,0
86423-32256,864237546831637,terrier,2,4,1,Perro1,D,Nada,-,1568831306673,,D,0
86423-32256,864237546831637,terrier,2,5,1,Perro4,D,Nada,-,1568831343785,,D,0
86423-32256,864237546831637,terrier,2,7,1,Perro3,D,Nada,-,1568831420400,,D,0
86423-32256,864237546831637,terrier,2,10,1,Perro2,D,Nada,-,1568831502873,,B,0
86423-32256,864237546831637,terrier,2,10,2,Perro3,B,D,-,1568831510344,,D,0
86423-32256,864237546831637,terrier,2,10,3,Perro2,B,Nada,-,1568831514121,,B,0
86423-32256,864237546831637,terrier,2,12,1,Perro5,D,Nada,-,1568831558913,,D,0
13364-56585,133644391566106,terrier,2,1,1,Perro1,D,Nada,Si,1568831127779,1568831138377.0,,0
13364-56585,56585762474570,hound,2,1,1,Perro2,A,Nada,Si,1568831130140,1568831136057.0,,0
13364-56585,56585762474570,hound,2,1,2,Perro3,C,Nada,No,1568831147103,1568831153856.0,,1
13364-56585,133644391566106,terrier,2,1,2,Perro5,C,Nada,No,1568831158329,1568831167632.0,,1
13364-56585,133644391566106,terrier,2,1,3,Perro5,B,Nada,No,1568831171480,1568831181968.0,,1
13364-56585,56585762474570,hound,2,1,3,Perro3,C,Nada,No,1568831175799,1568831181777.0,,1
13364-56585,133644391566106,terrier,2,1,4,Perro5,D,B,-,1568831189888,,,0
13364-56585,56585762474570,hound,2,1,4,Perro3,A,Nada,-,1568831194048,,,0
13364-56585,133644391566106,terrier,2,1,5,Perro5,D,B,-,1568831197128,,,0
13364-56585,56585762474570,hound,2,2,1,Perro3,A,Nada,No,1568831214465,1568831230668.0,C,1
13364-56585,133644391566106,terrier,2,2,1,Perro4,B,Nada,No,1568831236914,1568831241481.0,D,1
13364-56585,133644391566106,terrier,2,2,2,Perro1,D,Nada,No,1568831244746,1568831251009.0,B,1
13364-56585,133644391566106,terrier,2,2,3,Perro4,C,Nada,No,1568831250144,1568831255464.0,D,1
13364-56585,56585762474570,hound,2,2,2,Perro5,A,A,No,1568831260617,1568831268337.0,C,1
13364-56585,133644391566106,terrier,2,2,4,Perro4,B,Nada,No,1568831262761,1568831268712.0,D,1
13364-56585,133644391566106,terrier,2,3,1,Perro4,B,Nada,No se,1568831326329,1568831340697.0,D,0
13364-56585,56585762474570,hound,2,3,1,Perro2,C,C,No,1568831329021,1568831333768.0,A,1
13364-56585,133644391566106,terrier,2,3,2,Perro1,D,Nada,No,1568831329352,1568831350633.0,D,0
13364-56585,133644391566106,terrier,2,3,3,Perro4,D,Nada,Si,1568831340089,1568831355441.0,D,1
13364-56585,56585762474570,hound,2,3,2,Perro2,A,A,Si,1568831345713,1568831352280.0,A,1
13364-56585,56585762474570,hound,2,3,3,Perro3,C,C,Si,1568831361361,1568831380208.0,C,1
13364-56585,56585762474570,hound,2,3,4,Perro3,C,C,Si,1568831375952,1568831383232.0,C,1
13364-56585,56585762474570,hound,2,4,1,Perro5,A,Nada,Si,1568831413058,1568831428665.0,A,1
13364-56585,56585762474570,hound,2,4,2,Perro3,C,Nada,Si,1568831417554,1568831431608.0,C,1
13364-56585,56585762474570,hound,2,4,3,Perro1,C,Nada,Si,1568831421249,1568831435233.0,C,1
13364-56585,133644391566106,terrier,2,4,1,Perro2,D,D,Si,1568831438057,1568831452649.0,D,1
13364-56585,133644391566106,terrier,2,4,2,Perro4,B,B,No se,1568831443088,1568831462235.0,B,0
13364-56585,133644391566106,terrier,2,4,3,Perro2,D,D,-,1568831450720,,D,0
13364-56585,133644391566106,terrier,2,5,1,Perro3,B,B,No,1568831482576,1568831492994.0,D,1
13364-56585,56585762474570,hound,2,5,1,Perro5,A,Nada,Si,1568831488126,1568831494193.0,A,1
13364-56585,133644391566106,terrier,2,5,2,Perro3,D,B,Si,1568831500360,1568831505532.0,D,1
13364-56585,133644391566106,terrier,2,6,1,Perro5,D,D,No,1568831536168,1568831547483.0,B,1
13364-56585,56585762474570,hound,2,6,1,Perro2,C,Nada,Si,1568831536467,1568831541656.0,C,1
13364-56585,133644391566106,terrier,2,6,2,Perro3,D,Nada,Si,1568831538289,1568831560955.0,D,1
13364-56585,56585762474570,hound,2,6,2,Perro4,A,Nada,Si,1568831539707,1568831547161.0,A,1
13364-56585,133644391566106,terrier,2,6,3,Perro5,B,D,Si,1568831553448,1568831564594.0,B,1
13364-56585,133644391566106,terrier,2,6,4,Perro1,D,Nada,No,1568831558433,1568831568843.0,B,1
13364-56585,56585762474570,hound,2,7,1,Perro4,A,Nada,Si,1568831592668,1568831600249.0,A,1
13364-56585,56585762474570,hound,2,7,2,Perro2,A,Nada,Si,1568831599324,1568831603625.0,A,1
13364-56585,133644391566106,terrier,2,7,1,Perro3,B,Nada,No,1568831606696,1568831619516.0,D,1
13364-56585,133644391566106,terrier,2,7,2,Perro5,D,Nada,Si,1568831608482,1568831623555.0,D,1
13364-56585,133644391566106,terrier,2,7,3,Perro5,B,B,No,1568831619138,1568831626939.0,D,1
13364-56585,133644391566106,terrier,2,8,1,Perro2,D,D,No,1568831651144,1568831662396.0,B,1
13364-56585,133644391566106,terrier,2,8,2,Perro3,B,Nada,Si,1568831652856,1568831670556.0,B,1
13364-56585,133644391566106,terrier,2,8,3,Perro4,D,Nada,Si,1568831656320,1568831674556.0,D,1
13364-56585,56585762474570,hound,2,8,1,Perro1,A,Nada,Si,1568831657972,1568831669488.0,A,1
13364-56585,133644391566106,terrier,2,8,4,Perro5,B,Nada,Si,1568831659048,1568831677684.0,B,1
13364-56585,133644391566106,terrier,2,9,1,Perro1,B,B,No,1568831701041,1568831710974.0,D,1
13364-56585,133644391566106,terrier,2,9,2,Perro2,D,Nada,No,1568831704585,1568831714366.0,B,1
13364-56585,56585762474570,hound,2,9,1,Perro3,C,Nada,Si,1568831707564,1568831731249.0,C,1
13364-56585,133644391566106,terrier,2,9,3,Perro4,D,D,No,1568831726149,1568831730085.0,B,1
13364-56585,133644391566106,terrier,2,10,1,Perro1,D,Nada,No,1568831752665,1568831763333.0,B,1
13364-56585,56585762474570,hound,2,10,1,Perro3,A,Nada,Si,1568831758966,1568831762345.0,A,1
13364-56585,133644391566106,terrier,2,10,2,Perro2,B,Nada,No,1568831765472,1568831773325.0,D,1
13364-56585,133644391566106,terrier,2,10,3,Perro2,B,Nada,No,1568831771825,1568831777391.0,D,1
13364-56585,133644391566106,terrier,2,10,4,Perro4,B,Nada,Si,1568831777409,1568831782301.0,B,1
13364-56585,133644391566106,terrier,2,10,5,Perro5,D,Nada,No,1568831793152,1568831797342.0,B,1
13364-56585,133644391566106,terrier,2,11,1,Perro1,B,B,No,1568831813586,1568831850848.0,D,1
13364-56585,56585762474570,hound,2,11,1,Perro5,C,Nada,Si,1568831825581,1568831832672.0,C,1
13364-56585,56585762474570,hound,2,11,2,Perro3,A,Nada,No,1568831827718,1568831836816.0,A,0
13364-56585,133644391566106,terrier,2,11,2,Perro1,B,B,No,1568831828872,1568831860398.0,D,1
13364-56585,133644391566106,terrier,2,11,3,Perro1,B,B,No,1568831842129,1568831865638.0,D,1
13364-56585,56585762474570,hound,2,11,3,Perro3,C,Nada,Si,1568831845783,1568831849576.0,A,0
13364-56585,133644391566106,terrier,2,12,1,Perro1,D,D,No,1568831884408,1568831892582.0,B,1
13364-56585,56585762474570,hound,2,12,1,Perro2,C,Nada,Si,1568831889279,1568831910873.0,C,1
13364-56585,133644391566106,terrier,2,12,2,Perro3,B,B,No,1568831891136,1568831896361.0,D,1
13364-56585,133644391566106,terrier,2,12,3,Perro4,B,Nada,No,1568831893058,1568831901215.0,D,1
13364-56585,56585762474570,hound,2,12,2,Perro2,C,Nada,Si,1568831905039,1568831913841.0,C,1
13364-56585,133644391566106,terrier,2,12,4,Perro5,B,Nada,Si,1568831907809,1568831916623.0,B,1
13364-56585,133644391566106,terrier,2,12,5,Perro5,D,Nada,No se,1568831916288,1568831925935.0,B,0
13364-56585,133644391566106,terrier,2,13,1,Perro1,B,Nada,Si,1568831935960,1568831951630.0,B,1
13364-56585,133644391566106,terrier,2,13,2,Perro2,D,Nada,No,1568831938369,1568831957271.0,B,1
13364-56585,133644391566106,terrier,2,13,3,Perro3,B,B,No,1568831944929,1568831960535.0,D,1
13364-56585,133644391566106,terrier,2,13,4,Perro4,B,B,Si,1568831948433,1568831963607.0,D,0
13364-56585,133644391566106,terrier,2,13,5,Perro5,D,Nada,No,1568831950096,1568831969159.0,B,1
13364-56585,133644391566106,terrier,2,13,6,Perro5,D,D,No,1568831959025,1568831972952.0,B,1
13364-56585,133644391566106,terrier,2,14,1,Perro5,D,Nada,No,1568832001969,1568832008815.0,B,1
13364-56585,56585762474570,hound,2,14,1,Perro3,C,Nada,No,1568832002183,1568832010818.0,A,1
13364-56585,56585762474570,hound,2,14,2,Perro4,A,Nada,Si,1568832004449,1568832020505.0,A,1
13364-56585,133644391566106,terrier,2,14,2,Perro2,B,B,Si,1568832007097,1568832021000.0,B,1
13364-56585,56585762474570,hound,2,14,3,Perro3,A,Nada,Si,1568832017056,1568832024441.0,A,1
13364-56585,133644391566106,terrier,2,14,3,Perro1,D,D,No,1568832028936,1568832035681.0,B,1
13364-56585,133644391566106,terrier,2,14,4,Perro1,D,D,No,1568832031889,1568832041199.0,B,1
13364-56585,133644391566106,terrier,2,14,5,Perro2,B,B,Si,1568832036417,1568832045160.0,B,1
13364-56585,133644391566106,terrier,2,14,6,Perro2,C,B,No se,1568832042497,1568832051192.0,B,0
13364-56585,56585762474570,hound,2,15,1,Perro5,C,Nada,Si,1568832063041,1568832076641.0,C,1
13364-56585,56585762474570,hound,2,15,2,Perro3,C,Nada,Si,1568832064848,1568832079313.0,C,1
13364-56585,56585762474570,hound,2,15,3,Perro2,A,Nada,Si,1568832066576,1568832082616.0,A,1
13364-56585,133644391566106,terrier,2,15,1,Perro4,B,B,No,1568832067721,1568832091416.0,D,1
13364-56585,56585762474570,hound,2,15,4,Perro1,A,Nada,No,1568832069856,1568832085921.0,C,1
13364-56585,133644391566106,terrier,2,15,2,Perro4,B,B,-,1568832088113,,D,0
13364-56585,133644391566106,terrier,2,16,1,Perro3,B,B,No,1568832131649,1568832138449.0,D,1
13364-56585,56585762474570,hound,2,16,1,Perro1,C,Nada,Si,1568832134660,1568832138962.0,C,1
13364-56585,133644391566106,terrier,2,16,2,Perro4,D,D,No,1568832135569,1568832144176.0,B,1
13364-56585,133644391566106,terrier,2,16,3,Perro5,D,Nada,Si,1568832154233,1568832157729.0,D,1
13364-56585,133644391566106,terrier,2,16,4,Perro5,D,D,-,1568832157921,,D,0
13364-56585,133644391566106,terrier,2,17,1,Perro1,D,D,Si,1568832172793,1568832184569.0,D,1
13364-56585,133644391566106,terrier,2,17,2,Perro2,D,D,No,1568832174831,1568832187776.0,B,1
13364-56585,133644391566106,terrier,2,17,3,Perro3,B,B,Si,1568832179049,1568832190729.0,B,1
13364-56585,133644391566106,terrier,2,17,4,Perro5,D,D,Si,1568832188546,1568832194065.0,D,1
13364-56585,133644391566106,terrier,2,18,1,Perro1,D,D,Si,1568832209178,1568832220283.0,D,1
13364-56585,56585762474570,hound,2,18,1,Perro3,A,Nada,Si,1568832214210,1568832225065.0,A,1
13364-56585,56585762474570,hound,2,18,2,Perro2,A,Nada,Si,1568832216625,1568832227641.0,A,1
13364-56585,133644391566106,terrier,2,18,2,Perro4,D,D,No,1568832216673,1568832236924.0,B,1
13364-56585,133644391566106,terrier,2,18,3,Perro5,B,B,No,1568832220338,1568832243202.0,B,0
13364-56585,133644391566106,terrier,2,18,4,Perro4,D,D,No,1568832230641,1568832247074.0,B,1
13364-56585,133644391566106,terrier,2,18,5,Perro5,B,B,Si,1568832235008,1568832250546.0,B,1
13364-56585,133644391566106,terrier,2,18,6,Perro5,B,B,Si,1568832260785,1568832264633.0,B,1
13364-56585,133644391566106,terrier,2,19,1,Perro4,D,D,No,1568832284192,1568832294018.0,B,1
13364-56585,56585762474570,hound,2,19,1,Perro3,A,Nada,Si,1568832287842,1568832291905.0,A,1
13364-56585,133644391566106,terrier,2,19,2,Perro5,B,B,No,1568832288425,1568832298226.0,D,1
13364-56585,133644391566106,terrier,2,19,3,Perro4,B,B,Si,1568832306033,1568832309466.0,B,1
13364-56585,133644391566106,terrier,2,20,1,Perro3,B,B,No,1568832329129,1568832336299.0,D,1
13364-56585,56585762474570,hound,2,20,1,Perro2,A,A,Si,1568832329164,1568832337704.0,A,1
13364-56585,56585762474570,hound,2,20,2,Perro4,C,Nada,Si,1568832330875,1568832351729.0,C,1
13364-56585,133644391566106,terrier,2,20,2,Perro1,D,Nada,No,1568832331473,1568832343492.0,B,1
13364-56585,56585762474570,hound,2,20,3,Perro5,C,Nada,Si,1568832332531,1568832354128.0,C,1
13364-56585,133644391566106,terrier,2,20,3,Perro1,B,B,Si,1568832356784,1568832366402.0,B,1
13364-56585,133644391566106,terrier,2,20,4,Perro3,D,D,Si,1568832360657,1568832369491.0,D,1
13364-56585,133644391566106,terrier,2,21,1,Perro1,B,Nada,Si,1568832383940,1568832395682.0,B,1
13364-56585,56585762474570,hound,2,21,1,Perro2,C,Nada,Si,1568832387291,1568832416881.0,C,1
13364-56585,56585762474570,hound,2,21,2,Perro3,C,Nada,Si,1568832389195,1568832419409.0,C,1
13364-56585,133644391566106,terrier,2,21,2,Perro4,D,Nada,No,1568832393873,1568832403779.0,B,1
13364-56585,56585762474570,hound,2,21,3,Perro2,C,Nada,Si,1568832411971,1568832423001.0,C,1
13364-56585,133644391566106,terrier,2,21,3,Perro4,B,B,Si,1568832413914,1568832418964.0,B,1
13364-56585,133644391566106,terrier,2,22,1,Perro3,B,B,Si,1568832444273,1568832452643.0,B,1
13364-56585,133644391566106,terrier,2,22,2,Perro4,B,B,No,1568832447234,1568832456684.0,D,1
13364-56585,56585762474570,hound,2,22,1,Perro2,C,Nada,Si,1568832449129,1568832453017.0,C,1
13364-56585,133644391566106,terrier,2,22,3,Perro5,D,D,No,1568832450608,1568832461852.0,B,1
13364-56585,133644391566106,terrier,2,22,4,Perro4,B,B,No,1568832456443,1568832467403.0,D,1
13364-56585,133644391566106,terrier,2,23,1,Perro2,B,B,No,1568832488243,1568832498268.0,D,1
13364-56585,133644391566106,terrier,2,23,2,Perro3,D,Nada,Si,1568832490577,1568832501252.0,D,1
13364-56585,133644391566106,terrier,2,23,3,Perro4,D,Nada,Si,1568832492201,1568832504380.0,D,1
13364-56585,133644391566106,terrier,2,23,4,Perro5,D,Nada,No,1568832493872,1568832506958.0,B,1
13364-56585,56585762474570,hound,2,24,1,Perro2,A,Nada,Si,1568832530293,1568832534169.0,A,1
13364-56585,56585762474570,hound,2,24,2,Perro4,A,Nada,Si,1568832534412,1568832545185.0,A,1
13364-56585,133644391566106,terrier,2,24,1,Perro1,B,Nada,No,1568832539634,1568832551292.0,D,1
13364-56585,133644391566106,terrier,2,24,2,Perro5,D,Nada,Si,1568832541553,1568832555197.0,D,1
13364-56585,56585762474570,hound,2,24,3,Perro3,A,A,Si,1568832547989,1568832552065.0,A,1
13364-56585,133644391566106,terrier,2,25,1,Perro1,B,Nada,No,1568832583601,1568832594037.0,D,1
13364-56585,133644391566106,terrier,2,25,2,Perro2,B,Nada,Si,1568832585281,1568832606269.0,B,1
13364-56585,133644391566106,terrier,2,25,3,Perro3,B,Nada,Si,1568832587186,1568832610262.0,B,1
13364-56585,56585762474570,hound,2,25,1,Perro5,C,Nada,No,1568832588581,1568832594289.0,A,1
13364-56585,133644391566106,terrier,2,25,4,Perro4,B,Nada,No,1568832589145,1568832616718.0,D,1
13364-56585,56585762474570,hound,2,25,2,Perro5,A,Nada,Si,1568832601429,1568832605626.0,A,1
32111-69609,696092780970702,terrier,2,1,1,Perro3,B,B,Si,1568831376445,1568831384699.0,B,1
32111-69609,32111755046981,hound,2,1,1,Perro1,C,C,No,1568831390480,1568831402171.0,A,1
32111-69609,32111755046981,hound,2,2,1,Perro2,A,A,No,1568831461496,1568831467534.0,C,1
32111-69609,696092780970702,terrier,2,2,1,Perro4,A,Nada,No,1568831483163,1568831490408.0,B,1
32111-69609,32111755046981,hound,2,2,2,Perro3,A,C,Si,1568831485081,1568831500301.0,A,1
32111-69609,32111755046981,hound,2,6,1,Perro3,C,C,Si,1568831739742,1568831745885.0,C,1
32111-69609,32111755046981,hound,2,12,1,Perro4,B,B,No se,1568832023339,1568832034590.0,D,0
32111-69609,32111755046981,hound,2,12,2,Perro4,B,B,Si,1568832027443,1568832040620.0,D,0
32111-69609,32111755046981,hound,2,19,1,Perro5,C,C,Si,1568832308526,1568832314579.0,C,1
32111-69609,32111755046981,hound,2,22,1,Perro5,C,C,-,1568832439089,,A,0
32111-69609,696092780970702,terrier,2,24,1,Perro5,B,B,Si,1568832528888,1568832536070.0,B,1
76562-84503,765625247183286,hound,2,1,1,Perro1,D,Nada,No,1568831407515,1568831414877.0,C,1
76562-84503,845030447613389,terrier,2,1,1,Perro2,B,B,-,1568831418540,,D,0
76562-84503,845030447613389,terrier,2,1,2,Perro3,D,D,-,1568831436513,,D,0
76562-84503,845030447613389,terrier,2,2,1,Perro3,B,B,Si,1568831522729,1568831533035.0,D,0
76562-84503,845030447613389,terrier,2,2,2,Perro4,D,D,-,1568831538414,,D,0
28141-21409,281417746344637,hound,2,1,1,Perro1,A,Nada,No,1568831679567,1568831697109.0,,1
28141-21409,281417746344637,hound,2,1,2,Perro1,C,C,Si,1568831718788,1568831724461.0,,0
28141-21409,21409433577947,terrier,2,1,1,Perro3,D,D,No,1568831718911,1568831728458.0,,1
28141-21409,21409433577947,terrier,2,1,2,Perro2,A,A,-,1568831738878,,,0
28141-21409,281417746344637,hound,2,2,1,Perro3,C,C,No,1568831774783,1568831784365.0,A,1
28141-21409,21409433577947,terrier,2,2,1,Perro1,B,B,No,1568831778841,1568831784116.0,D,1
28141-21409,21409433577947,terrier,2,2,2,Perro1,C,C,No,1568831801012,1568831810917.0,D,1
28141-21409,21409433577947,terrier,2,2,3,Perro2,B,B,No,1568831808109,1568831831466.0,D,1
28141-21409,21409433577947,terrier,2,2,4,Perro1,A,A,No,1568831822277,1568831837890.0,D,1
28141-21409,281417746344637,hound,2,3,1,Perro1,C,C,No,1568831881854,1568831889311.0,A,1
28141-21409,21409433577947,terrier,2,3,1,Perro2,D,D,No,1568831891917,1568831897963.0,B,1
28141-21409,21409433577947,terrier,2,3,2,Perro2,B,B,Si,1568831905517,1568831913579.0,B,1
28141-21409,281417746344637,hound,2,3,2,Perro1,A,A,Si,1568831905572,1568831913004.0,A,1
28141-21409,281417746344637,hound,2,3,3,Perro3,A,A,-,1568831926410,,A,0
28141-21409,281417746344637,hound,2,4,1,Perro1,A,A,Si,1568831970091,1568831977910.0,A,1
28141-21409,21409433577947,terrier,2,4,1,Perro4,C,C,No,1568831981644,1568831987315.0,B,1
28141-21409,21409433577947,terrier,2,4,2,Perro4,B,B,Si,1568831999748,1568832004916.0,B,1
28141-21409,21409433577947,terrier,2,5,1,Perro2,B,B,No,1568832050428,1568832056683.0,D,1
28141-21409,281417746344637,hound,2,5,1,Perro4,A,C,No,1568832062834,1568832071181.0,C,1
28141-21409,21409433577947,terrier,2,5,2,Perro2,C,C,No,1568832074533,1568832083516.0,D,1
28141-21409,281417746344637,hound,2,5,2,Perro1,C,A,No,1568832094813,1568832100908.0,A,1
28141-21409,21409433577947,terrier,2,5,3,Perro2,A,A,No,1568832095740,1568832106772.0,D,1
28141-21409,21409433577947,terrier,2,6,1,Perro1,D,D,No,1568832148063,1568832157083.0,B,1
28141-21409,21409433577947,terrier,2,6,2,Perro1,C,C,No,1568832170157,1568832175091.0,B,1
28141-21409,281417746344637,hound,2,6,1,Perro2,C,C,No,1568832179787,1568832186195.0,C,0
28141-21409,21409433577947,terrier,2,6,3,Perro1,B,B,Si,1568832196613,1568832203420.0,B,1
28141-21409,21409433577947,terrier,2,6,4,Perro5,B,B,-,1568832212516,,B,0
28141-21409,21409433577947,terrier,2,7,1,Perro4,C,C,No,1568832254268,1568832263735.0,D,1
28141-21409,281417746344637,hound,2,7,1,Perro1,C,C,No,1568832275828,1568832280796.0,C,0
28141-21409,21409433577947,terrier,2,7,2,Perro4,B,B,No,1568832275996,1568832280979.0,D,1
28141-21409,281417746344637,hound,2,7,2,Perro5,A,A,Si,1568832292678,1568832300205.0,A,1
28141-21409,21409433577947,terrier,2,7,3,Perro4,D,D,Si,1568832294972,1568832300043.0,D,1
28141-21409,21409433577947,terrier,2,8,1,Perro3,D,D,Si,1568832342643,1568832357873.0,D,1
28141-21409,21409433577947,terrier,2,8,2,Perro5,D,D,No,1568832362685,1568832371347.0,B,1
28141-21409,281417746344637,hound,2,8,1,Perro2,C,C,No,1568832365675,1568832371002.0,C,0
28141-21409,21409433577947,terrier,2,8,3,Perro5,B,B,Si,1568832382120,1568832387606.0,B,1
28141-21409,281417746344637,hound,2,8,2,Perro2,A,C,Si,1568832382210,1568832387667.0,C,0
28141-21409,21409433577947,terrier,2,8,4,Perro4,D,D,No,1568832393339,1568832406263.0,C,1
28141-21409,21409433577947,terrier,2,9,1,Perro2,B,B,Si,1568832452099,1568832456527.0,B,1
28141-21409,21409433577947,terrier,2,10,1,Perro5,B,B,Si,1568832488030,1568832502244.0,B,1
28141-21409,21409433577947,terrier,2,10,2,Perro4,A,A,Si,1568832507819,1568832520132.0,A,1
28141-21409,281417746344637,hound,2,10,1,Perro3,A,A,Si,1568832509572,1568832515828.0,A,1
28141-21409,21409433577947,terrier,2,10,3,Perro4,A,A,-,1568832519844,,A,0
28141-21409,21409433577947,terrier,2,11,1,Perro4,B,B,Si,1568832550332,1568832557318.0,B,1
28141-21409,21409433577947,terrier,2,11,2,Perro2,B,B,No,1568832562139,1568832573068.0,D,1
28141-21409,281417746344637,hound,2,11,1,Perro5,C,C,No,1568832566639,1568832575115.0,A,1
28141-21409,21409433577947,terrier,2,11,3,Perro2,C,C,No,1568832588812,1568832601501.0,D,1
28141-21409,281417746344637,hound,2,11,2,Perro1,C,C,No,1568832596993,1568832602011.0,A,1
28141-21409,21409433577947,terrier,2,12,1,Perro4,D,D,Si,1568832648607,1568832656240.0,D,1
28141-21409,21409433577947,terrier,2,12,2,Perro5,B,B,Si,1568832660836,1568832664789.0,B,1
28141-21409,21409433577947,terrier,2,12,3,Perro3,D,D,No,1568832669748,1568832674958.0,A,1
28141-21409,281417746344637,hound,2,13,1,Perro3,A,A,Si,1568832715126,1568832719916.0,C,0
28141-21409,21409433577947,terrier,2,13,1,Perro5,D,D,Si,1568832715989,1568832722878.0,D,1
28141-21409,21409433577947,terrier,2,13,2,Perro4,B,B,Si,1568832726092,1568832730175.0,B,1
28141-21409,21409433577947,terrier,2,14,1,Perro1,C,C,No,1568832769349,1568832781137.0,B,1
28141-21409,21409433577947,terrier,2,14,2,Perro2,C,C,No,1568832790189,1568832802830.0,B,1
28141-21409,21409433577947,terrier,2,15,1,Perro4,C,C,No,1568832846488,1568832856632.0,D,1
28141-21409,21409433577947,terrier,2,15,2,Perro4,B,B,No,1568832869219,1568832873614.0,D,1
28141-21409,21409433577947,terrier,2,16,1,Perro1,B,B,Si,1568832917208,1568832923631.0,B,1
28141-21409,281417746344637,hound,2,16,1,Perro2,A,A,Si,1568832926206,1568832931708.0,C,0
28141-21409,21409433577947,terrier,2,16,2,Perro3,C,C,No,1568832936678,1568832942079.0,D,1
28141-21409,281417746344637,hound,2,16,2,Perro4,A,A,No,1568832936830,1568832943628.0,C,1
28141-21409,21409433577947,terrier,2,16,3,Perro5,B,B,Si,1568832951381,1568832967752.0,B,1
28141-21409,281417746344637,hound,2,16,3,Perro4,C,C,No,1568832956345,1568832961292.0,C,0
28141-21409,21409433577947,terrier,2,17,1,Perro5,D,D,Si,1568833007566,1568833014471.0,D,1
28141-21409,281417746344637,hound,2,17,1,Perro3,A,C,Si,1568833009592,1568833015973.0,A,1
28141-21409,21409433577947,terrier,2,17,2,Perro1,B,B,Si,1568833023373,1568833028991.0,B,1
28141-21409,21409433577947,terrier,2,18,1,Perro4,D,D,Si,1568833069141,1568833087225.0,D,1
28141-21409,281417746344637,hound,2,18,1,Perro5,A,A,Si,1568833091023,1568833097573.0,A,1
28141-21409,21409433577947,terrier,2,18,2,Perro2,B,B,Si,1568833102141,1568833106879.0,B,1
28141-21409,21409433577947,terrier,2,19,1,Perro4,B,B,Si,1568833139389,1568833145319.0,B,1
28141-21409,281417746344637,hound,2,19,1,Perro5,A,A,Si,1568833141381,1568833148964.0,A,1
28141-21409,21409433577947,terrier,2,20,1,Perro5,B,B,Si,1568833181121,1568833185440.0,B,1
28141-21409,281417746344637,hound,2,20,1,Perro4,A,C,No,1568833187912,1568833192644.0,A,0
28141-21409,281417746344637,hound,2,20,2,Perro2,A,A,Si,1568833199376,1568833204789.0,A,1
28141-21409,21409433577947,terrier,2,21,1,Perro1,D,D,Si,1568833247285,1568833253881.0,D,1
28141-21409,281417746344637,hound,2,21,1,Perro2,A,A,Si,1568833248992,1568833257020.0,A,1
28141-21409,21409433577947,terrier,2,22,1,Perro3,D,D,Si,1568833288701,1568833299226.0,D,1
28141-21409,281417746344637,hound,2,22,1,Perro2,C,C,No,1568833304696,1568833310988.0,A,1
28141-21409,21409433577947,terrier,2,23,1,Perro5,D,D,No,1568833344189,1568833351065.0,B,1
28141-21409,21409433577947,terrier,2,23,2,Perro5,B,B,Si,1568833360972,1568833366048.0,B,1
28141-21409,21409433577947,terrier,2,23,3,Perro4,D,D,Si,1568833369541,1568833374425.0,D,1
28141-21409,21409433577947,terrier,2,24,1,Perro1,B,B,Si,1568833405484,1568833410170.0,B,1
28141-21409,281417746344637,hound,2,24,1,Perro2,C,C,No,1568833415609,1568833420804.0,A,1
28141-21409,281417746344637,hound,2,24,2,Perro2,A,C,Si,1568833431457,1568833436428.0,A,1
28141-21409,281417746344637,hound,2,24,3,Perro5,B,C,-,1568833456400,,C,0
28141-21409,21409433577947,terrier,2,25,1,Perro5,D,D,Si,1568833493709,1568833498513.0,D,1
28141-21409,281417746344637,hound,2,25,1,Perro3,A,A,No,1568833502538,1568833507236.0,C,1
28141-21409,21409433577947,terrier,2,25,2,Perro4,B,B,Si,1568833502916,1568833509217.0,B,1
28141-21409,21409433577947,terrier,2,25,3,Perro2,B,B,Si,1568833513469,1568833524673.0,B,1
28141-21409,281417746344637,hound,2,25,2,Perro3,C,A,No,1568833520385,1568833526005.0,C,0
94386-40237,402371639059063,terrier,2,1,1,Perro4,B,Nada,Si,1568831607323,1568831618525.0,B,1
94386-40237,943864992920336,hound,2,1,1,Perro3,A,Nada,Si,1568831611130,1568831639065.0,A,1
94386-40237,402371639059063,terrier,2,1,2,Perro2,B,Nada,No,1568831615412,1568831626765.0,D,1
94386-40237,402371639059063,terrier,2,1,3,Perro1,D,Nada,No,1568831618889,1568831632909.0,B,1
94386-40237,943864992920336,hound,2,1,2,Perro5,C,Nada,Si,1568831650134,1568831656685.0,C,1
94386-40237,402371639059063,terrier,2,2,1,Perro4,D,Nada,Si,1568831684381,1568831690369.0,D,1
94386-40237,402371639059063,terrier,2,2,2,Perro3,B,Nada,Si,1568831689490,1568831698398.0,B,1
94386-40237,402371639059063,terrier,2,2,3,Perro1,D,Nada,No,1568831693755,1568831702886.0,B,1
94386-40237,943864992920336,hound,2,2,1,Perro2,A,Nada,Si,1568831708951,1568831717029.0,A,1
94386-40237,943864992920336,hound,2,2,2,Perro5,C,Nada,No,1568831713462,1568831722993.0,A,1
94386-40237,943864992920336,hound,2,3,1,Perro3,A,A,No,1568831762225,1568831769186.0,C,1
94386-40237,402371639059063,terrier,2,3,1,Perro4,A,A,No se,1568831773971,1568831804768.0,A,0
94386-40237,943864992920336,hound,2,3,2,Perro1,A,Nada,No,1568831778759,1568831784865.0,C,1
94386-40237,943864992920336,hound,2,3,3,Perro5,C,Nada,-,1568831810055,,A,0
94386-40237,943864992920336,hound,2,4,1,Perro1,A,Nada,Si,1568831860330,1568831870332.0,A,1
94386-40237,402371639059063,terrier,2,4,1,Perro4,B,B,Si,1568831860700,1568831867477.0,B,1
94386-40237,402371639059063,terrier,2,4,2,Perro3,D,D,Si,1568831863711,1568831872127.0,D,1
94386-40237,943864992920336,hound,2,5,1,Perro1,C,C,No,1568831921876,1568831937076.0,A,1
94386-40237,943864992920336,hound,2,5,2,Perro3,A,A,Si,1568831925872,1568831950179.0,A,1
94386-40237,943864992920336,hound,2,5,3,Perro4,A,A,No,1568831927992,1568831954045.0,C,1
94386-40237,943864992920336,hound,2,5,4,Perro5,A,A,Si,1568831929895,1568831957707.0,A,1
94386-40237,402371639059063,terrier,2,5,1,Perro2,D,D,No,1568831932884,1568831937833.0,B,1
94386-40237,943864992920336,hound,2,6,1,Perro3,C,Nada,Si,1568832005180,1568832025943.0,C,1
94386-40237,402371639059063,terrier,2,6,1,Perro1,D,D,No,1568832006309,1568832013544.0,B,1
94386-40237,943864992920336,hound,2,6,2,Perro4,C,Nada,Si,1568832006919,1568832038014.0,C,1
94386-40237,402371639059063,terrier,2,6,2,Perro5,D,D,No,1568832010870,1568832020018.0,B,1
94386-40237,402371639059063,terrier,2,6,3,Perro2,D,B,No,1568832034327,1568832045292.0,B,1
94386-40237,943864992920336,hound,2,7,1,Perro1,C,C,No se,1568832083278,1568832089557.0,C,0
94386-40237,943864992920336,hound,2,7,2,Perro2,C,C,Si,1568832085465,1568832093349.0,C,1
94386-40237,943864992920336,hound,2,7,3,Perro3,C,C,Si,1568832088482,1568832097956.0,C,1
94386-40237,943864992920336,hound,2,7,4,Perro4,C,C,Si,1568832092129,1568832101309.0,C,1
94386-40237,943864992920336,hound,2,7,5,Perro5,C,Nada,Si,1568832095153,1568832104774.0,C,1
94386-40237,402371639059063,terrier,2,7,1,Perro1,A,A,No se,1568832109542,1568832118497.0,C,0
94386-40237,402371639059063,terrier,2,8,1,Perro3,D,Nada,Si,1568832146176,1568832155754.0,D,1
94386-40237,402371639059063,terrier,2,8,2,Perro2,B,Nada,Si,1568832152231,1568832159322.0,B,1
94386-40237,402371639059063,terrier,2,8,3,Perro1,B,Nada,Si,1568832154452,1568832163234.0,B,1
94386-40237,402371639059063,terrier,2,8,4,Perro4,B,Nada,Si,1568832156556,1568832166601.0,B,1
94386-40237,943864992920336,hound,2,8,1,Perro5,A,A,No,1568832169961,1568832182543.0,C,1
94386-40237,943864992920336,hound,2,9,1,Perro1,A,Nada,Si,1568832208139,1568832219406.0,A,1
94386-40237,943864992920336,hound,2,9,2,Perro2,A,Nada,Si,1568832210225,1568832223294.0,A,1
94386-40237,943864992920336,hound,2,9,3,Perro3,A,Nada,No,1568832212644,1568832227918.0,C,1
94386-40237,402371639059063,terrier,2,9,1,Perro4,D,Nada,Si,1568832214362,1568832235938.0,D,1
94386-40237,943864992920336,hound,2,9,4,Perro5,A,Nada,Si,1568832219986,1568832231112.0,A,1
94386-40237,402371639059063,terrier,2,10,1,Perro3,D,Nada,No,1568832258277,1568832292747.0,B,1
94386-40237,402371639059063,terrier,2,10,2,Perro2,B,Nada,Si,1568832260731,1568832297076.0,B,1
94386-40237,943864992920336,hound,2,10,1,Perro1,A,Nada,No,1568832266999,1568832272469.0,C,1
94386-40237,943864992920336,hound,2,10,2,Perro4,C,Nada,Si,1568832272338,1568832276607.0,C,1
94386-40237,943864992920336,hound,2,10,3,Perro5,C,C,Si,1568832299955,1568832311841.0,C,1
94386-40237,402371639059063,terrier,2,11,1,Perro2,B,Nada,Si,1568832332480,1568832361044.0,D,0
94386-40237,402371639059063,terrier,2,11,2,Perro1,D,Nada,Si,1568832335494,1568832365772.0,D,1
94386-40237,943864992920336,hound,2,11,1,Perro4,A,Nada,Si,1568832342871,1568832347849.0,A,1
94386-40237,943864992920336,hound,2,11,2,Perro5,A,Nada,No,1568832347180,1568832353885.0,C,1
94386-40237,402371639059063,terrier,2,12,1,Perro2,B,Nada,No,1568832415582,1568832421903.0,D,1
94386-40237,402371639059063,terrier,2,12,2,Perro1,D,Nada,Si,1568832417633,1568832426412.0,D,1
94386-40237,943864992920336,hound,2,12,1,Perro3,A,A,Si,1568832428261,1568832439239.0,A,1
94386-40237,943864992920336,hound,2,12,2,Perro4,A,A,Si,1568832429931,1568832442734.0,A,1
94386-40237,943864992920336,hound,2,12,3,Perro5,A,A,Si,1568832431957,1568832445446.0,A,1
94386-40237,943864992920336,hound,2,13,1,Perro2,C,Nada,Si,1568832468759,1568832475367.0,C,1
94386-40237,402371639059063,terrier,2,13,1,Perro5,B,Nada,Si,1568832470744,1568832496533.0,B,1
94386-40237,943864992920336,hound,2,13,2,Perro3,C,Nada,No,1568832471485,1568832479779.0,A,1
94386-40237,943864992920336,hound,2,13,3,Perro4,A,Nada,No,1568832474492,1568832484272.0,C,1
94386-40237,943864992920336,hound,2,13,4,Perro1,C,C,Si,1568832498764,1568832509206.0,C,1
94386-40237,402371639059063,terrier,2,14,1,Perro4,D,Nada,Si,1568832530505,1568832545933.0,D,1
94386-40237,402371639059063,terrier,2,14,2,Perro5,D,Nada,Si,1568832532088,1568832551669.0,D,1
94386-40237,402371639059063,terrier,2,14,3,Perro3,B,Nada,Si,1568832534209,1568832556445.0,B,1
94386-40237,943864992920336,hound,2,14,1,Perro1,A,A,Si,1568832539777,1568832543809.0,A,1
94386-40237,943864992920336,hound,2,14,2,Perro2,C,C,Si,1568832541685,1568832569052.0,C,1
94386-40237,943864992920336,hound,2,14,3,Perro2,C,C,Si,1568832561558,1568832573873.0,C,1
94386-40237,402371639059063,terrier,2,15,1,Perro1,D,Nada,Si,1568832586184,1568832601230.0,D,1
94386-40237,402371639059063,terrier,2,15,2,Perro2,D,Nada,Si,1568832588562,1568832611223.0,D,1
94386-40237,402371639059063,terrier,2,15,3,Perro5,B,Nada,Si,1568832591576,1568832627302.0,B,1
94386-40237,943864992920336,hound,2,15,1,Perro3,C,C,No,1568832604470,1568832614693.0,A,1
94386-40237,402371639059063,terrier,2,16,1,Perro1,B,Nada,Si,1568832645849,1568832671751.0,D,0
94386-40237,402371639059063,terrier,2,16,2,Perro2,B,Nada,Si,1568832647954,1568832675895.0,B,1
94386-40237,943864992920336,hound,2,16,1,Perro3,C,C,Si,1568832662647,1568832668273.0,C,1
94386-40237,943864992920336,hound,2,16,2,Perro4,A,A,Si,1568832664783,1568832672065.0,A,1
94386-40237,943864992920336,hound,2,16,3,Perro5,C,C,No,1568832667302,1568832678305.0,A,1
94386-40237,402371639059063,terrier,2,17,1,Perro1,D,Nada,No,1568832697817,1568832721584.0,B,1
94386-40237,943864992920336,hound,2,17,1,Perro2,C,C,Si,1568832711467,1568832733545.0,C,1
94386-40237,943864992920336,hound,2,17,2,Perro3,A,A,No,1568832713279,1568832736514.0,C,1
94386-40237,943864992920336,hound,2,17,3,Perro4,A,A,Si,1568832714759,1568832740578.0,A,1
94386-40237,943864992920336,hound,2,17,4,Perro5,A,A,Si,1568832716231,1568832743361.0,A,1
94386-40237,402371639059063,terrier,2,18,1,Perro5,B,Nada,Si,1568832763515,1568832774800.0,B,1
94386-40237,943864992920336,hound,2,18,1,Perro1,A,A,No,1568832767693,1568832786702.0,C,1
94386-40237,943864992920336,hound,2,18,2,Perro2,A,A,Si,1568832769072,1568832790562.0,A,1
94386-40237,943864992920336,hound,2,18,3,Perro3,A,A,Si,1568832770599,1568832793795.0,A,1
94386-40237,943864992920336,hound,2,18,4,Perro4,A,A,Si,1568832772225,1568832796331.0,A,1
94386-40237,402371639059063,terrier,2,19,1,Perro1,B,Nada,Si,1568832808604,1568832822809.0,B,1
94386-40237,402371639059063,terrier,2,19,2,Perro4,B,Nada,No,1568832811203,1568832827881.0,D,1
94386-40237,943864992920336,hound,2,19,1,Perro2,A,A,No,1568832816124,1568832823381.0,C,1
94386-40237,943864992920336,hound,2,19,2,Perro3,A,A,Si,1568832817721,1568832841541.0,A,1
94386-40237,943864992920336,hound,2,19,3,Perro5,A,A,No,1568832819305,1568832844491.0,C,1
94386-40237,402371639059063,terrier,2,20,1,Perro2,D,Nada,Si,1568832864634,1568832885057.0,D,1
94386-40237,402371639059063,terrier,2,20,2,Perro3,B,Nada,Si,1568832867789,1568832889475.0,B,1
94386-40237,402371639059063,terrier,2,20,3,Perro4,C,Nada,Si,1568832876628,1568832897842.0,C,1
94386-40237,943864992920336,hound,2,20,1,Perro4,C,C,No se,1568832877862,1568832892146.0,C,0
94386-40237,943864992920336,hound,2,20,2,Perro5,C,C,Si,1568832879467,1568832905701.0,C,1
94386-40237,943864992920336,hound,2,20,3,Perro1,C,C,Si,1568832901675,1568832910294.0,C,1
94386-40237,402371639059063,terrier,2,21,1,Perro3,B,Nada,Si,1568832923836,1568832946244.0,B,1
94386-40237,402371639059063,terrier,2,21,2,Perro5,B,Nada,Si,1568832925811,1568832959202.0,B,1
94386-40237,943864992920336,hound,2,21,1,Perro1,A,A,Si,1568832938775,1568832942820.0,A,1
94386-40237,943864992920336,hound,2,21,2,Perro2,C,C,No,1568832941274,1568832946631.0,A,1
94386-40237,402371639059063,terrier,2,22,1,Perro1,D,Nada,Si,1568832972517,1568832992995.0,D,1
94386-40237,943864992920336,hound,2,22,1,Perro2,C,C,Si,1568832982131,1568832989811.0,C,1
94386-40237,943864992920336,hound,2,22,2,Perro3,C,C,No,1568832984331,1568832992565.0,A,1
94386-40237,943864992920336,hound,2,22,3,Perro4,A,A,Si,1568832985804,1568832996852.0,A,1
94386-40237,943864992920336,hound,2,22,4,Perro5,C,C,Si,1568832987339,1568833002365.0,C,1
94386-40237,402371639059063,terrier,2,23,1,Perro1,D,Nada,Si,1568833020869,1568833037827.0,D,1
94386-40237,402371639059063,terrier,2,23,2,Perro2,B,Nada,No,1568833022934,1568833049483.0,D,1
94386-40237,402371639059063,terrier,2,23,3,Perro5,B,Nada,Si,1568833028749,1568833055963.0,B,1
94386-40237,943864992920336,hound,2,23,1,Perro3,A,A,Si,1568833032551,1568833041192.0,A,1
94386-40237,943864992920336,hound,2,23,2,Perro4,A,A,-,1568833034812,,A,0
94386-40237,402371639059063,terrier,2,24,1,Perro2,D,D,Si,1568833077710,1568833094236.0,D,1
94386-40237,402371639059063,terrier,2,24,2,Perro4,B,Nada,Si,1568833083429,1568833098820.0,B,1
94386-40237,943864992920336,hound,2,24,1,Perro1,C,C,Si,1568833086600,1568833092574.0,C,1
94386-40237,943864992920336,hound,2,24,2,Perro3,A,A,Si,1568833088379,1568833097852.0,A,1
94386-40237,943864992920336,hound,2,24,3,Perro5,C,C,Si,1568833091148,1568833104830.0,C,1
94386-40237,402371639059063,terrier,2,25,1,Perro1,B,Nada,Si,1568833122493,1568833146621.0,B,1
94386-40237,943864992920336,hound,2,25,1,Perro2,A,A,Si,1568833135476,1568833140061.0,A,1
94386-40237,943864992920336,hound,2,25,2,Perro3,C,C,Si,1568833137829,1568833142782.0,C,1
94386-40237,943864992920336,hound,2,25,3,Perro4,A,A,Si,1568833140837,1568833146357.0,A,1
94386-40237,943864992920336,hound,2,25,4,Perro5,A,A,Si,1568833142324,1568833150707.0,A,1
23585-52205,235859731771768,terrier,2,1,1,Perro3,B,Nada,No,1568303241094,1568303249884.0,,1
23585-52205,522058605648886,hound,2,1,1,Perro2,A,A,Si,1568303254528,1568303258852.0,,0
23585-52205,522058605648886,hound,2,1,2,Perro4,C,C,Si,1568303262304,1568303276832.0,,0
23585-52205,235859731771768,terrier,2,1,2,Perro5,D,Nada,No,1568303282596,1568303300172.0,,1
23585-52205,235859731771768,terrier,2,3,1,Perro3,D,Nada,No,1568303390462,1568303397472.0,B,1
23585-52205,235859731771768,terrier,2,3,2,Perro1,B,Nada,Si,1568303392301,1568303402216.0,B,1
23585-52205,522058605648886,hound,2,3,1,Perro2,C,Nada,-,1568303414092,,C,0
23585-52205,522058605648886,hound,2,4,1,Perro3,A,Nada,Si,1568303451057,1568303454949.0,A,1
23585-52205,522058605648886,hound,2,4,2,Perro4,C,Nada,No,1568303457000,1568303463781.0,A,1
23585-52205,235859731771768,terrier,2,4,1,Perro1,B,Nada,Si,1568303459893,1568303470440.0,B,1
23585-52205,522058605648886,hound,2,4,3,Perro5,A,Nada,Si,1568303460848,1568303469158.0,A,1
23585-52205,235859731771768,terrier,2,4,2,Perro2,D,Nada,Si,1568303474812,1568303483928.0,D,1
23585-52205,522058605648886,hound,2,4,4,Perro4,C,C,No,1568303493113,1568303496669.0,A,1
23585-52205,522058605648886,hound,2,4,5,Perro3,A,A,Si,1568303496272,1568303500701.0,A,1
23585-52205,235859731771768,terrier,2,5,1,Perro3,D,Nada,No,1568303524069,1568303531121.0,B,1
23585-52205,235859731771768,terrier,2,5,2,Perro1,B,Nada,Si,1568303530413,1568303536154.0,B,1
23585-52205,235859731771768,terrier,2,5,3,Perro4,B,Nada,Si,1568303532829,1568303539528.0,B,1
23585-52205,522058605648886,hound,2,5,1,Perro2,A,Nada,No,1568303544200,1568303554673.0,C,1
23585-52205,522058605648886,hound,2,5,2,Perro5,A,Nada,Si,1568303547793,1568303557205.0,A,1
23585-52205,235859731771768,terrier,2,6,1,Perro1,B,Nada,Si,1568303587949,1568303595921.0,B,1
23585-52205,522058605648886,hound,2,6,1,Perro2,A,A,Si,1568303588529,1568303593582.0,A,1
23585-52205,235859731771768,terrier,2,6,2,Perro5,B,Nada,No,1568303589597,1568303600944.0,D,1
23585-52205,522058605648886,hound,2,6,2,Perro3,C,C,Si,1568303590832,1568303599061.0,C,1
23585-52205,522058605648886,hound,2,6,3,Perro2,A,A,Si,1568303607728,1568303614621.0,A,1
23585-52205,235859731771768,terrier,2,6,3,Perro5,B,B,No,1568303616342,1568303621057.0,D,1
23585-52205,522058605648886,hound,2,7,1,Perro4,A,A,Si,1568303650121,1568303660110.0,A,1
23585-52205,235859731771768,terrier,2,7,1,Perro5,D,Nada,Si,1568303652526,1568303657264.0,D,1
23585-52205,235859731771768,terrier,2,7,2,Perro3,D,Nada,Si,1568303654078,1568303662433.0,D,1
23585-52205,235859731771768,terrier,2,7,3,Perro2,B,Nada,Si,1568303655718,1568303666233.0,B,1
23585-52205,235859731771768,terrier,2,7,4,Perro1,B,Nada,Si,1568303657173,1568303668723.0,B,1
23585-52205,522058605648886,hound,2,7,2,Perro4,A,A,Si,1568303672177,1568303679983.0,A,1
23585-52205,522058605648886,hound,2,8,1,Perro3,A,A,Si,1568303724058,1568303731045.0,A,1
23585-52205,522058605648886,hound,2,8,2,Perro5,C,C,Si,1568303726121,1568303732999.0,A,0
23585-52205,522058605648886,hound,2,9,1,Perro5,A,Nada,No,1568303758897,1568303766398.0,C,1
23585-52205,522058605648886,hound,2,9,2,Perro1,A,Nada,Si,1568303761730,1568303769094.0,A,1
23585-52205,235859731771768,terrier,2,9,1,Perro2,D,Nada,No,1568303772782,1568303778769.0,B,1
23585-52205,235859731771768,terrier,2,9,2,Perro4,D,Nada,No,1568303775702,1568303783378.0,B,1
23585-52205,235859731771768,terrier,2,10,1,Perro2,B,Nada,No,1568303809726,1568303817874.0,D,1
23585-52205,235859731771768,terrier,2,10,2,Perro1,D,Nada,Si,1568303811887,1568303821553.0,D,1
23585-52205,522058605648886,hound,2,11,1,Perro4,A,Nada,No,1568303844161,1568303849000.0,C,1
23585-52205,522058605648886,hound,2,11,2,Perro3,A,Nada,Si,1568303845929,1568303852335.0,A,1
23585-52205,522058605648886,hound,2,11,3,Perro5,A,Nada,Si,1568303847570,1568303854703.0,A,1
23585-52205,235859731771768,terrier,2,11,1,Perro2,D,Nada,No,1568303857734,1568303867868.0,B,1
23585-52205,235859731771768,terrier,2,11,2,Perro1,D,Nada,Si,1568303859800,1568303872337.0,D,1
23585-52205,522058605648886,hound,2,12,1,Perro1,A,A,No,1568303902842,1568303906703.0,C,1
23585-52205,522058605648886,hound,2,13,1,Perro3,A,A,No,1568303938594,1568303944208.0,C,1
23585-52205,522058605648886,hound,2,13,2,Perro4,A,A,Si,1568303940274,1568303948823.0,A,1
23585-52205,522058605648886,hound,2,13,3,Perro5,A,A,No,1568303941881,1568303951255.0,C,1
23585-52205,235859731771768,terrier,2,14,1,Perro3,D,Nada,Si,1568303983520,1568303993130.0,D,1
23585-52205,522058605648886,hound,2,14,1,Perro4,C,C,No,1568303987010,1568303991399.0,A,1
23585-52205,522058605648886,hound,2,14,2,Perro5,A,A,Si,1568303988881,1568303995927.0,A,1
23585-52205,235859731771768,terrier,2,15,1,Perro2,D,Nada,Si,1568304035520,1568304040497.0,D,1
23585-52205,522058605648886,hound,2,15,1,Perro3,A,A,Si,1568304036909,1568304041647.0,A,1
23585-52205,235859731771768,terrier,2,15,2,Perro5,D,Nada,No,1568304037383,1568304045177.0,B,1
23585-52205,235859731771768,terrier,2,16,1,Perro3,D,Nada,Si,1568304079896,1568304084425.0,D,1
23585-52205,235859731771768,terrier,2,16,2,Perro4,D,Nada,Si,1568304081808,1568304091649.0,D,1
23585-52205,235859731771768,terrier,2,16,3,Perro5,D,Nada,Si,1568304083184,1568304097241.0,D,1
23585-52205,522058605648886,hound,2,17,1,Perro3,A,A,No,1568304131073,1568304137410.0,C,1
23585-52205,235859731771768,terrier,2,17,1,Perro2,B,Nada,Si,1568304132772,1568304136745.0,B,1
23585-52205,522058605648886,hound,2,17,2,Perro1,A,A,Si,1568304132937,1568304140544.0,A,1
23585-52205,235859731771768,terrier,2,17,2,Perro4,B,Nada,Si,1568304134584,1568304143145.0,B,1
23585-52205,522058605648886,hound,2,17,3,Perro1,A,A,-,1568304148673,,A,0
23585-52205,522058605648886,hound,2,18,1,Perro1,C,C,Si,1568304181102,1568304187367.0,C,1
23585-52205,522058605648886,hound,2,19,1,Perro5,A,A,Si,1568304216489,1568304229449.0,A,1
23585-52205,522058605648886,hound,2,19,2,Perro2,A,A,Si,1568304218322,1568304233031.0,A,1
23585-52205,235859731771768,terrier,2,20,1,Perro3,D,D,Si,1568304262354,1568304267841.0,D,1
23585-52205,522058605648886,hound,2,20,1,Perro4,C,C,No,1568304263763,1568304267440.0,A,1
23585-52205,522058605648886,hound,2,21,1,Perro2,C,C,Si,1568304289377,1568304298370.0,C,1
23585-52205,522058605648886,hound,2,21,2,Perro5,A,A,Si,1568304299187,1568304302553.0,A,1
23585-52205,522058605648886,hound,2,21,3,Perro4,C,C,Si,1568304301770,1568304306537.0,C,1
23585-52205,235859731771768,terrier,2,22,1,Perro3,B,Nada,Si,1568304324089,1568304333857.0,B,1
23585-52205,522058605648886,hound,2,22,1,Perro4,C,C,Si,1568304329522,1568304333193.0,C,1
23585-52205,522058605648886,hound,2,23,1,Perro4,A,A,No,1568304362818,1568304367924.0,A,0
23585-52205,522058605648886,hound,2,23,2,Perro5,A,A,Si,1568304365436,1568304374936.0,A,1
23585-52205,522058605648886,hound,2,24,1,Perro1,A,A,No,1568304398577,1568304409345.0,C,1
23585-52205,522058605648886,hound,2,24,2,Perro2,A,A,Si,1568304402929,1568304413193.0,A,1
23585-52205,235859731771768,terrier,2,24,1,Perro4,B,Nada,No,1568304404353,1568304415044.0,D,1
23585-52205,522058605648886,hound,2,25,1,Perro2,A,A,Si,1568304448602,1568304451977.0,A,1
23585-52205,522058605648886,hound,2,25,2,Perro1,C,C,Si,1568304450506,1568304454337.0,C,1
23585-52205,235859731771768,terrier,2,25,1,Perro3,B,Nada,No,1568304456361,1568304462129.0,D,1
76079-87480,760791662383499,hound,2,1,1,Perro2,C,Nada,Si,1568644563920,1568644581517.0,C,1
76079-87480,874807326893128,terrier,2,1,1,Perro1,B,B,Si,1568644587656,1568644601741.0,B,1
76079-87480,760791662383499,hound,2,1,2,Perro3,C,Nada,Si,1568644597161,1568644606937.0,C,1
76079-87480,874807326893128,terrier,2,1,2,Perro4,D,D,Si,1568644623705,1568644632605.0,D,1
76079-87480,874807326893128,terrier,2,2,1,Perro3,D,Nada,Si,1568644672213,1568644677198.0,D,1
76079-87480,760791662383499,hound,2,2,1,Perro1,C,C,Si,1568644681862,1568644687113.0,C,1
76079-87480,874807326893128,terrier,2,3,1,Perro1,D,Nada,Si,1568644719898,1568644730701.0,D,1
76079-87480,760791662383499,hound,2,3,1,Perro4,C,C,No,1568644726309,1568644732290.0,A,1
76079-87480,760791662383499,hound,2,3,2,Perro5,B,Nada,No,1568644739271,1568644754329.0,C,1
76079-87480,874807326893128,terrier,2,3,2,Perro2,B,Nada,No,1568644744858,1568644753486.0,D,1
76079-87480,874807326893128,terrier,2,4,1,Perro1,B,Nada,Si,1568644790766,1568644798614.0,B,1
76079-87480,760791662383499,hound,2,4,1,Perro5,C,Nada,No,1568644793202,1568644797593.0,A,1
76079-87480,760791662383499,hound,2,4,2,Perro3,C,Nada,Si,1568644812766,1568644823690.0,C,1
76079-87480,874807326893128,terrier,2,4,2,Perro2,B,Nada,Si,1568644818806,1568644824310.0,B,1
76079-87480,874807326893128,terrier,2,5,1,Perro1,B,Nada,Si,1568644851026,1568644866806.0,B,1
76079-87480,760791662383499,hound,2,5,1,Perro2,B,Nada,No,1568644861826,1568644866578.0,C,1
76079-87480,760791662383499,hound,2,5,2,Perro4,C,Nada,Si,1568644881575,1568644888100.0,C,1
76079-87480,874807326893128,terrier,2,6,1,Perro2,B,Nada,Si,1568644917034,1568644932768.0,B,1
76079-87480,874807326893128,terrier,2,6,2,Perro5,D,Nada,Si,1568644919795,1568644945778.0,D,1
76079-87480,760791662383499,hound,2,6,1,Perro4,B,Nada,No,1568644927620,1568644932451.0,A,1
76079-87480,760791662383499,hound,2,6,2,Perro3,C,Nada,No,1568644940832,1568644945640.0,A,1
76079-87480,874807326893128,terrier,2,7,1,Perro1,B,Nada,Si,1568644969602,1568645014232.0,,0
76079-87480,874807326893128,terrier,2,7,2,Perro4,D,Nada,No,1568644971891,1568645020911.0,,1
76079-87480,874807326893128,terrier,2,7,3,Perro5,D,Nada,Si,1568644974882,1568645046440.0,,0
76079-87480,760791662383499,hound,2,7,1,Perro2,B,B,No,1568644986970,1568644992428.0,,1
76079-87480,874807326893128,terrier,2,7,4,Perro1,B,B,Si,1568645003826,1568645035920.0,,0
76079-87480,874807326893128,terrier,2,7,5,Perro4,D,Nada,-,1568645007939,,,0
76079-87480,760791662383499,hound,2,7,2,Perro2,C,C,No,1568645009849,1568645014571.0,,1
76079-87480,874807326893128,terrier,2,7,6,Perro4,D,Nada,-,1568645020490,,,0
76079-87480,874807326893128,terrier,2,7,7,Perro5,D,Nada,-,1568645030634,,,0
76079-87480,760791662383499,hound,2,7,3,Perro3,C,C,Si,1568645041377,1568645045835.0,,0
76079-87480,874807326893128,terrier,2,8,1,Perro2,D,Nada,Si,1568645071710,1568645088888.0,D,1
76079-87480,874807326893128,terrier,2,8,2,Perro3,B,Nada,Si,1568645075882,1568645093736.0,B,1
76079-87480,874807326893128,terrier,2,8,3,Perro5,B,Nada,-,1568645077619,,D,0
76079-87480,760791662383499,hound,2,8,1,Perro4,C,C,Si,1568645085619,1568645089147.0,C,1
76079-87480,874807326893128,terrier,2,9,1,Perro1,B,Nada,Si,1568645115348,1568645132353.0,B,1
76079-87480,760791662383499,hound,2,9,1,Perro2,C,C,Si,1568645119920,1568645126404.0,C,1
76079-87480,760791662383499,hound,2,9,2,Perro3,C,C,No,1568645129712,1568645133027.0,A,1
76079-87480,874807326893128,terrier,2,10,1,Perro2,B,Nada,No,1568645162588,1568645191233.0,D,1
76079-87480,874807326893128,terrier,2,10,2,Perro4,D,Nada,No,1568645164403,1568645196633.0,B,1
76079-87480,760791662383499,hound,2,10,1,Perro5,C,Nada,Si,1568645168937,1568645174684.0,C,1
76079-87480,760791662383499,hound,2,10,2,Perro1,C,Nada,No,1568645173514,1568645178932.0,A,1
76079-87480,760791662383499,hound,2,10,3,Perro3,A,Nada,Si,1568645202618,1568645207461.0,A,1
76079-87480,874807326893128,terrier,2,11,1,Perro3,D,Nada,Si,1568645222652,1568645248345.0,D,1
76079-87480,760791662383499,hound,2,11,1,Perro2,C,C,No,1568645228514,1568645232316.0,A,1
76079-87480,760791662383499,hound,2,11,2,Perro4,A,A,Si,1568645242442,1568645246636.0,A,1
76079-87480,760791662383499,hound,2,11,3,Perro5,C,C,Si,1568645251440,1568645258924.0,C,1
76079-87480,874807326893128,terrier,2,12,1,Perro1,B,Nada,No,1568645270677,1568645286569.0,D,1
76079-87480,874807326893128,terrier,2,12,2,Perro5,D,Nada,Si,1568645272395,1568645295873.0,D,1
76079-87480,760791662383499,hound,2,12,1,Perro4,C,C,Si,1568645282354,1568645286043.0,C,1
76079-87480,760791662383499,hound,2,12,2,Perro3,C,C,Si,1568645289778,1568645299940.0,C,1
76079-87480,874807326893128,terrier,2,13,1,Perro2,B,Nada,Si,1568645314764,1568645328050.0,B,1
76079-87480,874807326893128,terrier,2,13,2,Perro5,D,Nada,Si,1568645316180,1568645335226.0,D,1
76079-87480,874807326893128,terrier,2,13,3,Perro3,B,Nada,No,1568645323820,1568645361499.0,D,1
76079-87480,760791662383499,hound,2,13,1,Perro4,A,A,Si,1568645324985,1568645328404.0,A,1
76079-87480,760791662383499,hound,2,13,2,Perro1,A,A,Si,1568645331091,1568645346997.0,A,1
76079-87480,760791662383499,hound,2,13,3,Perro4,A,A,Si,1568645342498,1568645349613.0,A,1
76079-87480,874807326893128,terrier,2,13,4,Perro3,D,Nada,Si,1568645351708,1568645355738.0,D,1
76079-87480,874807326893128,terrier,2,14,1,Perro2,B,Nada,Si,1568645382556,1568645398524.0,B,1
76079-87480,874807326893128,terrier,2,14,2,Perro3,D,Nada,No,1568645384085,1568645402338.0,B,1
76079-87480,874807326893128,terrier,2,14,3,Perro4,D,Nada,No,1568645386565,1568645409194.0,B,1
76079-87480,760791662383499,hound,2,14,1,Perro5,C,C,Si,1568645391226,1568645394404.0,C,1
76079-87480,760791662383499,hound,2,14,2,Perro1,C,C,Si,1568645394458,1568645403085.0,C,1
76079-87480,874807326893128,terrier,2,15,1,Perro2,B,Nada,No,1568645430933,1568645444402.0,D,1
76079-87480,874807326893128,terrier,2,15,2,Perro4,D,Nada,Si,1568645432573,1568645449002.0,D,1
76079-87480,874807326893128,terrier,2,15,3,Perro5,B,Nada,Si,1568645434069,1568645461451.0,B,1
76079-87480,760791662383499,hound,2,15,1,Perro3,A,A,Si,1568645439202,1568645443957.0,A,1
76079-87480,760791662383499,hound,2,15,2,Perro1,C,C,Si,1568645441210,1568645461325.0,C,1
76079-87480,760791662383499,hound,2,15,3,Perro1,C,C,Si,1568645454762,1568645467045.0,C,1
76079-87480,874807326893128,terrier,2,16,1,Perro5,B,Nada,No,1568645481902,1568645493179.0,D,1
76079-87480,760791662383499,hound,2,16,1,Perro3,C,Nada,Si,1568645483707,1568645490133.0,C,1
76079-87480,760791662383499,hound,2,16,2,Perro4,C,Nada,Si,1568645486018,1568645493341.0,C,1
76079-87480,760791662383499,hound,2,16,3,Perro2,C,C,-,1568645504867,,A,0
76079-87480,874807326893128,terrier,2,17,1,Perro1,B,Nada,No,1568645516981,1568645534244.0,D,1
76079-87480,874807326893128,terrier,2,17,2,Perro3,D,Nada,No,1568645518509,1568645557797.0,B,1
76079-87480,874807326893128,terrier,2,17,3,Perro4,B,Nada,Si,1568645520509,1568645560947.0,B,1
76079-87480,760791662383499,hound,2,17,1,Perro5,C,Nada,Si,1568645527207,1568645536141.0,C,1
76079-87480,760791662383499,hound,2,17,2,Perro2,C,Nada,Si,1568645529731,1568645545214.0,C,1
76079-87480,760791662383499,hound,2,17,3,Perro2,C,Nada,Si,1568645545388,1568645548437.0,C,1
76079-87480,874807326893128,terrier,2,17,4,Perro3,B,Nada,Si,1568645551175,1568645568683.0,B,1
76079-87480,874807326893128,terrier,2,17,5,Perro4,D,Nada,No,1568645560335,1568645564756.0,B,1
76079-87480,874807326893128,terrier,2,18,1,Perro3,B,Nada,No,1568645588486,1568645621748.0,D,1
76079-87480,874807326893128,terrier,2,18,2,Perro4,D,Nada,Si,1568645590006,1568645603051.0,D,1
76079-87480,874807326893128,terrier,2,18,3,Perro1,B,Nada,Si,1568645592717,1568645614548.0,B,1
76079-87480,760791662383499,hound,2,18,1,Perro5,C,Nada,No,1568645592791,1568645599310.0,A,1
76079-87480,760791662383499,hound,2,18,2,Perro2,C,C,Si,1568645596723,1568645603878.0,C,1
76079-87480,874807326893128,terrier,2,18,4,Perro3,D,Nada,Si,1568645607790,1568645626747.0,D,1
76079-87480,760791662383499,hound,2,18,3,Perro5,A,A,Si,1568645616795,1568645621686.0,A,1
76079-87480,874807326893128,terrier,2,19,1,Perro2,B,Nada,Si,1568645646631,1568645658492.0,B,1
76079-87480,874807326893128,terrier,2,19,2,Perro3,D,Nada,Si,1568645648134,1568645674620.0,D,1
76079-87480,874807326893128,terrier,2,19,3,Perro5,B,Nada,Si,1568645649879,1568645680764.0,B,1
76079-87480,760791662383499,hound,2,19,1,Perro4,A,Nada,Si,1568645652131,1568645657815.0,A,1
76079-87480,760791662383499,hound,2,19,2,Perro1,C,Nada,Si,1568645654388,1568645660370.0,C,1
76079-87480,874807326893128,terrier,2,19,4,Perro3,D,Nada,Si,1568645663902,1568645677924.0,D,1
76079-87480,760791662383499,hound,2,19,3,Perro4,A,A,Si,1568645669300,1568645674070.0,A,1
76079-87480,874807326893128,terrier,2,19,5,Perro5,D,Nada,No,1568645677317,1568645683829.0,B,1
76079-87480,874807326893128,terrier,2,20,1,Perro2,B,Nada,No,1568645703382,1568645744403.0,D,1
76079-87480,874807326893128,terrier,2,20,2,Perro5,D,Nada,Si,1568645706175,1568645720588.0,D,1
76079-87480,760791662383499,hound,2,20,1,Perro3,A,Nada,Si,1568645712480,1568645722671.0,A,1
76079-87480,760791662383499,hound,2,20,2,Perro4,C,C,No,1568645714605,1568645717079.0,A,1
76079-87480,874807326893128,terrier,2,20,3,Perro2,B,Nada,No,1568645730878,1568645748356.0,D,1
76079-87480,760791662383499,hound,2,20,3,Perro1,A,A,Si,1568645731884,1568645735399.0,A,1
76079-87480,760791662383499,hound,2,20,4,Perro4,A,A,Si,1568645738172,1568645741847.0,A,1
76079-87480,874807326893128,terrier,2,21,1,Perro4,B,Nada,Si,1568645773103,1568645790620.0,D,0
76079-87480,874807326893128,terrier,2,21,2,Perro5,D,Nada,Si,1568645775584,1568645798846.0,D,1
76079-87480,760791662383499,hound,2,21,1,Perro2,C,C,Si,1568645777401,1568645786815.0,C,1
76079-87480,874807326893128,terrier,2,21,3,Perro1,B,Nada,No,1568645777553,1568645802805.0,D,1
76079-87480,760791662383499,hound,2,21,2,Perro3,C,C,Si,1568645781621,1568645790063.0,C,1
76079-87480,874807326893128,terrier,2,21,4,Perro5,D,Nada,Si,1568645807263,1568645812797.0,D,1
76079-87480,874807326893128,terrier,2,22,1,Perro1,B,Nada,Si,1568645832430,1568645844725.0,B,1
76079-87480,874807326893128,terrier,2,22,2,Perro3,D,Nada,Si,1568645835696,1568645848822.0,B,0
76079-87480,874807326893128,terrier,2,22,3,Perro4,B,Nada,Si,1568645837527,1568645851902.0,B,1
76079-87480,760791662383499,hound,2,22,1,Perro5,C,Nada,Si,1568645841048,1568645847383.0,C,1
76079-87480,874807326893128,terrier,2,23,1,Perro1,B,Nada,Si,1568645871359,1568645883927.0,B,1
76079-87480,874807326893128,terrier,2,23,2,Perro2,D,Nada,No,1568645872719,1568645891007.0,B,1
76079-87480,874807326893128,terrier,2,23,3,Perro4,B,Nada,No,1568645873999,1568645894661.0,D,1
76079-87480,874807326893128,terrier,2,23,4,Perro5,D,Nada,Si,1568645875312,1568645899086.0,D,1
76079-87480,760791662383499,hound,2,23,1,Perro3,C,C,Si,1568645879709,1568645886175.0,C,1
76079-87480,874807326893128,terrier,2,24,1,Perro5,D,Nada,No,1568645918113,1568645936998.0,B,1
76079-87480,874807326893128,terrier,2,24,2,Perro1,B,Nada,No,1568645919736,1568645942855.0,D,1
76079-87480,760791662383499,hound,2,24,1,Perro4,C,C,Si,1568645926102,1568645931336.0,C,1
76079-87480,760791662383499,hound,2,24,2,Perro2,C,C,Si,1568645928573,1568645933096.0,C,1
76079-87480,760791662383499,hound,2,24,3,Perro3,C,C,Si,1568645930894,1568645938281.0,C,1
76079-87480,874807326893128,terrier,2,25,1,Perro4,B,Nada,Si,1568645962080,1568645979261.0,B,1
76079-87480,874807326893128,terrier,2,25,2,Perro2,D,Nada,Si,1568645963896,1568645974336.0,D,1
76079-87480,874807326893128,terrier,2,25,3,Perro1,B,Nada,No,1568645965392,1568645993982.0,D,1
76079-87480,760791662383499,hound,2,25,1,Perro5,A,A,Si,1568645967959,1568645970351.0,A,1
76079-87480,760791662383499,hound,2,25,2,Perro3,A,Nada,Si,1568645969864,1568645991696.0,A,1
76079-87480,760791662383499,hound,2,25,3,Perro3,A,Nada,Si,1568645981775,1568645993576.0,A,1
76079-87480,874807326893128,terrier,2,25,4,Perro1,B,Nada,-,1568645989342,,D,0
56385-93983,563859218939246,hound,2,2,1,Perro3,C,Nada,Si,1568644392438,1568644413853.0,C,1
56385-93983,939838105107843,terrier,2,2,1,Perro1,D,D,Si,1568644421861,1568644438094.0,D,1
56385-93983,939838105107843,terrier,2,2,2,Perro1,D,D,Si,1568644431830,1568644442650.0,D,1
56385-93983,563859218939246,hound,2,2,2,Perro2,A,A,Si,1568644446569,1568644455718.0,A,1
56385-93983,563859218939246,hound,2,2,3,Perro4,A,A,Si,1568644450019,1568644461445.0,A,1
56385-93983,563859218939246,hound,2,4,1,Perro2,C,C,No,1568644551370,1568644592382.0,C,0
56385-93983,563859218939246,hound,2,4,2,Perro4,A,Nada,-,1568644559698,,A,0
56385-93983,939838105107843,terrier,2,4,1,Perro1,D,Nada,No,1568644560769,1568644569140.0,B,1
56385-93983,939838105107843,terrier,2,4,2,Perro3,D,Nada,No,1568644563751,1568644573828.0,B,1
56385-93983,939838105107843,terrier,2,4,3,Perro5,D,Nada,No,1568644566230,1568644579626.0,B,1
56385-93983,939838105107843,terrier,2,5,1,Perro1,B,Nada,No,1568644631086,1568644648170.0,B,0
56385-93983,563859218939246,hound,2,5,1,Perro4,C,Nada,Si,1568644641659,1568644649413.0,C,1
56385-93983,563859218939246,hound,2,5,2,Perro5,C,Nada,Si,1568644644139,1568644661357.0,A,0
56385-93983,939838105107843,terrier,2,6,1,Perro3,D,Nada,-,1568644716705,,B,0
56385-93983,939838105107843,terrier,2,7,1,Perro2,B,Nada,-,1568644768783,,D,0
56385-93983,939838105107843,terrier,2,7,2,Perro4,B,Nada,-,1568644770998,,D,0
56385-93983,939838105107843,terrier,2,9,1,Perro4,D,Nada,No,1568644875190,1568644882228.0,B,1
56385-93983,939838105107843,terrier,2,9,2,Perro5,D,Nada,-,1568644877494,,B,0
56385-93983,939838105107843,terrier,2,12,1,Perro4,B,Nada,Si,1568645066974,1568645073261.0,B,1
56385-93983,939838105107843,terrier,2,12,2,Perro1,B,Nada,No,1568645069230,1568645081037.0,B,0
56385-93983,563859218939246,hound,2,12,1,Perro3,A,Nada,Si,1568645076788,1568645093882.0,A,1
56385-93983,939838105107843,terrier,2,13,1,Perro2,B,Nada,No,1568645118425,1568645138112.0,D,1
56385-93983,939838105107843,terrier,2,13,2,Perro5,B,Nada,-,1568645120294,,D,0
56385-93983,563859218939246,hound,2,16,1,Perro4,C,C,Si,1568645351696,1568645367808.0,C,1
56385-93983,939838105107843,terrier,2,16,1,Perro5,B,Nada,No,1568645357634,1568645369919.0,D,1
56385-93983,939838105107843,terrier,2,17,1,Perro5,B,Nada,-,1568645415788,,D,0
56385-93983,939838105107843,terrier,2,17,2,Perro1,B,Nada,Si,1568645418200,1568645437574.0,D,0
56385-93983,563859218939246,hound,2,17,1,Perro3,C,C,Si,1568645423221,1568645433287.0,C,1
56385-93983,563859218939246,hound,2,19,1,Perro3,A,Nada,-,1568645571726,,A,0
56385-93983,939838105107843,terrier,2,19,1,Perro2,B,Nada,Si,1568645588535,1568645595107.0,B,1
56385-93983,563859218939246,hound,2,21,1,Perro4,A,A,Si,1568645734327,1568645740176.0,A,1
56385-93983,939838105107843,terrier,2,25,1,Perro2,B,Nada,Si,1568645991697,1568645996432.0,B,1
56385-93983,939838105107843,terrier,2,25,2,Perro1,B,Nada,Si,1568645993912,1568646000384.0,B,1
18067-91921,180672638373464,hound,2,1,1,Perro4,A,Nada,Si,1568644213026,1568644218992.0,A,1
18067-91921,919215741319732,terrier,2,1,1,Perro5,B,Nada,No,1568644224471,1568644231798.0,D,1
18067-91921,919215741319732,terrier,2,1,2,Perro2,B,Nada,-,1568644253001,,B,0
18067-91921,919215741319732,terrier,2,2,1,Perro4,B,Nada,Si,1568644299748,1568644304358.0,B,1
18067-91921,180672638373464,hound,2,2,1,Perro3,C,C,Si,1568644312950,1568644323881.0,C,1
18067-91921,919215741319732,terrier,2,3,1,Perro5,B,Nada,No,1568644354122,1568644359846.0,D,1
18067-91921,180672638373464,hound,2,3,1,Perro2,C,C,No,1568644370935,1568644381426.0,A,1
18067-91921,919215741319732,terrier,2,5,1,Perro1,B,Nada,Si,1568644447330,1568644452071.0,B,1
18067-91921,919215741319732,terrier,2,6,1,Perro2,D,Nada,Si,1568644476506,1568644482960.0,D,1
18067-91921,180672638373464,hound,2,6,1,Perro1,A,A,Si,1568644488391,1568644493729.0,A,1
18067-91921,180672638373464,hound,2,6,2,Perro5,A,A,Si,1568644492647,1568644511361.0,A,1
18067-91921,180672638373464,hound,2,6,3,Perro3,A,A,-,1568644494192,,A,0
18067-91921,919215741319732,terrier,2,6,2,Perro4,D,Nada,No,1568644515201,1568644519615.0,B,1
18067-91921,180672638373464,hound,2,7,1,Perro5,A,A,No,1568644550939,1568644561137.0,A,0
18067-91921,919215741319732,terrier,2,7,1,Perro2,B,Nada,Si,1568644556088,1568644560183.0,B,1
18067-91921,919215741319732,terrier,2,8,1,Perro1,D,D,Si,1568644589502,1568644601209.0,D,1
18067-91921,180672638373464,hound,2,9,1,Perro4,A,Nada,No,1568644619608,1568644629810.0,C,1
18067-91921,180672638373464,hound,2,9,2,Perro5,A,Nada,Si,1568644623377,1568644633738.0,A,1
18067-91921,919215741319732,terrier,2,9,1,Perro3,B,B,Si,1568644635833,1568644643248.0,B,1
18067-91921,180672638373464,hound,2,10,1,Perro2,C,Nada,Si,1568644663289,1568644676297.0,C,1
18067-91921,919215741319732,terrier,2,10,1,Perro4,B,Nada,Si,1568644672106,1568644675607.0,B,1
18067-91921,180672638373464,hound,2,11,1,Perro2,A,A,No,1568644704865,1568644710171.0,C,1
18067-91921,919215741319732,terrier,2,11,1,Perro3,B,B,No,1568644705955,1568644711148.0,B,0
18067-91921,180672638373464,hound,2,11,2,Perro5,C,C,Si,1568644706592,1568644716332.0,C,1
18067-91921,180672638373464,hound,2,12,1,Perro4,A,A,Si,1568644741824,1568644752347.0,A,1
18067-91921,180672638373464,hound,2,12,2,Perro2,C,C,-,1568644758569,,A,0
18067-91921,180672638373464,hound,2,13,1,Perro1,A,Nada,Si,1568644767841,1568644774987.0,A,1
18067-91921,180672638373464,hound,2,13,2,Perro3,A,Nada,No,1568644777961,1568644786122.0,C,1
18067-91921,919215741319732,terrier,2,14,1,Perro2,B,Nada,No,1568644809714,1568644814267.0,B,0
18067-91921,180672638373464,hound,2,15,1,Perro5,C,C,No,1568644847116,1568644854739.0,A,1
18067-91921,180672638373464,hound,2,15,2,Perro2,A,A,No,1568644851857,1568644858683.0,C,1
18067-91921,180672638373464,hound,2,16,1,Perro5,A,Nada,No,1568644878001,1568644885059.0,C,1
18067-91921,180672638373464,hound,2,16,2,Perro1,C,Nada,-,1568644884209,,A,0
18067-91921,919215741319732,terrier,2,17,1,Perro5,B,Nada,Si,1568644904347,1568644910363.0,B,1
18067-91921,919215741319732,terrier,2,17,2,Perro2,D,Nada,Si,1568644906890,1568644914009.0,D,1
18067-91921,180672638373464,hound,2,17,1,Perro3,A,A,No,1568644917441,1568644927500.0,A,0
18067-91921,919215741319732,terrier,2,18,1,Perro3,D,Nada,Si,1568644950444,1568644954485.0,B,0
18067-91921,919215741319732,terrier,2,19,1,Perro2,B,Nada,Si,1568644975957,1568644979890.0,B,1
12379-51238,123795257479166,terrier,2,1,1,Perro5,B,Nada,No,1568644473866,1568644489229.0,D,1
12379-51238,512381829158551,hound,2,1,1,Perro2,A,Nada,Si,1568644476109,1568644488399.0,A,1
12379-51238,123795257479166,terrier,2,1,2,Perro1,D,Nada,Si,1568644479414,1568644502386.0,D,1
12379-51238,512381829158551,hound,2,1,2,Perro4,A,Nada,Si,1568644509420,1568644519215.0,A,1
12379-51238,512381829158551,hound,2,2,1,Perro4,C,Nada,No,1568644552563,1568644560920.0,A,1
12379-51238,123795257479166,terrier,2,2,1,Perro2,B,Nada,No,1568644568615,1568644578302.0,D,1
12379-51238,123795257479166,terrier,2,2,2,Perro5,C,Nada,No,1568644573743,1568644589642.0,B,1
12379-51238,512381829158551,hound,2,2,2,Perro1,A,Nada,Si,1568644582811,1568644587015.0,A,1
12379-51238,512381829158551,hound,2,2,3,Perro3,C,Nada,-,1568644599708,,C,0
12379-51238,512381829158551,hound,2,3,1,Perro3,A,Nada,No,1568644629762,1568644635712.0,C,1
12379-51238,123795257479166,terrier,2,3,1,Perro1,B,Nada,No,1568644647088,1568644662286.0,D,1
12379-51238,123795257479166,terrier,2,3,2,Perro4,C,Nada,No,1568644650008,1568644677813.0,B,1
12379-51238,512381829158551,hound,2,3,2,Perro5,A,Nada,Si,1568644652443,1568644656385.0,A,1
12379-51238,123795257479166,terrier,2,4,1,Perro1,B,Nada,Si,1568644734452,1568644741068.0,B,1
12379-51238,512381829158551,hound,2,4,1,Perro5,C,Nada,No,1568644734851,1568644739625.0,A,1
12379-51238,123795257479166,terrier,2,4,2,Perro4,D,Nada,Si,1568644746553,1568644753492.0,B,0
12379-51238,123795257479166,terrier,2,4,3,Perro3,D,Nada,Si,1568644773154,1568644778493.0,D,1
12379-51238,512381829158551,hound,2,5,1,Perro5,A,Nada,No,1568644833012,1568644841028.0,C,1
12379-51238,512381829158551,hound,2,6,1,Perro3,C,Nada,Si,1568644894304,1568644922190.0,C,1
12379-51238,123795257479166,terrier,2,6,1,Perro1,C,Nada,No,1568644907002,1568644915349.0,B,1
12379-51238,512381829158551,hound,2,7,1,Perro1,C,Nada,Si,1568644976541,1568644987555.0,C,1
12379-51238,512381829158551,hound,2,7,2,Perro2,A,Nada,No,1568644985102,1568645009515.0,C,1
12379-51238,512381829158551,hound,2,7,3,Perro4,A,Nada,Si,1568644990233,1568645017684.0,A,1
12379-51238,123795257479166,terrier,2,7,1,Perro5,D,Nada,Si,1568644998682,1568645007460.0,D,1
12379-51238,512381829158551,hound,2,8,1,Perro2,A,Nada,No,1568645045615,1568645050932.0,C,1
12379-51238,512381829158551,hound,2,8,2,Perro5,C,Nada,Si,1568645063926,1568645098356.0,C,1
12379-51238,123795257479166,terrier,2,8,1,Perro1,B,Nada,No,1568645076368,1568645082886.0,D,1
12379-51238,512381829158551,hound,2,9,1,Perro4,C,Nada,No,1568645135368,1568645140452.0,A,1
12379-51238,512381829158551,hound,2,11,1,Perro3,A,Nada,Si,1568645235111,1568645239294.0,A,1
12379-51238,512381829158551,hound,2,11,2,Perro5,C,Nada,Si,1568645247459,1568645253661.0,C,1
12379-51238,512381829158551,hound,2,12,1,Perro2,C,Nada,Si,1568645276559,1568645280952.0,C,1
12379-51238,512381829158551,hound,2,13,1,Perro1,C,Nada,No,1568645311507,1568645316373.0,A,1
12379-51238,512381829158551,hound,2,14,1,Perro2,A,Nada,No,1568645340225,1568645346799.0,C,1
12379-51238,512381829158551,hound,2,14,2,Perro5,C,Nada,No,1568645359127,1568645363815.0,C,0
12379-51238,123795257479166,terrier,2,14,1,Perro4,B,Nada,Si,1568645367615,1568645373873.0,B,1
12379-51238,512381829158551,hound,2,14,3,Perro1,A,Nada,Si,1568645382464,1568645386441.0,A,1
12379-51238,512381829158551,hound,2,15,1,Perro1,C,Nada,No,1568645413201,1568645419488.0,A,1
12379-51238,512381829158551,hound,2,15,2,Perro2,A,Nada,No,1568645424823,1568645433465.0,C,1
12379-51238,512381829158551,hound,2,15,3,Perro5,A,Nada,No,1568645436080,1568645441871.0,C,1
12379-51238,512381829158551,hound,2,16,1,Perro2,A,Nada,No,1568645479962,1568645495824.0,C,1
12379-51238,512381829158551,hound,2,17,1,Perro5,A,Nada,No,1568645528492,1568645532969.0,C,1
12379-51238,512381829158551,hound,2,18,1,Perro3,C,Nada,Si,1568645572505,1568645577881.0,C,1
12379-51238,512381829158551,hound,2,19,1,Perro1,A,Nada,Si,1568645603155,1568645607488.0,A,1
12379-51238,512381829158551,hound,2,20,1,Perro2,C,Nada,No,1568645647682,1568645652761.0,A,1
12379-51238,512381829158551,hound,2,21,1,Perro3,C,Nada,No,1568645700002,1568645704690.0,A,1
12379-51238,512381829158551,hound,2,21,2,Perro2,C,Nada,Si,1568645711027,1568645718586.0,C,1
12379-51238,512381829158551,hound,2,22,1,Perro2,A,Nada,Si,1568645757773,1568645769035.0,A,1
12379-51238,512381829158551,hound,2,23,1,Perro2,C,Nada,Si,1568645803812,1568645812261.0,C,1
12379-51238,512381829158551,hound,2,24,1,Perro1,A,A,Si,1568645842211,1568645847579.0,A,1
12379-51238,123795257479166,terrier,2,25,1,Perro2,D,Nada,No,1568645873888,1568645886166.0,B,1
12379-51238,512381829158551,hound,2,25,1,Perro5,A,A,Si,1568645894204,1568645899548.0,A,1
84379-84946,843798347728775,terrier,2,1,1,Perro2,C,Nada,-,1568644729851,,D,0
84379-84946,843798347728775,terrier,2,2,1,Perro3,C,Nada,No,1568644782139,1568644803088.0,D,1
84379-84946,849465825727611,hound,2,2,1,Perro5,C,Nada,No,1568644785771,1568644796080.0,A,1
84379-84946,849465825727611,hound,2,3,1,Perro2,C,Nada,Si,1568644845868,1568644854352.0,C,1
84379-84946,843798347728775,terrier,2,3,1,Perro1,C,A,No,1568644849227,1568644861896.0,D,1
84379-84946,849465825727611,hound,2,4,1,Perro4,C,Nada,Si,1568644911884,1568644916882.0,C,1
84379-84946,843798347728775,terrier,2,4,1,Perro5,A,Nada,No se,1568644922495,1568644931521.0,B,0
84379-84946,843798347728775,terrier,2,5,1,Perro4,B,Nada,No,1568644998411,1568645004435.0,D,1
84379-84946,849465825727611,hound,2,5,1,Perro1,A,Nada,No,1568645019715,1568645030924.0,C,1
84379-84946,843798347728775,terrier,2,6,1,Perro2,D,Nada,No,1568645065497,1568645087500.0,B,1
84379-84946,843798347728775,terrier,2,7,1,Perro3,D,Nada,Si,1568645128473,1568645136233.0,D,1
84379-84946,843798347728775,terrier,2,9,1,Perro1,B,Nada,No,1568645193097,1568645209629.0,B,0
84379-84946,843798347728775,terrier,2,11,1,Perro1,D,Nada,No,1568645304291,1568645315739.0,B,1
84379-84946,843798347728775,terrier,2,15,1,Perro3,D,Nada,-,1568645452818,,D,0
84379-84946,849465825727611,hound,2,19,1,Perro4,C,Nada,No,1568645588748,1568645598530.0,A,1
78126-35572,355721802475635,hound,2,1,1,Perro1,A,Nada,No,1568645018221,1568645044199.0,C,1
78126-35572,781261847597636,terrier,2,1,1,Perro2,D,Nada,Si,1568645018257,1568645032417.0,D,1
78126-35572,355721802475635,hound,2,1,2,Perro1,B,Nada,-,1568645040186,,C,0
78126-35572,355721802475635,hound,2,2,1,Perro4,C,C,-,1568645132526,,C,0
78126-35572,355721802475635,hound,2,3,1,Perro2,C,Nada,No,1568645178723,1568645212064.0,A,1
78126-35572,355721802475635,hound,2,3,2,Perro2,C,Nada,-,1568645183986,,A,0
78126-35572,355721802475635,hound,2,3,3,Perro4,C,C,-,1568645207261,,C,0
78126-35572,355721802475635,hound,2,3,4,Perro4,C,C,-,1568645222162,,C,0
78126-35572,781261847597636,terrier,2,3,1,Perro3,D,D,Si,1568645225926,1568645233546.0,D,1
78126-35572,355721802475635,hound,2,3,5,Perro4,C,C,-,1568645236722,,C,0
78126-35572,355721802475635,hound,2,3,6,Perro4,C,C,-,1568645250914,,C,0
78126-35572,355721802475635,hound,2,4,1,Perro1,B,Nada,No se,1568645284346,1568645343726.0,,0
78126-35572,781261847597636,terrier,2,4,1,Perro5,A,Nada,No se,1568645315846,1568645338043.0,,0
78126-35572,355721802475635,hound,2,4,2,Perro1,A,Nada,-,1568645329307,,,0
78126-35572,355721802475635,hound,2,4,3,Perro1,A,Nada,-,1568645343026,,,0
78126-35572,355721802475635,hound,2,4,4,Perro2,C,C,-,1568645359099,,,0
78126-35572,355721802475635,hound,2,5,1,Perro5,A,A,-,1568645399940,,C,0
78126-35572,355721802475635,hound,2,5,2,Perro1,A,A,-,1568645409379,,A,0
78126-35572,355721802475635,hound,2,5,3,Perro1,C,C,-,1568645433651,,A,0
78126-35572,355721802475635,hound,2,6,1,Perro1,A,A,-,1568645498972,,A,0
56364-66850,668507302070680,hound,2,1,1,Perro4,A,Nada,No,1568644675959,1568644708245.0,C,1
56364-66850,668507302070680,hound,2,1,2,Perro5,C,Nada,No,1568644678436,1568644712894.0,A,1
56364-66850,668507302070680,hound,2,1,3,Perro4,A,Nada,No,1568644695324,1568644717929.0,C,1
56364-66850,668507302070680,hound,2,1,4,Perro5,C,Nada,No,1568644698613,1568644722690.0,A,1
56364-66850,563641349706418,terrier,2,1,1,Perro2,B,B,-,1568644749193,,D,0
56364-66850,668507302070680,hound,2,2,1,Perro2,A,Nada,No,1568644774276,1568644793452.0,C,1
56364-66850,668507302070680,hound,2,2,2,Perro5,C,Nada,No,1568644776469,1568644797946.0,A,1
56364-66850,563641349706418,terrier,2,2,1,Perro1,B,B,Si,1568644809905,1568644814597.0,B,1
56364-66850,668507302070680,hound,2,3,1,Perro1,C,Nada,No,1568644881581,1568644891242.0,A,1
56364-66850,668507302070680,hound,2,3,2,Perro2,C,Nada,Si,1568644883629,1568644898410.0,C,1
56364-66850,668507302070680,hound,2,3,3,Perro4,C,Nada,Si,1568644887773,1568644903673.0,C,1
56364-66850,668507302070680,hound,2,4,1,Perro2,A,Nada,-,1568644972765,,A,0
56364-66850,668507302070680,hound,2,5,1,Perro5,A,Nada,No,1568645009421,1568645022539.0,A,0
56364-66850,668507302070680,hound,2,8,1,Perro1,A,Nada,No se,1568645102255,1568645123996.0,C,0
56364-66850,668507302070680,hound,2,8,2,Perro2,C,Nada,Si,1568645103749,1568645128353.0,C,1
56364-66850,668507302070680,hound,2,8,3,Perro3,A,Nada,No,1568645105366,1568645133658.0,C,1
56364-66850,668507302070680,hound,2,9,1,Perro5,C,Nada,No,1568645151982,1568645169229.0,A,1
56364-66850,668507302070680,hound,2,9,2,Perro3,A,Nada,No,1568645153701,1568645173530.0,C,1
56364-66850,668507302070680,hound,2,10,1,Perro2,A,Nada,Si,1568645195687,1568645210537.0,A,1
56364-66850,668507302070680,hound,2,10,2,Perro3,C,Nada,No,1568645197215,1568645216593.0,A,1
56364-66850,668507302070680,hound,2,10,3,Perro5,A,Nada,No,1568645199070,1568645221010.0,C,1
56364-66850,563641349706418,terrier,2,10,1,Perro4,B,B,No,1568645225970,1568645231751.0,B,0
56364-66850,668507302070680,hound,2,11,1,Perro3,C,Nada,-,1568645261846,,A,0
56364-66850,668507302070680,hound,2,13,1,Perro4,C,A,No se,1568645334450,1568645343514.0,A,0
56364-66850,668507302070680,hound,2,15,1,Perro2,A,A,Si,1568645396952,1568645405914.0,A,1
56364-66850,668507302070680,hound,2,19,1,Perro1,C,Nada,Si,1568645502336,1568645514290.0,C,1
56364-66850,668507302070680,hound,2,20,1,Perro4,C,A,No,1568645541868,1568645554490.0,A,1
56364-66850,668507302070680,hound,2,20,2,Perro3,C,A,Si,1568645545647,1568645558794.0,A,0
56364-66850,668507302070680,hound,2,21,1,Perro5,C,Nada,No,1568645583392,1568645593754.0,A,1
56364-66850,668507302070680,hound,2,25,1,Perro2,C,Nada,Si,1568645686458,1568645699883.0,C,1
